[2026-07-13T03:34:48.626759] _backend_init started
[2026-07-13T03:34:48.868106] _poll_chat: data=False
[2026-07-13T03:34:48.875382] _register_session: sessions/portal-45f70f22e753 ok=True
[2026-07-13T03:34:50.059481] _poll_chat: data=False
[2026-07-13T03:34:50.817997] _post_to_discord: status=204, ok=True
[2026-07-13T03:34:51.003870] _wait_for_webhook poll: data={'card_state': 'waiting', 'folder': '/home/ubuntu/repos/rift-debug', 'host': 'devin-box', 'id': 'portal-45f70f22e753', 'last_seen': '2026-07-13 03:34', 'name': 'unknown@devin-box', 'opened_at': '2026-07-13 03:34', 'orb_state': 'idle', 'portal_connected': False, 'status': 'open', 'user': 'unknown', 'version': '2.1.0'}
[2026-07-13T03:34:51.248230] _poll_chat: data=False
[2026-07-13T03:34:52.189754] _wait_for_webhook poll: data={'card_state': 'waiting', 'folder': '/home/ubuntu/repos/rift-debug', 'host': 'devin-box', 'id': 'portal-45f70f22e753', 'last_seen': '2026-07-13 03:34', 'name': 'unknown@devin-box', 'opened_at': '2026-07-13 03:34', 'orb_state': 'idle', 'portal_connected': False, 'status': 'open', 'user': 'unknown', 'version': '2.1.0'}
[2026-07-13T03:34:52.440779] _poll_chat: data=False
[2026-07-13T03:34:53.380079] _wait_for_webhook poll: data={'card_state': 'waiting', 'folder': '/home/ubuntu/repos/rift-debug', 'host': 'devin-box', 'id': 'portal-45f70f22e753', 'last_seen': '2026-07-13 03:34', 'name': 'unknown@devin-box', 'opened_at': '2026-07-13 03:34', 'orb_state': 'idle', 'portal_connected': False, 'status': 'open', 'user': 'unknown', 'version': '2.1.0'}
[2026-07-13T03:34:53.643209] _poll_chat: data=False
[2026-07-13T03:34:54.571318] _wait_for_webhook poll: data={'card_state': 'waiting', 'folder': '/home/ubuntu/repos/rift-debug', 'host': 'devin-box', 'id': 'portal-45f70f22e753', 'last_seen': '2026-07-13 03:34', 'name': 'unknown@devin-box', 'opened_at': '2026-07-13 03:34', 'orb_state': 'idle', 'portal_connected': False, 'status': 'open', 'user': 'unknown', 'version': '2.1.0'}
[2026-07-13T03:34:54.843326] _poll_chat: data=False
[2026-07-13T03:34:55.762845] _wait_for_webhook poll: data={'card_state': 'waiting', 'folder': '/home/ubuntu/repos/rift-debug', 'host': 'devin-box', 'id': 'portal-45f70f22e753', 'last_seen': '2026-07-13 03:34', 'name': 'unknown@devin-box', 'opened_at': '2026-07-13 03:34', 'orb_state': 'idle', 'portal_connected': False, 'status': 'open', 'user': 'unknown', 'version': '2.1.0'}
[2026-07-13T03:34:56.035115] _poll_chat: data=False
[2026-07-13T03:34:56.954201] _wait_for_webhook poll: data={'card_state': 'waiting', 'folder': '/home/ubuntu/repos/rift-debug', 'host': 'devin-box', 'id': 'portal-45f70f22e753', 'last_seen': '2026-07-13 03:34', 'name': 'unknown@devin-box', 'opened_at': '2026-07-13 03:34', 'orb_state': 'idle', 'portal_connected': False, 'status': 'open', 'user': 'unknown', 'version': '2.1.0'}
[2026-07-13T03:34:57.227664] _poll_chat: data=False
[2026-07-13T03:34:58.143432] _wait_for_webhook poll: data={'card_state': 'waiting', 'folder': '/home/ubuntu/repos/rift-debug', 'host': 'devin-box', 'id': 'portal-45f70f22e753', 'last_seen': '2026-07-13 03:34', 'name': 'unknown@devin-box', 'opened_at': '2026-07-13 03:34', 'orb_state': 'idle', 'portal_connected': False, 'status': 'open', 'user': 'unknown', 'version': '2.1.0'}
[2026-07-13T03:34:58.426541] _poll_chat: data=False
[2026-07-13T03:34:59.336487] _wait_for_webhook poll: data={'card_state': 'waiting', 'folder': '/home/ubuntu/repos/rift-debug', 'host': 'devin-box', 'id': 'portal-45f70f22e753', 'last_seen': '2026-07-13 03:34', 'name': 'unknown@devin-box', 'opened_at': '2026-07-13 03:34', 'orb_state': 'idle', 'portal_connected': False, 'status': 'open', 'user': 'unknown', 'version': '2.1.0'}
[2026-07-13T03:34:59.619788] _poll_chat: data=False
[2026-07-13T03:35:00.539295] _wait_for_webhook poll: data={'card_state': 'waiting', 'folder': '/home/ubuntu/repos/rift-debug', 'host': 'devin-box', 'id': 'portal-45f70f22e753', 'last_seen': '2026-07-13 03:34', 'name': 'unknown@devin-box', 'opened_at': '2026-07-13 03:34', 'orb_state': 'idle', 'portal_connected': False, 'status': 'open', 'user': 'unknown', 'version': '2.1.0'}
[2026-07-13T03:35:00.806851] _poll_chat: data=False
[2026-07-13T03:35:01.739186] _wait_for_webhook poll: data={'card_state': 'waiting', 'folder': '/home/ubuntu/repos/rift-debug', 'host': 'devin-box', 'id': 'portal-45f70f22e753', 'last_seen': '2026-07-13 03:34', 'name': 'unknown@devin-box', 'opened_at': '2026-07-13 03:34', 'orb_state': 'idle', 'portal_connected': False, 'status': 'open', 'user': 'unknown', 'version': '2.1.0'}
[2026-07-13T03:35:02.000349] _poll_chat: data=False
[2026-07-13T03:35:02.926772] _wait_for_webhook poll: data={'card_state': 'waiting', 'folder': '/home/ubuntu/repos/rift-debug', 'host': 'devin-box', 'id': 'portal-45f70f22e753', 'last_seen': '2026-07-13 03:34', 'name': 'unknown@devin-box', 'opened_at': '2026-07-13 03:34', 'orb_state': 'idle', 'portal_connected': False, 'status': 'open', 'user': 'unknown', 'version': '2.1.0'}
[2026-07-13T03:35:03.187622] _poll_chat: data=False
[2026-07-13T03:35:04.124265] _wait_for_webhook poll: data={'card_state': 'waiting', 'folder': '/home/ubuntu/repos/rift-debug', 'host': 'devin-box', 'id': 'portal-45f70f22e753', 'last_seen': '2026-07-13 03:34', 'name': 'unknown@devin-box', 'opened_at': '2026-07-13 03:34', 'orb_state': 'idle', 'portal_connected': False, 'status': 'open', 'user': 'unknown', 'version': '2.1.0'}
[2026-07-13T03:35:04.378070] _poll_chat: data=False
[2026-07-13T03:35:05.313780] _wait_for_webhook poll: data={'card_state': 'waiting', 'folder': '/home/ubuntu/repos/rift-debug', 'host': 'devin-box', 'id': 'portal-45f70f22e753', 'last_seen': '2026-07-13 03:34', 'name': 'unknown@devin-box', 'opened_at': '2026-07-13 03:34', 'orb_state': 'idle', 'portal_connected': False, 'status': 'open', 'user': 'unknown', 'version': '2.1.0'}
[2026-07-13T03:35:05.579747] _poll_chat: data=False
[2026-07-13T03:35:06.507078] _wait_for_webhook poll: data={'card_state': 'waiting', 'folder': '/home/ubuntu/repos/rift-debug', 'host': 'devin-box', 'id': 'portal-45f70f22e753', 'last_seen': '2026-07-13 03:34', 'name': 'unknown@devin-box', 'opened_at': '2026-07-13 03:34', 'orb_state': 'idle', 'portal_connected': False, 'status': 'open', 'user': 'unknown', 'version': '2.1.0'}
[2026-07-13T03:35:06.777696] _poll_chat: data=False
[2026-07-13T03:35:07.695548] _wait_for_webhook poll: data={'card_state': 'waiting', 'folder': '/home/ubuntu/repos/rift-debug', 'host': 'devin-box', 'id': 'portal-45f70f22e753', 'last_seen': '2026-07-13 03:34', 'name': 'unknown@devin-box', 'opened_at': '2026-07-13 03:34', 'orb_state': 'idle', 'portal_connected': False, 'status': 'open', 'user': 'unknown', 'version': '2.1.0'}
[2026-07-13T03:35:07.971938] _poll_chat: data=False
[2026-07-13T03:35:09.065326] _wait_for_webhook poll: data={'card_state': 'waiting', 'folder': '/home/ubuntu/repos/rift-debug', 'host': 'devin-box', 'id': 'portal-45f70f22e753', 'last_seen': '2026-07-13 03:34', 'name': 'unknown@devin-box', 'opened_at': '2026-07-13 03:34', 'orb_state': 'idle', 'portal_connected': False, 'status': 'open', 'user': 'unknown', 'version': '2.1.0'}
[2026-07-13T03:35:09.163371] _poll_chat: data=False
[2026-07-13T03:35:10.258236] _wait_for_webhook poll: data={'card_state': 'waiting', 'folder': '/home/ubuntu/repos/rift-debug', 'host': 'devin-box', 'id': 'portal-45f70f22e753', 'last_seen': '2026-07-13 03:34', 'name': 'unknown@devin-box', 'opened_at': '2026-07-13 03:34', 'orb_state': 'idle', 'portal_connected': False, 'status': 'open', 'user': 'unknown', 'version': '2.1.0'}
[2026-07-13T03:35:10.362746] _poll_chat: data=False
[2026-07-13T03:35:11.442479] _wait_for_webhook poll: data={'card_state': 'waiting', 'folder': '/home/ubuntu/repos/rift-debug', 'host': 'devin-box', 'id': 'portal-45f70f22e753', 'last_seen': '2026-07-13 03:34', 'name': 'unknown@devin-box', 'opened_at': '2026-07-13 03:34', 'orb_state': 'idle', 'portal_connected': False, 'status': 'open', 'user': 'unknown', 'version': '2.1.0'}
[2026-07-13T03:35:11.550603] _poll_chat: data=False
[2026-07-13T03:35:12.630236] _wait_for_webhook poll: data={'card_state': 'waiting', 'folder': '/home/ubuntu/repos/rift-debug', 'host': 'devin-box', 'id': 'portal-45f70f22e753', 'last_seen': '2026-07-13 03:34', 'name': 'unknown@devin-box', 'opened_at': '2026-07-13 03:34', 'orb_state': 'idle', 'portal_connected': False, 'status': 'open', 'user': 'unknown', 'version': '2.1.0'}
[2026-07-13T03:35:12.744614] _poll_chat: data=False
[2026-07-13T03:35:13.823910] _wait_for_webhook poll: data={'card_state': 'waiting', 'folder': '/home/ubuntu/repos/rift-debug', 'host': 'devin-box', 'id': 'portal-45f70f22e753', 'last_seen': '2026-07-13 03:34', 'name': 'unknown@devin-box', 'opened_at': '2026-07-13 03:34', 'orb_state': 'idle', 'portal_connected': False, 'status': 'open', 'user': 'unknown', 'version': '2.1.0'}
[2026-07-13T03:35:13.936395] _poll_chat: data=False
[2026-07-13T03:35:15.018972] _wait_for_webhook poll: data={'card_state': 'waiting', 'folder': '/home/ubuntu/repos/rift-debug', 'host': 'devin-box', 'id': 'portal-45f70f22e753', 'last_seen': '2026-07-13 03:34', 'name': 'unknown@devin-box', 'opened_at': '2026-07-13 03:34', 'orb_state': 'idle', 'portal_connected': False, 'status': 'open', 'user': 'unknown', 'version': '2.1.0'}
[2026-07-13T03:35:15.129424] _poll_chat: data=False
[2026-07-13T03:35:16.219103] _wait_for_webhook poll: data={'card_state': 'waiting', 'folder': '/home/ubuntu/repos/rift-debug', 'host': 'devin-box', 'id': 'portal-45f70f22e753', 'last_seen': '2026-07-13 03:34', 'name': 'unknown@devin-box', 'opened_at': '2026-07-13 03:34', 'orb_state': 'idle', 'portal_connected': False, 'status': 'open', 'user': 'unknown', 'version': '2.1.0'}
[2026-07-13T03:35:16.319508] _poll_chat: data=False
[2026-07-13T03:35:17.410717] _wait_for_webhook poll: data={'card_state': 'waiting', 'folder': '/home/ubuntu/repos/rift-debug', 'host': 'devin-box', 'id': 'portal-45f70f22e753', 'last_seen': '2026-07-13 03:34', 'name': 'unknown@devin-box', 'opened_at': '2026-07-13 03:34', 'orb_state': 'idle', 'portal_connected': False, 'status': 'open', 'user': 'unknown', 'version': '2.1.0'}
[2026-07-13T03:35:17.515537] _poll_chat: data=False
[2026-07-13T03:35:18.603009] _wait_for_webhook poll: data={'card_state': 'waiting', 'folder': '/home/ubuntu/repos/rift-debug', 'host': 'devin-box', 'id': 'portal-45f70f22e753', 'last_seen': '2026-07-13 03:34', 'name': 'unknown@devin-box', 'opened_at': '2026-07-13 03:34', 'orb_state': 'idle', 'portal_connected': False, 'status': 'open', 'user': 'unknown', 'version': '2.1.0'}
[2026-07-13T03:35:18.707570] _poll_chat: data=False
[2026-07-13T03:35:19.793286] _wait_for_webhook poll: data={'card_state': 'waiting', 'folder': '/home/ubuntu/repos/rift-debug', 'host': 'devin-box', 'id': 'portal-45f70f22e753', 'last_seen': '2026-07-13 03:35', 'name': 'unknown@devin-box', 'opened_at': '2026-07-13 03:34', 'orb_state': 'idle', 'portal_connected': False, 'status': 'open', 'user': 'unknown', 'version': '2.1.0'}
[2026-07-13T03:35:19.893337] _poll_chat: data=False
[2026-07-13T03:35:20.979671] _wait_for_webhook poll: data={'card_state': 'waiting', 'folder': '/home/ubuntu/repos/rift-debug', 'host': 'devin-box', 'id': 'portal-45f70f22e753', 'last_seen': '2026-07-13 03:35', 'name': 'unknown@devin-box', 'opened_at': '2026-07-13 03:34', 'orb_state': 'idle', 'portal_connected': False, 'status': 'open', 'user': 'unknown', 'version': '2.1.0'}
[2026-07-13T03:35:21.082196] _poll_chat: data=False
[2026-07-13T03:35:21.984920] _wait_for_webhook: timed out, using default webhook
[2026-07-13T03:35:21.984999] _backend_init finished
[2026-07-13T03:35:22.270628] _poll_chat: data=False
[2026-07-13T03:35:22.689382] _backend_init started
[2026-07-13T03:35:22.880308] _poll_commands: data=None, paused=False
[2026-07-13T03:35:22.880632] _register_session: sessions/portal-43aa3d9cb6e9 ok=True
[2026-07-13T03:35:22.881328] _poll_chat: data=False
[2026-07-13T03:35:23.108040] _post_to_discord: status=204, ok=True
[2026-07-13T03:35:23.290040] _wait_for_webhook poll: data={'card_state': 'waiting', 'folder': '/home/ubuntu/repos/rift-debug', 'host': 'devin-box', 'id': 'portal-43aa3d9cb6e9', 'last_seen': '2026-07-13 03:35', 'name': 'unknown@devin-box', 'opened_at': '2026-07-13 03:35', 'orb_state': 'idle', 'portal_connected': False, 'status': 'open', 'user': 'unknown', 'version': '2.1.0'}
[2026-07-13T03:35:23.459850] _poll_chat: data=False
[2026-07-13T03:35:24.076050] _poll_chat: data=False
[2026-07-13T03:35:24.480540] _wait_for_webhook poll: data={'card_state': 'waiting', 'folder': '/home/ubuntu/repos/rift-debug', 'host': 'devin-box', 'id': 'portal-43aa3d9cb6e9', 'last_seen': '2026-07-13 03:35', 'name': 'unknown@devin-box', 'opened_at': '2026-07-13 03:35', 'orb_state': 'idle', 'portal_connected': False, 'status': 'open', 'user': 'unknown', 'version': '2.1.0'}
[2026-07-13T03:35:24.652628] _poll_chat: data=False
[2026-07-13T03:35:25.075470] _poll_commands: data=None, paused=False
[2026-07-13T03:35:25.263605] _poll_chat: data=False
[2026-07-13T03:35:25.671426] _wait_for_webhook poll: data={'card_state': 'waiting', 'folder': '/home/ubuntu/repos/rift-debug', 'host': 'devin-box', 'id': 'portal-43aa3d9cb6e9', 'last_seen': '2026-07-13 03:35', 'name': 'unknown@devin-box', 'opened_at': '2026-07-13 03:35', 'orb_state': 'idle', 'portal_connected': False, 'status': 'open', 'user': 'unknown', 'version': '2.1.0'}
[2026-07-13T03:35:25.842912] _poll_chat: data=False
[2026-07-13T03:35:26.449978] _poll_chat: data=False
[2026-07-13T03:35:26.859271] _wait_for_webhook poll: data={'card_state': 'waiting', 'folder': '/home/ubuntu/repos/rift-debug', 'host': 'devin-box', 'id': 'portal-43aa3d9cb6e9', 'last_seen': '2026-07-13 03:35', 'name': 'unknown@devin-box', 'opened_at': '2026-07-13 03:35', 'orb_state': 'idle', 'portal_connected': False, 'status': 'open', 'user': 'unknown', 'version': '2.1.0'}
[2026-07-13T03:35:27.033864] _poll_chat: data=False
[2026-07-13T03:35:27.269645] _poll_commands: data=None, paused=False
[2026-07-13T03:35:27.643256] _poll_chat: data=False
[2026-07-13T03:35:28.047905] _wait_for_webhook poll: data={'card_state': 'waiting', 'folder': '/home/ubuntu/repos/rift-debug', 'host': 'devin-box', 'id': 'portal-43aa3d9cb6e9', 'last_seen': '2026-07-13 03:35', 'name': 'unknown@devin-box', 'opened_at': '2026-07-13 03:35', 'orb_state': 'idle', 'portal_connected': False, 'status': 'open', 'user': 'unknown', 'version': '2.1.0'}
[2026-07-13T03:35:28.225361] _poll_chat: data=False
[2026-07-13T03:35:28.836450] _poll_chat: data=False
[2026-07-13T03:35:29.236784] _wait_for_webhook poll: data={'card_state': 'waiting', 'folder': '/home/ubuntu/repos/rift-debug', 'host': 'devin-box', 'id': 'portal-43aa3d9cb6e9', 'last_seen': '2026-07-13 03:35', 'name': 'unknown@devin-box', 'opened_at': '2026-07-13 03:35', 'orb_state': 'idle', 'portal_connected': False, 'status': 'open', 'user': 'unknown', 'version': '2.1.0'}
[2026-07-13T03:35:29.417843] _poll_chat: data=False
[2026-07-13T03:35:29.465742] _poll_commands: data=None, paused=False
[2026-07-13T03:35:30.028183] _poll_chat: data=False
[2026-07-13T03:35:30.427187] _wait_for_webhook poll: data={'card_state': 'waiting', 'folder': '/home/ubuntu/repos/rift-debug', 'host': 'devin-box', 'id': 'portal-43aa3d9cb6e9', 'last_seen': '2026-07-13 03:35', 'name': 'unknown@devin-box', 'opened_at': '2026-07-13 03:35', 'orb_state': 'idle', 'portal_connected': False, 'status': 'open', 'user': 'unknown', 'version': '2.1.0'}
[2026-07-13T03:35:30.611724] _poll_chat: data=False
[2026-07-13T03:35:31.803833] _poll_chat: data=False
[2026-07-13T03:35:34.880405] _backend_init started
[2026-07-13T03:35:35.072924] _poll_commands: data=None, paused=False
[2026-07-13T03:35:35.076912] _poll_chat: data=False
[2026-07-13T03:35:35.078564] _register_session: sessions/portal-2143e553ba23 ok=True
[2026-07-13T03:35:35.281849] _post_to_discord: status=204, ok=True
[2026-07-13T03:35:35.468949] _wait_for_webhook poll: data={'card_state': 'waiting', 'folder': '/home/ubuntu/repos/rift-debug', 'host': 'devin-box', 'id': 'portal-2143e553ba23', 'last_seen': '2026-07-13 03:35', 'name': 'unknown@devin-box', 'opened_at': '2026-07-13 03:35', 'orb_state': 'idle', 'portal_connected': False, 'status': 'open', 'user': 'unknown', 'version': '2.1.0'}
[2026-07-13T03:35:36.269433] _poll_chat: data=False
[2026-07-13T03:35:36.660476] _wait_for_webhook poll: data={'card_state': 'waiting', 'folder': '/home/ubuntu/repos/rift-debug', 'host': 'devin-box', 'id': 'portal-2143e553ba23', 'last_seen': '2026-07-13 03:35', 'name': 'unknown@devin-box', 'opened_at': '2026-07-13 03:35', 'orb_state': 'idle', 'portal_connected': False, 'status': 'open', 'user': 'unknown', 'version': '2.1.0'}
[2026-07-13T03:35:37.272626] _poll_commands: data=None, paused=False
[2026-07-13T03:35:37.461067] _poll_chat: data=False
[2026-07-13T03:35:37.852386] _wait_for_webhook poll: data={'card_state': 'waiting', 'folder': '/home/ubuntu/repos/rift-debug', 'host': 'devin-box', 'id': 'portal-2143e553ba23', 'last_seen': '2026-07-13 03:35', 'name': 'unknown@devin-box', 'opened_at': '2026-07-13 03:35', 'orb_state': 'idle', 'portal_connected': False, 'status': 'open', 'user': 'unknown', 'version': '2.1.0'}
[2026-07-13T03:35:38.652268] _poll_chat: data=False
[2026-07-13T03:35:39.047555] _wait_for_webhook poll: data={'card_state': 'waiting', 'folder': '/home/ubuntu/repos/rift-debug', 'host': 'devin-box', 'id': 'portal-2143e553ba23', 'last_seen': '2026-07-13 03:35', 'name': 'unknown@devin-box', 'opened_at': '2026-07-13 03:35', 'orb_state': 'idle', 'portal_connected': False, 'status': 'open', 'user': 'unknown', 'version': '2.1.0'}
[2026-07-13T03:35:39.470790] _poll_commands: data=None, paused=False
[2026-07-13T03:35:39.845726] _poll_chat: data=False
[2026-07-13T03:35:40.235658] _wait_for_webhook poll: data={'card_state': 'waiting', 'folder': '/home/ubuntu/repos/rift-debug', 'host': 'devin-box', 'id': 'portal-2143e553ba23', 'last_seen': '2026-07-13 03:35', 'name': 'unknown@devin-box', 'opened_at': '2026-07-13 03:35', 'orb_state': 'idle', 'portal_connected': False, 'status': 'open', 'user': 'unknown', 'version': '2.1.0'}
[2026-07-13T03:35:41.036542] _poll_chat: data=False
[2026-07-13T03:35:41.428550] _wait_for_webhook poll: data={'card_state': 'waiting', 'folder': '/home/ubuntu/repos/rift-debug', 'host': 'devin-box', 'id': 'portal-2143e553ba23', 'last_seen': '2026-07-13 03:35', 'name': 'unknown@devin-box', 'opened_at': '2026-07-13 03:35', 'orb_state': 'idle', 'portal_connected': False, 'status': 'open', 'user': 'unknown', 'version': '2.1.0'}
[2026-07-13T03:35:41.674431] _poll_commands: data=None, paused=False
[2026-07-13T03:35:42.227492] _poll_chat: data=False
[2026-07-13T03:35:42.618638] _wait_for_webhook poll: data={'card_state': 'waiting', 'folder': '/home/ubuntu/repos/rift-debug', 'host': 'devin-box', 'id': 'portal-2143e553ba23', 'last_seen': '2026-07-13 03:35', 'name': 'unknown@devin-box', 'opened_at': '2026-07-13 03:35', 'orb_state': 'idle', 'portal_connected': False, 'status': 'open', 'user': 'unknown', 'version': '2.1.0'}
[2026-07-13T03:35:43.420537] _poll_chat: data=False
[2026-07-13T03:35:43.810025] _wait_for_webhook poll: data={'card_state': 'waiting', 'folder': '/home/ubuntu/repos/rift-debug', 'host': 'devin-box', 'id': 'portal-2143e553ba23', 'last_seen': '2026-07-13 03:35', 'name': 'unknown@devin-box', 'opened_at': '2026-07-13 03:35', 'orb_state': 'idle', 'portal_connected': False, 'status': 'open', 'user': 'unknown', 'version': '2.1.0'}
[2026-07-13T03:35:43.868756] _poll_commands: data=None, paused=False
[2026-07-13T03:35:44.614935] _poll_chat: data=False
[2026-07-13T03:35:45.004002] _wait_for_webhook poll: data={'card_state': 'waiting', 'folder': '/home/ubuntu/repos/rift-debug', 'host': 'devin-box', 'id': 'portal-2143e553ba23', 'last_seen': '2026-07-13 03:35', 'name': 'unknown@devin-box', 'opened_at': '2026-07-13 03:35', 'orb_state': 'idle', 'portal_connected': False, 'status': 'open', 'user': 'unknown', 'version': '2.1.0'}
[2026-07-13T03:35:45.807655] _poll_chat: data=False
[2026-07-13T03:35:46.065080] _poll_commands: data=None, paused=False
[2026-07-13T03:35:46.192686] _wait_for_webhook poll: data={'card_state': 'waiting', 'folder': '/home/ubuntu/repos/rift-debug', 'host': 'devin-box', 'id': 'portal-2143e553ba23', 'last_seen': '2026-07-13 03:35', 'name': 'unknown@devin-box', 'opened_at': '2026-07-13 03:35', 'orb_state': 'idle', 'portal_connected': False, 'status': 'open', 'user': 'unknown', 'version': '2.1.0'}
[2026-07-13T03:35:46.998409] _poll_chat: data=False
[2026-07-13T03:35:47.388313] _wait_for_webhook poll: data={'card_state': 'waiting', 'folder': '/home/ubuntu/repos/rift-debug', 'host': 'devin-box', 'id': 'portal-2143e553ba23', 'last_seen': '2026-07-13 03:35', 'name': 'unknown@devin-box', 'opened_at': '2026-07-13 03:35', 'orb_state': 'idle', 'portal_connected': False, 'status': 'open', 'user': 'unknown', 'version': '2.1.0'}
[2026-07-13T03:35:48.189092] _poll_chat: data=False
[2026-07-13T03:35:48.269011] _poll_commands: data=None, paused=False
[2026-07-13T03:35:48.579293] _wait_for_webhook poll: data={'card_state': 'waiting', 'folder': '/home/ubuntu/repos/rift-debug', 'host': 'devin-box', 'id': 'portal-2143e553ba23', 'last_seen': '2026-07-13 03:35', 'name': 'unknown@devin-box', 'opened_at': '2026-07-13 03:35', 'orb_state': 'idle', 'portal_connected': False, 'status': 'open', 'user': 'unknown', 'version': '2.1.0'}
[2026-07-13T03:35:49.382044] _poll_chat: data=False
[2026-07-13T03:35:49.773206] _wait_for_webhook poll: data={'card_state': 'waiting', 'folder': '/home/ubuntu/repos/rift-debug', 'host': 'devin-box', 'id': 'portal-2143e553ba23', 'last_seen': '2026-07-13 03:35', 'name': 'unknown@devin-box', 'opened_at': '2026-07-13 03:35', 'orb_state': 'idle', 'portal_connected': False, 'status': 'open', 'user': 'unknown', 'version': '2.1.0'}
[2026-07-13T03:35:50.460202] _poll_commands: data=None, paused=False
[2026-07-13T03:35:50.575152] _poll_chat: data=False
[2026-07-13T03:35:50.962627] _wait_for_webhook poll: data={'card_state': 'waiting', 'folder': '/home/ubuntu/repos/rift-debug', 'host': 'devin-box', 'id': 'portal-2143e553ba23', 'last_seen': '2026-07-13 03:35', 'name': 'unknown@devin-box', 'opened_at': '2026-07-13 03:35', 'orb_state': 'idle', 'portal_connected': False, 'status': 'open', 'user': 'unknown', 'version': '2.1.0'}
[2026-07-13T03:35:51.774318] _poll_chat: data=False
[2026-07-13T03:35:52.157060] _wait_for_webhook poll: data={'card_state': 'waiting', 'folder': '/home/ubuntu/repos/rift-debug', 'host': 'devin-box', 'id': 'portal-2143e553ba23', 'last_seen': '2026-07-13 03:35', 'name': 'unknown@devin-box', 'opened_at': '2026-07-13 03:35', 'orb_state': 'idle', 'portal_connected': False, 'status': 'open', 'user': 'unknown', 'version': '2.1.0'}
[2026-07-13T03:35:52.652231] _poll_commands: data=None, paused=False
[2026-07-13T03:35:52.971870] _poll_chat: data=False
[2026-07-13T03:35:53.344452] _wait_for_webhook poll: data={'card_state': 'waiting', 'folder': '/home/ubuntu/repos/rift-debug', 'host': 'devin-box', 'id': 'portal-2143e553ba23', 'last_seen': '2026-07-13 03:35', 'name': 'unknown@devin-box', 'opened_at': '2026-07-13 03:35', 'orb_state': 'idle', 'portal_connected': False, 'status': 'open', 'user': 'unknown', 'version': '2.1.0'}
[2026-07-13T03:35:54.171052] _poll_chat: data=False
[2026-07-13T03:35:54.542820] _wait_for_webhook poll: data={'card_state': 'waiting', 'folder': '/home/ubuntu/repos/rift-debug', 'host': 'devin-box', 'id': 'portal-2143e553ba23', 'last_seen': '2026-07-13 03:35', 'name': 'unknown@devin-box', 'opened_at': '2026-07-13 03:35', 'orb_state': 'idle', 'portal_connected': False, 'status': 'open', 'user': 'unknown', 'version': '2.1.0'}
[2026-07-13T03:35:54.845671] _poll_commands: data=None, paused=False
[2026-07-13T03:35:55.362546] _poll_chat: data=False
[2026-07-13T03:35:55.731686] _wait_for_webhook poll: data={'card_state': 'waiting', 'folder': '/home/ubuntu/repos/rift-debug', 'host': 'devin-box', 'id': 'portal-2143e553ba23', 'last_seen': '2026-07-13 03:35', 'name': 'unknown@devin-box', 'opened_at': '2026-07-13 03:35', 'orb_state': 'idle', 'portal_connected': False, 'status': 'open', 'user': 'unknown', 'version': '2.1.0'}
[2026-07-13T03:35:56.551845] _poll_chat: data=False
[2026-07-13T03:35:56.920417] _wait_for_webhook poll: data={'card_state': 'waiting', 'folder': '/home/ubuntu/repos/rift-debug', 'host': 'devin-box', 'id': 'portal-2143e553ba23', 'last_seen': '2026-07-13 03:35', 'name': 'unknown@devin-box', 'opened_at': '2026-07-13 03:35', 'orb_state': 'idle', 'portal_connected': False, 'status': 'open', 'user': 'unknown', 'version': '2.1.0'}
[2026-07-13T03:35:57.039165] _poll_commands: data=None, paused=False
[2026-07-13T03:35:57.739780] _poll_chat: data=False
[2026-07-13T03:35:58.108602] _wait_for_webhook poll: data={'card_state': 'waiting', 'folder': '/home/ubuntu/repos/rift-debug', 'host': 'devin-box', 'id': 'portal-2143e553ba23', 'last_seen': '2026-07-13 03:35', 'name': 'unknown@devin-box', 'opened_at': '2026-07-13 03:35', 'orb_state': 'idle', 'portal_connected': False, 'status': 'open', 'user': 'unknown', 'version': '2.1.0'}
[2026-07-13T03:35:58.930183] _poll_chat: data=False
[2026-07-13T03:35:59.235001] _poll_commands: data=None, paused=False
[2026-07-13T03:35:59.301128] _wait_for_webhook poll: data={'card_state': 'waiting', 'folder': '/home/ubuntu/repos/rift-debug', 'host': 'devin-box', 'id': 'portal-2143e553ba23', 'last_seen': '2026-07-13 03:35', 'name': 'unknown@devin-box', 'opened_at': '2026-07-13 03:35', 'orb_state': 'idle', 'portal_connected': False, 'status': 'open', 'user': 'unknown', 'version': '2.1.0'}
[2026-07-13T03:36:00.123706] _poll_chat: data=False
[2026-07-13T03:36:00.487902] _wait_for_webhook poll: data={'card_state': 'waiting', 'folder': '/home/ubuntu/repos/rift-debug', 'host': 'devin-box', 'id': 'portal-2143e553ba23', 'last_seen': '2026-07-13 03:35', 'name': 'unknown@devin-box', 'opened_at': '2026-07-13 03:35', 'orb_state': 'idle', 'portal_connected': False, 'status': 'open', 'user': 'unknown', 'version': '2.1.0'}
[2026-07-13T03:36:01.314059] _poll_chat: data=False
[2026-07-13T03:36:01.430815] _poll_commands: data=None, paused=False
[2026-07-13T03:36:02.076328] _wait_for_webhook poll: data={'card_state': 'waiting', 'folder': '/home/ubuntu/repos/rift-debug', 'host': 'devin-box', 'id': 'portal-2143e553ba23', 'last_seen': '2026-07-13 03:35', 'name': 'unknown@devin-box', 'opened_at': '2026-07-13 03:35', 'orb_state': 'idle', 'portal_connected': False, 'status': 'open', 'user': 'unknown', 'version': '2.1.0'}
[2026-07-13T03:36:02.500203] _poll_chat: data=False
[2026-07-13T03:36:03.268561] _wait_for_webhook poll: data={'card_state': 'waiting', 'folder': '/home/ubuntu/repos/rift-debug', 'host': 'devin-box', 'id': 'portal-2143e553ba23', 'last_seen': '2026-07-13 03:35', 'name': 'unknown@devin-box', 'opened_at': '2026-07-13 03:35', 'orb_state': 'idle', 'portal_connected': False, 'status': 'open', 'user': 'unknown', 'version': '2.1.0'}
[2026-07-13T03:36:03.629026] _poll_commands: data=None, paused=False
[2026-07-13T03:36:03.691948] _poll_chat: data=False
[2026-07-13T03:36:04.463163] _wait_for_webhook poll: data={'card_state': 'waiting', 'folder': '/home/ubuntu/repos/rift-debug', 'host': 'devin-box', 'id': 'portal-2143e553ba23', 'last_seen': '2026-07-13 03:35', 'name': 'unknown@devin-box', 'opened_at': '2026-07-13 03:35', 'orb_state': 'idle', 'portal_connected': False, 'status': 'open', 'user': 'unknown', 'version': '2.1.0'}
[2026-07-13T03:36:04.892521] _poll_chat: data=False
[2026-07-13T03:36:05.468379] _wait_for_webhook: timed out, using default webhook
[2026-07-13T03:36:05.468453] _backend_init finished
[2026-07-13T03:36:05.822599] _poll_commands: data=None, paused=False
[2026-07-13T03:36:06.079448] _poll_chat: data=False
[2026-07-13T03:36:07.275257] _poll_chat: data=False
[2026-07-13T03:36:08.020207] _poll_commands: data=None, paused=False
[2026-07-13T03:36:08.476943] _poll_chat: data=False
[2026-07-13T03:36:09.662086] _poll_chat: data=False
[2026-07-13T03:36:10.221296] _poll_commands: data=None, paused=False
[2026-07-13T03:36:10.852685] _poll_chat: data=False
[2026-07-13T03:36:12.046727] _poll_chat: data=False
[2026-07-13T03:36:12.416997] _poll_commands: data=None, paused=False
[2026-07-13T03:36:13.245316] _poll_chat: data=False
[2026-07-13T03:36:14.434568] _poll_chat: data=False
[2026-07-13T03:36:14.610201] _poll_commands: data=None, paused=False
[2026-07-13T03:36:15.617602] _poll_chat: data=False
[2026-07-13T03:36:16.806551] _poll_commands: data=None, paused=False
[2026-07-13T03:36:16.807845] _poll_chat: data=False
[2026-07-13T03:36:17.996800] _poll_chat: data=False
[2026-07-13T03:36:19.006211] _poll_commands: data=None, paused=False
[2026-07-13T03:36:19.184598] _poll_chat: data=False
[2026-07-13T03:36:20.373645] _poll_chat: data=False
[2026-07-13T03:36:21.200228] _poll_commands: data=None, paused=False
[2026-07-13T03:36:21.567887] _poll_chat: data=False
[2026-07-13T03:36:22.762520] _poll_chat: data=False
[2026-07-13T03:36:23.394664] _poll_commands: data=None, paused=False
[2026-07-13T03:36:23.948314] _poll_chat: data=False
[2026-07-13T03:36:25.138542] _poll_chat: data=False
[2026-07-13T03:36:25.586104] _poll_commands: data=None, paused=False
[2026-07-13T03:36:26.326605] _poll_chat: data=False
[2026-07-13T03:36:27.515246] _poll_chat: data=False
[2026-07-13T03:36:27.784664] _poll_commands: data=None, paused=False
[2026-07-13T03:36:28.708438] _poll_chat: data=False
[2026-07-13T03:36:29.903336] _poll_chat: data=False
[2026-07-13T03:36:29.975058] _poll_commands: data=None, paused=False
[2026-07-13T03:36:31.092615] _poll_chat: data=False
[2026-07-13T03:36:32.171634] _poll_commands: data=None, paused=False
[2026-07-13T03:36:32.274250] _poll_chat: data=False
[2026-07-13T03:36:33.465986] _poll_chat: data=False
[2026-07-13T03:36:34.370541] _poll_commands: data=None, paused=False
[2026-07-13T03:36:34.651378] _poll_chat: data=False
[2026-07-13T03:36:35.839696] _poll_chat: data=False
[2026-07-13T03:36:36.564580] _poll_commands: data=None, paused=False
[2026-07-13T03:36:37.027615] _poll_chat: data=False
[2026-07-13T03:36:38.209282] _poll_chat: data=False
[2026-07-13T03:36:38.762869] _poll_commands: data=None, paused=False
[2026-07-13T03:36:39.396690] _poll_chat: data=False
[2026-07-13T03:36:40.584676] _poll_chat: data=False
[2026-07-13T03:36:40.956686] _poll_commands: data=None, paused=False
[2026-07-13T03:36:41.772087] _poll_chat: data=False
[2026-07-13T03:36:42.965401] _poll_chat: data=False
[2026-07-13T03:36:43.142740] _poll_commands: data={'vision-test': {'command': '.vision', 'id': 'vision-test', 'timestamp': '2026-07-13T03:40:00', 'type': 'rift_command'}}, paused=False
[2026-07-13T03:36:43.142899] _poll_commands: new cmd id=vision-test type=rift_command
[2026-07-13T03:36:43.143169] _on_new_command: id=vision-test type=rift_command
[2026-07-13T03:36:43.143442] _on_new_command: ok=True, result=Vision active
[2026-07-13T03:36:44.164920] _poll_chat: data=False
[2026-07-13T03:36:45.336230] _poll_commands: data={'vision-test': {'command': '.vision', 'id': 'vision-test', 'timestamp': '2026-07-13T03:40:00', 'type': 'rift_command'}}, paused=False
[2026-07-13T03:36:45.351986] _poll_chat: data=False
[2026-07-13T03:36:46.540356] _poll_chat: data=False
[2026-07-13T03:36:47.527000] _poll_commands: data={'vision-test': {'command': '.vision', 'id': 'vision-test', 'timestamp': '2026-07-13T03:40:00', 'type': 'rift_command'}}, paused=False
[2026-07-13T03:36:47.732407] _poll_chat: data=False
[2026-07-13T03:36:48.919466] _poll_chat: data=False
[2026-07-13T03:36:49.718687] _poll_commands: data={'vision-test': {'command': '.vision', 'id': 'vision-test', 'timestamp': '2026-07-13T03:40:00', 'type': 'rift_command'}}, paused=False
[2026-07-13T03:36:50.108177] _poll_chat: data=False
[2026-07-13T03:36:51.299730] _poll_chat: data=False
[2026-07-13T03:36:51.915922] _poll_commands: data={'vision-test': {'command': '.vision', 'id': 'vision-test', 'timestamp': '2026-07-13T03:40:00', 'type': 'rift_command'}}, paused=False
[2026-07-13T03:36:52.488515] _poll_chat: data=False
[2026-07-13T03:36:53.750849] _poll_chat: data=False
[2026-07-13T03:36:54.109331] _poll_commands: data={'vision-test': {'command': '.vision', 'id': 'vision-test', 'timestamp': '2026-07-13T03:40:00', 'type': 'rift_command'}}, paused=False
[2026-07-13T03:36:54.933941] _poll_chat: data=False
[2026-07-13T03:36:56.124826] _poll_chat: data=False
[2026-07-13T03:36:56.296426] _poll_commands: data={'vision-test': {'command': '.vision', 'id': 'vision-test', 'timestamp': '2026-07-13T03:40:00', 'type': 'rift_command'}}, paused=False
[2026-07-13T03:36:57.315495] _poll_chat: data=False
[2026-07-13T03:36:58.485564] _poll_commands: data={'vision-test': {'command': '.vision', 'id': 'vision-test', 'timestamp': '2026-07-13T03:40:00', 'type': 'rift_command'}}, paused=False
[2026-07-13T03:36:58.507171] _poll_chat: data=False
[2026-07-13T03:36:59.699388] _poll_chat: data=False
[2026-07-13T03:37:00.683748] _poll_commands: data={'vision-test': {'command': '.vision', 'id': 'vision-test', 'timestamp': '2026-07-13T03:40:00', 'type': 'rift_command'}}, paused=False
[2026-07-13T03:37:00.889275] _poll_chat: data=False
[2026-07-13T03:37:02.078496] _poll_chat: data=False
[2026-07-13T03:37:02.874179] _poll_commands: data={'vision-test': {'command': '.vision', 'id': 'vision-test', 'timestamp': '2026-07-13T03:40:00', 'type': 'rift_command'}}, paused=False
[2026-07-13T03:37:03.266855] _poll_chat: data=False
[2026-07-13T03:37:04.458580] _poll_chat: data=False
[2026-07-13T03:37:05.066862] _poll_commands: data={'vision-test': {'command': '.vision', 'id': 'vision-test', 'timestamp': '2026-07-13T03:40:00', 'type': 'rift_command'}}, paused=False
[2026-07-13T03:37:05.645662] _poll_chat: data=False
[2026-07-13T03:37:06.833580] _poll_chat: data=False
[2026-07-13T03:37:07.257721] _poll_commands: data={'vision-test': {'command': '.vision', 'id': 'vision-test', 'timestamp': '2026-07-13T03:40:00', 'type': 'rift_command'}}, paused=False
[2026-07-13T03:37:08.020325] _poll_chat: data=False
[2026-07-13T03:37:09.207347] _poll_chat: data=False
[2026-07-13T03:37:09.449166] _poll_commands: data={'vision-test': {'command': '.vision', 'id': 'vision-test', 'timestamp': '2026-07-13T03:40:00', 'type': 'rift_command'}}, paused=False
[2026-07-13T03:37:10.394714] _poll_chat: data=False
[2026-07-13T03:37:11.579069] _poll_chat: data=False
[2026-07-13T03:37:11.643158] _poll_commands: data={'vision-test': {'command': '.vision', 'id': 'vision-test', 'timestamp': '2026-07-13T03:40:00', 'type': 'rift_command'}}, paused=False
[2026-07-13T03:37:12.769504] _poll_chat: data=False
[2026-07-13T03:37:13.838929] _poll_commands: data={'vision-test': {'command': '.vision', 'id': 'vision-test', 'timestamp': '2026-07-13T03:40:00', 'type': 'rift_command'}}, paused=False
[2026-07-13T03:37:13.957813] _poll_chat: data=False
[2026-07-13T03:37:15.147509] _poll_chat: data=False
[2026-07-13T03:37:16.036372] _poll_commands: data={'vision-test': {'command': '.vision', 'id': 'vision-test', 'timestamp': '2026-07-13T03:40:00', 'type': 'rift_command'}}, paused=False
[2026-07-13T03:37:16.339089] _poll_chat: data=False
[2026-07-13T03:37:17.523779] _poll_chat: data=False
[2026-07-13T03:37:18.221775] _poll_commands: data={'vision-test': {'command': '.vision', 'id': 'vision-test', 'timestamp': '2026-07-13T03:40:00', 'type': 'rift_command'}}, paused=False
[2026-07-13T03:37:18.712577] _poll_chat: data=False
[2026-07-13T03:37:19.900659] _poll_chat: data=False
[2026-07-13T03:37:20.410585] _poll_commands: data={'vision-test': {'command': '.vision', 'id': 'vision-test', 'timestamp': '2026-07-13T03:40:00', 'type': 'rift_command'}}, paused=False
[2026-07-13T03:37:21.088986] _poll_chat: data=False
[2026-07-13T03:37:22.282790] _poll_chat: data=False
[2026-07-13T03:37:22.612469] _poll_commands: data={'vision-test': {'command': '.vision', 'id': 'vision-test', 'timestamp': '2026-07-13T03:40:00', 'type': 'rift_command'}}, paused=False
[2026-07-13T03:37:23.467363] _poll_chat: data=False
[2026-07-13T03:37:24.659008] _poll_chat: data=False
[2026-07-13T03:37:24.810480] _poll_commands: data={'vision-test': {'command': '.vision', 'id': 'vision-test', 'timestamp': '2026-07-13T03:40:00', 'type': 'rift_command'}}, paused=False
[2026-07-13T03:37:25.846343] _poll_chat: data=False
[2026-07-13T03:37:26.996473] _poll_commands: data={'vision-test': {'command': '.vision', 'id': 'vision-test', 'timestamp': '2026-07-13T03:40:00', 'type': 'rift_command'}}, paused=False
[2026-07-13T03:37:27.039102] _poll_chat: data=False
[2026-07-13T03:37:28.228258] _poll_chat: data=False
[2026-07-13T03:37:29.202495] _poll_commands: data={'vision-test': {'command': '.vision', 'id': 'vision-test', 'timestamp': '2026-07-13T03:40:00', 'type': 'rift_command'}}, paused=False
[2026-07-13T03:37:29.414562] _poll_chat: data=False
[2026-07-13T03:37:30.605103] _poll_chat: data=False
[2026-07-13T03:37:31.395648] _poll_commands: data={'vision-test': {'command': '.vision', 'id': 'vision-test', 'timestamp': '2026-07-13T03:40:00', 'type': 'rift_command'}}, paused=False
[2026-07-13T03:37:31.790093] _poll_chat: data=False
[2026-07-13T03:37:32.983358] _poll_chat: data=False
[2026-07-13T03:37:33.588245] _poll_commands: data={'vision-test': {'command': '.vision', 'id': 'vision-test', 'timestamp': '2026-07-13T03:40:00', 'type': 'rift_command'}}, paused=False
[2026-07-13T03:37:34.168586] _poll_chat: data=False
[2026-07-13T03:37:35.353468] _poll_chat: data=False
[2026-07-13T03:37:35.785984] _poll_commands: data={'vision-test': {'command': '.vision', 'id': 'vision-test', 'timestamp': '2026-07-13T03:40:00', 'type': 'rift_command'}}, paused=False
[2026-07-13T03:37:36.540424] _poll_chat: data=False
[2026-07-13T03:37:37.735542] _poll_chat: data=False
[2026-07-13T03:37:37.976763] _poll_commands: data={'vision-test': {'command': '.vision', 'id': 'vision-test', 'timestamp': '2026-07-13T03:40:00', 'type': 'rift_command'}}, paused=False
[2026-07-13T03:37:38.929837] _poll_chat: data=False
[2026-07-13T03:37:40.117467] _poll_chat: data=False
[2026-07-13T03:37:40.177834] _poll_commands: data={'vision-test': {'command': '.vision', 'id': 'vision-test', 'timestamp': '2026-07-13T03:40:00', 'type': 'rift_command'}}, paused=False
[2026-07-13T03:37:41.302368] _poll_chat: data=False
[2026-07-13T03:37:42.373024] _poll_commands: data={'vision-test': {'command': '.vision', 'id': 'vision-test', 'timestamp': '2026-07-13T03:40:00', 'type': 'rift_command'}}, paused=False
[2026-07-13T03:37:42.488898] _poll_chat: data=False
[2026-07-13T03:37:43.682696] _poll_chat: data=False
[2026-07-13T03:37:44.566192] _poll_commands: data={'vision-test': {'command': '.vision', 'id': 'vision-test', 'timestamp': '2026-07-13T03:40:00', 'type': 'rift_command'}}, paused=False
[2026-07-13T03:37:44.869044] _poll_chat: data=False
[2026-07-13T03:37:46.057604] _poll_chat: data=False
[2026-07-13T03:37:46.762451] _poll_commands: data={'vision-test': {'command': '.vision', 'id': 'vision-test', 'timestamp': '2026-07-13T03:40:00', 'type': 'rift_command'}}, paused=False
[2026-07-13T03:37:47.247387] _poll_chat: data=False
[2026-07-13T03:37:48.440342] _poll_chat: data=False
[2026-07-13T03:37:48.955301] _poll_commands: data={'vision-test': {'command': '.vision', 'id': 'vision-test', 'timestamp': '2026-07-13T03:40:00', 'type': 'rift_command'}}, paused=False
[2026-07-13T03:37:49.633361] _poll_chat: data=False
[2026-07-13T03:37:50.819943] _poll_chat: data=False
[2026-07-13T03:37:51.143237] _poll_commands: data={'vision-test': {'command': '.vision', 'id': 'vision-test', 'timestamp': '2026-07-13T03:40:00', 'type': 'rift_command'}}, paused=False
[2026-07-13T03:37:52.009607] _poll_chat: data=False
[2026-07-13T03:37:53.195419] _poll_chat: data=False
[2026-07-13T03:37:53.345888] _poll_commands: data={'vision-test': {'command': '.vision', 'id': 'vision-test', 'timestamp': '2026-07-13T03:40:00', 'type': 'rift_command'}}, paused=False
[2026-07-13T03:37:54.384195] _poll_chat: data=False
[2026-07-13T03:37:55.535522] _poll_commands: data={'vision-test': {'command': '.vision', 'id': 'vision-test', 'timestamp': '2026-07-13T03:40:00', 'type': 'rift_command'}}, paused=False
[2026-07-13T03:37:55.572807] _poll_chat: data=False
[2026-07-13T03:37:56.762617] _poll_chat: data=False
[2026-07-13T03:38:00.402099] _backend_init started
[2026-07-13T03:38:00.588727] _poll_chat: data=False
[2026-07-13T03:38:00.597191] _register_session: sessions/portal-3b465092be8b ok=True
[2026-07-13T03:38:00.939978] _post_to_discord: status=204, ok=True
[2026-07-13T03:38:01.124915] _wait_for_webhook poll: data={'card_state': 'waiting', 'folder': '/home/ubuntu/repos/rift-debug', 'host': 'devin-box', 'id': 'portal-3b465092be8b', 'last_seen': '2026-07-13 03:38', 'name': 'unknown@devin-box', 'opened_at': '2026-07-13 03:38', 'orb_state': 'idle', 'portal_connected': False, 'status': 'open', 'user': 'unknown', 'version': '2.1.0'}
[2026-07-13T03:38:01.781488] _poll_chat: data=False
[2026-07-13T03:38:02.315167] _wait_for_webhook poll: data={'card_state': 'waiting', 'folder': '/home/ubuntu/repos/rift-debug', 'host': 'devin-box', 'id': 'portal-3b465092be8b', 'last_seen': '2026-07-13 03:38', 'name': 'unknown@devin-box', 'opened_at': '2026-07-13 03:38', 'orb_state': 'idle', 'portal_connected': False, 'status': 'open', 'user': 'unknown', 'version': '2.1.0'}
[2026-07-13T03:38:02.972096] _poll_chat: data=False
[2026-07-13T03:38:03.503413] _wait_for_webhook poll: data={'card_state': 'waiting', 'folder': '/home/ubuntu/repos/rift-debug', 'host': 'devin-box', 'id': 'portal-3b465092be8b', 'last_seen': '2026-07-13 03:38', 'name': 'unknown@devin-box', 'opened_at': '2026-07-13 03:38', 'orb_state': 'idle', 'portal_connected': False, 'status': 'open', 'user': 'unknown', 'version': '2.1.0'}
[2026-07-13T03:38:04.157986] _poll_chat: data=False
[2026-07-13T03:38:04.698409] _wait_for_webhook poll: data={'card_state': 'waiting', 'folder': '/home/ubuntu/repos/rift-debug', 'host': 'devin-box', 'id': 'portal-3b465092be8b', 'last_seen': '2026-07-13 03:38', 'name': 'unknown@devin-box', 'opened_at': '2026-07-13 03:38', 'orb_state': 'idle', 'portal_connected': False, 'status': 'open', 'user': 'unknown', 'version': '2.1.0'}
[2026-07-13T03:38:05.347792] _poll_chat: data=False
[2026-07-13T03:38:05.884111] _wait_for_webhook poll: data={'card_state': 'waiting', 'folder': '/home/ubuntu/repos/rift-debug', 'host': 'devin-box', 'id': 'portal-3b465092be8b', 'last_seen': '2026-07-13 03:38', 'name': 'unknown@devin-box', 'opened_at': '2026-07-13 03:38', 'orb_state': 'idle', 'portal_connected': False, 'status': 'open', 'user': 'unknown', 'version': '2.1.0'}
[2026-07-13T03:38:06.537229] _poll_chat: data=False
[2026-07-13T03:38:07.073481] _wait_for_webhook poll: data={'card_state': 'waiting', 'folder': '/home/ubuntu/repos/rift-debug', 'host': 'devin-box', 'id': 'portal-3b465092be8b', 'last_seen': '2026-07-13 03:38', 'name': 'unknown@devin-box', 'opened_at': '2026-07-13 03:38', 'orb_state': 'idle', 'portal_connected': False, 'status': 'open', 'user': 'unknown', 'version': '2.1.0'}
[2026-07-13T03:38:07.727693] _poll_chat: data=False
[2026-07-13T03:38:08.261169] _wait_for_webhook poll: data={'card_state': 'waiting', 'folder': '/home/ubuntu/repos/rift-debug', 'host': 'devin-box', 'id': 'portal-3b465092be8b', 'last_seen': '2026-07-13 03:38', 'name': 'unknown@devin-box', 'opened_at': '2026-07-13 03:38', 'orb_state': 'idle', 'portal_connected': False, 'status': 'open', 'user': 'unknown', 'version': '2.1.0'}
[2026-07-13T03:38:08.917979] _poll_chat: data=False
[2026-07-13T03:38:09.453010] _wait_for_webhook poll: data={'card_state': 'waiting', 'folder': '/home/ubuntu/repos/rift-debug', 'host': 'devin-box', 'id': 'portal-3b465092be8b', 'last_seen': '2026-07-13 03:38', 'name': 'unknown@devin-box', 'opened_at': '2026-07-13 03:38', 'orb_state': 'idle', 'portal_connected': False, 'status': 'open', 'user': 'unknown', 'version': '2.1.0'}
[2026-07-13T03:38:10.109095] _poll_chat: data=False
[2026-07-13T03:38:10.642872] _wait_for_webhook poll: data={'card_state': 'waiting', 'folder': '/home/ubuntu/repos/rift-debug', 'host': 'devin-box', 'id': 'portal-3b465092be8b', 'last_seen': '2026-07-13 03:38', 'name': 'unknown@devin-box', 'opened_at': '2026-07-13 03:38', 'orb_state': 'idle', 'portal_connected': False, 'status': 'open', 'user': 'unknown', 'version': '2.1.0'}
[2026-07-13T03:38:11.307747] _poll_chat: data=False
[2026-07-13T03:38:11.833246] _wait_for_webhook poll: data={'card_state': 'waiting', 'folder': '/home/ubuntu/repos/rift-debug', 'host': 'devin-box', 'id': 'portal-3b465092be8b', 'last_seen': '2026-07-13 03:38', 'name': 'unknown@devin-box', 'opened_at': '2026-07-13 03:38', 'orb_state': 'idle', 'portal_connected': False, 'status': 'open', 'user': 'unknown', 'version': '2.1.0'}
[2026-07-13T03:38:12.492931] _poll_chat: data=False
[2026-07-13T03:38:13.024067] _wait_for_webhook poll: data={'card_state': 'waiting', 'folder': '/home/ubuntu/repos/rift-debug', 'host': 'devin-box', 'id': 'portal-3b465092be8b', 'last_seen': '2026-07-13 03:38', 'name': 'unknown@devin-box', 'opened_at': '2026-07-13 03:38', 'orb_state': 'idle', 'portal_connected': False, 'status': 'open', 'user': 'unknown', 'version': '2.1.0'}
[2026-07-13T03:38:13.679794] _poll_chat: data=False
[2026-07-13T03:38:14.218865] _wait_for_webhook poll: data={'card_state': 'waiting', 'folder': '/home/ubuntu/repos/rift-debug', 'host': 'devin-box', 'id': 'portal-3b465092be8b', 'last_seen': '2026-07-13 03:38', 'name': 'unknown@devin-box', 'opened_at': '2026-07-13 03:38', 'orb_state': 'idle', 'portal_connected': False, 'status': 'open', 'user': 'unknown', 'version': '2.1.0'}
[2026-07-13T03:38:14.870697] _poll_chat: data=False
[2026-07-13T03:38:15.739452] _wait_for_webhook poll: data={'card_state': 'waiting', 'folder': '/home/ubuntu/repos/rift-debug', 'host': 'devin-box', 'id': 'portal-3b465092be8b', 'last_seen': '2026-07-13 03:38', 'name': 'unknown@devin-box', 'opened_at': '2026-07-13 03:38', 'orb_state': 'idle', 'portal_connected': False, 'status': 'open', 'user': 'unknown', 'version': '2.1.0'}
[2026-07-13T03:38:16.059379] _poll_chat: data=False
[2026-07-13T03:38:16.930679] _wait_for_webhook poll: data={'card_state': 'waiting', 'folder': '/home/ubuntu/repos/rift-debug', 'host': 'devin-box', 'id': 'portal-3b465092be8b', 'last_seen': '2026-07-13 03:38', 'name': 'unknown@devin-box', 'opened_at': '2026-07-13 03:38', 'orb_state': 'idle', 'portal_connected': False, 'status': 'open', 'user': 'unknown', 'version': '2.1.0'}
[2026-07-13T03:38:17.257793] _poll_chat: data=False
[2026-07-13T03:38:18.123828] _wait_for_webhook poll: data={'card_state': 'waiting', 'folder': '/home/ubuntu/repos/rift-debug', 'host': 'devin-box', 'id': 'portal-3b465092be8b', 'last_seen': '2026-07-13 03:38', 'name': 'unknown@devin-box', 'opened_at': '2026-07-13 03:38', 'orb_state': 'idle', 'portal_connected': False, 'status': 'open', 'user': 'unknown', 'version': '2.1.0'}
[2026-07-13T03:38:18.453611] _poll_chat: data=False
[2026-07-13T03:38:19.312970] _wait_for_webhook poll: data={'card_state': 'waiting', 'folder': '/home/ubuntu/repos/rift-debug', 'host': 'devin-box', 'id': 'portal-3b465092be8b', 'last_seen': '2026-07-13 03:38', 'name': 'unknown@devin-box', 'opened_at': '2026-07-13 03:38', 'orb_state': 'idle', 'portal_connected': False, 'status': 'open', 'user': 'unknown', 'version': '2.1.0'}
[2026-07-13T03:38:19.643290] _poll_chat: data=False
[2026-07-13T03:38:20.505826] _wait_for_webhook poll: data={'card_state': 'waiting', 'folder': '/home/ubuntu/repos/rift-debug', 'host': 'devin-box', 'id': 'portal-3b465092be8b', 'last_seen': '2026-07-13 03:38', 'name': 'unknown@devin-box', 'opened_at': '2026-07-13 03:38', 'orb_state': 'idle', 'portal_connected': False, 'status': 'open', 'user': 'unknown', 'version': '2.1.0'}
[2026-07-13T03:38:20.842413] _poll_chat: data=False
[2026-07-13T03:38:21.695820] _wait_for_webhook poll: data={'card_state': 'waiting', 'folder': '/home/ubuntu/repos/rift-debug', 'host': 'devin-box', 'id': 'portal-3b465092be8b', 'last_seen': '2026-07-13 03:38', 'name': 'unknown@devin-box', 'opened_at': '2026-07-13 03:38', 'orb_state': 'idle', 'portal_connected': False, 'status': 'open', 'user': 'unknown', 'version': '2.1.0'}
[2026-07-13T03:38:22.030407] _poll_chat: data=False
[2026-07-13T03:38:22.891646] _wait_for_webhook poll: data={'card_state': 'waiting', 'folder': '/home/ubuntu/repos/rift-debug', 'host': 'devin-box', 'id': 'portal-3b465092be8b', 'last_seen': '2026-07-13 03:38', 'name': 'unknown@devin-box', 'opened_at': '2026-07-13 03:38', 'orb_state': 'idle', 'portal_connected': False, 'status': 'open', 'user': 'unknown', 'version': '2.1.0'}
[2026-07-13T03:38:23.215703] _poll_chat: data=False
[2026-07-13T03:38:24.094084] _wait_for_webhook poll: data={'card_state': 'waiting', 'folder': '/home/ubuntu/repos/rift-debug', 'host': 'devin-box', 'id': 'portal-3b465092be8b', 'last_seen': '2026-07-13 03:38', 'name': 'unknown@devin-box', 'opened_at': '2026-07-13 03:38', 'orb_state': 'idle', 'portal_connected': False, 'status': 'open', 'user': 'unknown', 'version': '2.1.0'}
[2026-07-13T03:38:24.402661] _poll_chat: data=False
[2026-07-13T03:38:25.289983] _wait_for_webhook poll: data={'card_state': 'waiting', 'folder': '/home/ubuntu/repos/rift-debug', 'host': 'devin-box', 'id': 'portal-3b465092be8b', 'last_seen': '2026-07-13 03:38', 'name': 'unknown@devin-box', 'opened_at': '2026-07-13 03:38', 'orb_state': 'idle', 'portal_connected': False, 'status': 'open', 'user': 'unknown', 'version': '2.1.0'}
[2026-07-13T03:38:25.596445] _poll_chat: data=False
[2026-07-13T03:38:26.545647] _wait_for_webhook poll: data={'card_state': 'waiting', 'folder': '/home/ubuntu/repos/rift-debug', 'host': 'devin-box', 'id': 'portal-3b465092be8b', 'last_seen': '2026-07-13 03:38', 'name': 'unknown@devin-box', 'opened_at': '2026-07-13 03:38', 'orb_state': 'idle', 'portal_connected': False, 'status': 'open', 'user': 'unknown', 'version': '2.1.0'}
[2026-07-13T03:38:26.780582] _poll_chat: data=False
[2026-07-13T03:38:27.738240] _wait_for_webhook poll: data={'card_state': 'waiting', 'folder': '/home/ubuntu/repos/rift-debug', 'host': 'devin-box', 'id': 'portal-3b465092be8b', 'last_seen': '2026-07-13 03:38', 'name': 'unknown@devin-box', 'opened_at': '2026-07-13 03:38', 'orb_state': 'idle', 'portal_connected': False, 'status': 'open', 'user': 'unknown', 'version': '2.1.0'}
[2026-07-13T03:38:27.970827] _poll_chat: data=False
[2026-07-13T03:38:28.922407] _wait_for_webhook poll: data={'card_state': 'waiting', 'folder': '/home/ubuntu/repos/rift-debug', 'host': 'devin-box', 'id': 'portal-3b465092be8b', 'last_seen': '2026-07-13 03:38', 'name': 'unknown@devin-box', 'opened_at': '2026-07-13 03:38', 'orb_state': 'idle', 'portal_connected': False, 'status': 'open', 'user': 'unknown', 'version': '2.1.0'}
[2026-07-13T03:38:29.159245] _poll_chat: data=False
[2026-07-13T03:38:30.120174] _wait_for_webhook poll: data={'card_state': 'waiting', 'folder': '/home/ubuntu/repos/rift-debug', 'host': 'devin-box', 'id': 'portal-3b465092be8b', 'last_seen': '2026-07-13 03:38', 'name': 'unknown@devin-box', 'opened_at': '2026-07-13 03:38', 'orb_state': 'idle', 'portal_connected': False, 'status': 'open', 'user': 'unknown', 'version': '2.1.0'}
[2026-07-13T03:38:30.345241] _poll_chat: data=False
[2026-07-13T03:38:31.125565] _wait_for_webhook: timed out, using default webhook
[2026-07-13T03:38:31.125642] _backend_init finished
[2026-07-13T03:38:31.536774] _poll_chat: data=False
[2026-07-13T03:38:32.725034] _poll_chat: data=False
[2026-07-13T03:38:33.912759] _poll_chat: data=False
[2026-07-13T03:38:35.102335] _poll_chat: data=False
[2026-07-13T03:38:36.297427] _poll_chat: data=False
[2026-07-13T03:38:37.496373] _poll_chat: data=False
[2026-07-13T03:38:38.683645] _poll_chat: data=False
[2026-07-13T03:38:39.873363] _poll_chat: data=False
[2026-07-13T03:38:41.059374] _poll_chat: data=False
[2026-07-13T03:38:42.250008] _poll_chat: data=False
[2026-07-13T03:38:43.442329] _poll_chat: data=False
[2026-07-13T03:38:44.633301] _poll_chat: data=False
[2026-07-13T03:38:45.835093] _poll_chat: data=False
[2026-07-13T03:38:47.028728] _poll_chat: data=False
[2026-07-13T03:38:48.217291] _poll_chat: data=False
[2026-07-13T03:38:49.409236] _poll_chat: data=False
[2026-07-13T03:38:50.598363] _poll_chat: data=False
[2026-07-13T03:38:51.788431] _poll_chat: data=False
[2026-07-13T03:38:52.975526] _poll_chat: data=False
[2026-07-13T03:38:54.165339] _poll_chat: data=False
[2026-07-13T03:38:55.353581] _poll_chat: data=False
[2026-07-13T03:38:56.544897] _poll_chat: data=False
[2026-07-13T03:38:57.730581] _poll_chat: data=False
[2026-07-13T03:38:58.914494] _poll_chat: data=False
[2026-07-13T03:39:00.107739] _poll_chat: data=False
[2026-07-13T03:39:01.296374] _poll_chat: data=False
[2026-07-13T03:39:02.480388] _poll_chat: data=False
[2026-07-13T03:39:03.668720] _poll_chat: data=False
[2026-07-13T03:39:04.854205] _poll_chat: data=False
[2026-07-13T03:39:06.044956] _poll_chat: data=False
[2026-07-13T03:39:07.232177] _poll_chat: data=False
[2026-07-13T03:39:08.426424] _poll_chat: data=False
[2026-07-13T03:39:10.024976] _poll_chat: data=False
[2026-07-13T03:39:11.212937] _poll_chat: data=False
[2026-07-13T03:39:12.403664] _poll_chat: data=False
[2026-07-13T03:39:13.592716] _poll_chat: data=False
[2026-07-13T03:39:14.780366] _poll_chat: data=False
[2026-07-13T03:39:15.966366] _poll_chat: data=False
[2026-07-13T03:39:17.164252] _poll_chat: data=False
[2026-07-13T03:39:18.353055] _poll_chat: data=False
[2026-07-13T03:39:19.545516] _poll_chat: data=False
[2026-07-13T03:39:20.735645] _poll_chat: data=False
[2026-07-13T03:39:21.929139] _poll_chat: data=False
[2026-07-13T03:39:23.123395] _poll_chat: data=False
[2026-07-13T03:39:24.310091] _poll_chat: data=False
[2026-07-13T03:39:25.489330] _poll_chat: data=False
[2026-07-13T03:39:26.674278] _poll_chat: data=False
[2026-07-13T03:39:27.866844] _poll_chat: data=False
[2026-07-13T03:39:33.674930] _backend_init started
[2026-07-13T03:39:33.865016] _register_session: sessions/portal-fcd535e59b48 ok=True
[2026-07-13T03:39:33.867216] _poll_chat: data=False
[2026-07-13T03:39:33.868879] _poll_commands: data=None, paused=False
[2026-07-13T03:39:34.068887] _post_to_discord: status=204, ok=True
[2026-07-13T03:39:34.253665] _wait_for_webhook poll: data={'card_state': 'waiting', 'folder': '/home/ubuntu/repos/rift-debug', 'host': 'devin-box', 'id': 'portal-fcd535e59b48', 'last_seen': '2026-07-13 03:39', 'name': 'unknown@devin-box', 'opened_at': '2026-07-13 03:39', 'orb_state': 'idle', 'portal_connected': False, 'status': 'open', 'user': 'unknown', 'version': '2.1.0'}
[2026-07-13T03:39:35.062317] _poll_chat: data=False
[2026-07-13T03:39:35.447406] _wait_for_webhook poll: data={'card_state': 'waiting', 'folder': '/home/ubuntu/repos/rift-debug', 'host': 'devin-box', 'id': 'portal-fcd535e59b48', 'last_seen': '2026-07-13 03:39', 'name': 'unknown@devin-box', 'opened_at': '2026-07-13 03:39', 'orb_state': 'idle', 'portal_connected': False, 'status': 'open', 'user': 'unknown', 'version': '2.1.0'}
[2026-07-13T03:39:36.063877] _poll_commands: data=None, paused=False
[2026-07-13T03:39:36.246573] _poll_chat: data=False
[2026-07-13T03:39:36.636603] _wait_for_webhook poll: data={'card_state': 'waiting', 'folder': '/home/ubuntu/repos/rift-debug', 'host': 'devin-box', 'id': 'portal-fcd535e59b48', 'last_seen': '2026-07-13 03:39', 'name': 'unknown@devin-box', 'opened_at': '2026-07-13 03:39', 'orb_state': 'idle', 'portal_connected': False, 'status': 'open', 'user': 'unknown', 'version': '2.1.0'}
[2026-07-13T03:39:37.442452] _poll_chat: data=False
[2026-07-13T03:39:37.820266] _wait_for_webhook poll: data={'card_state': 'waiting', 'folder': '/home/ubuntu/repos/rift-debug', 'host': 'devin-box', 'id': 'portal-fcd535e59b48', 'last_seen': '2026-07-13 03:39', 'name': 'unknown@devin-box', 'opened_at': '2026-07-13 03:39', 'orb_state': 'idle', 'portal_connected': False, 'status': 'open', 'user': 'unknown', 'version': '2.1.0'}
[2026-07-13T03:39:38.262323] _poll_commands: data=None, paused=False
[2026-07-13T03:39:38.631836] _poll_chat: data=False
[2026-07-13T03:39:39.013628] _wait_for_webhook poll: data={'card_state': 'waiting', 'folder': '/home/ubuntu/repos/rift-debug', 'host': 'devin-box', 'id': 'portal-fcd535e59b48', 'last_seen': '2026-07-13 03:39', 'name': 'unknown@devin-box', 'opened_at': '2026-07-13 03:39', 'orb_state': 'idle', 'portal_connected': False, 'status': 'open', 'user': 'unknown', 'version': '2.1.0'}
[2026-07-13T03:39:39.817519] _poll_chat: data=False
[2026-07-13T03:39:40.203942] _wait_for_webhook poll: data={'card_state': 'waiting', 'folder': '/home/ubuntu/repos/rift-debug', 'host': 'devin-box', 'id': 'portal-fcd535e59b48', 'last_seen': '2026-07-13 03:39', 'name': 'unknown@devin-box', 'opened_at': '2026-07-13 03:39', 'orb_state': 'idle', 'portal_connected': False, 'status': 'open', 'user': 'unknown', 'version': '2.1.0'}
[2026-07-13T03:39:40.458622] _poll_commands: data=None, paused=False
[2026-07-13T03:39:41.017248] _poll_chat: data=False
[2026-07-13T03:39:41.398059] _wait_for_webhook poll: data={'card_state': 'waiting', 'folder': '/home/ubuntu/repos/rift-debug', 'host': 'devin-box', 'id': 'portal-fcd535e59b48', 'last_seen': '2026-07-13 03:39', 'name': 'unknown@devin-box', 'opened_at': '2026-07-13 03:39', 'orb_state': 'idle', 'portal_connected': False, 'status': 'open', 'user': 'unknown', 'version': '2.1.0'}
[2026-07-13T03:39:42.214139] _poll_chat: data=False
[2026-07-13T03:39:42.597118] _wait_for_webhook poll: data={'card_state': 'waiting', 'folder': '/home/ubuntu/repos/rift-debug', 'host': 'devin-box', 'id': 'portal-fcd535e59b48', 'last_seen': '2026-07-13 03:39', 'name': 'unknown@devin-box', 'opened_at': '2026-07-13 03:39', 'orb_state': 'idle', 'portal_connected': False, 'status': 'open', 'user': 'unknown', 'version': '2.1.0'}
[2026-07-13T03:39:42.658167] _poll_commands: data=None, paused=False
[2026-07-13T03:39:43.400871] _poll_chat: data=False
[2026-07-13T03:39:43.791147] _wait_for_webhook poll: data={'card_state': 'waiting', 'folder': '/home/ubuntu/repos/rift-debug', 'host': 'devin-box', 'id': 'portal-fcd535e59b48', 'last_seen': '2026-07-13 03:39', 'name': 'unknown@devin-box', 'opened_at': '2026-07-13 03:39', 'orb_state': 'idle', 'portal_connected': False, 'status': 'open', 'user': 'unknown', 'version': '2.1.0'}
[2026-07-13T03:39:44.750745] _poll_chat: data=False
[2026-07-13T03:39:44.854643] _poll_commands: data=None, paused=False
[2026-07-13T03:39:44.980861] _wait_for_webhook poll: data={'card_state': 'waiting', 'folder': '/home/ubuntu/repos/rift-debug', 'host': 'devin-box', 'id': 'portal-fcd535e59b48', 'last_seen': '2026-07-13 03:39', 'name': 'unknown@devin-box', 'opened_at': '2026-07-13 03:39', 'orb_state': 'idle', 'portal_connected': False, 'status': 'open', 'user': 'unknown', 'version': '2.1.0'}
[2026-07-13T03:39:45.943219] _poll_chat: data=False
[2026-07-13T03:39:46.182283] _wait_for_webhook poll: data={'card_state': 'waiting', 'folder': '/home/ubuntu/repos/rift-debug', 'host': 'devin-box', 'id': 'portal-fcd535e59b48', 'last_seen': '2026-07-13 03:39', 'name': 'unknown@devin-box', 'opened_at': '2026-07-13 03:39', 'orb_state': 'idle', 'portal_connected': False, 'status': 'open', 'user': 'unknown', 'version': '2.1.0'}
[2026-07-13T03:39:47.054587] _poll_commands: data=None, paused=False
[2026-07-13T03:39:47.132698] _poll_chat: data=False
[2026-07-13T03:39:47.370650] _wait_for_webhook poll: data={'card_state': 'waiting', 'folder': '/home/ubuntu/repos/rift-debug', 'host': 'devin-box', 'id': 'portal-fcd535e59b48', 'last_seen': '2026-07-13 03:39', 'name': 'unknown@devin-box', 'opened_at': '2026-07-13 03:39', 'orb_state': 'idle', 'portal_connected': False, 'status': 'open', 'user': 'unknown', 'version': '2.1.0'}
[2026-07-13T03:39:48.321625] _poll_chat: data=False
[2026-07-13T03:39:48.557547] _wait_for_webhook poll: data={'card_state': 'waiting', 'folder': '/home/ubuntu/repos/rift-debug', 'host': 'devin-box', 'id': 'portal-fcd535e59b48', 'last_seen': '2026-07-13 03:39', 'name': 'unknown@devin-box', 'opened_at': '2026-07-13 03:39', 'orb_state': 'idle', 'portal_connected': False, 'status': 'open', 'user': 'unknown', 'version': '2.1.0'}
[2026-07-13T03:39:49.333235] _poll_commands: data=None, paused=False
[2026-07-13T03:39:49.512057] _poll_chat: data=False
[2026-07-13T03:39:49.749581] _wait_for_webhook poll: data={'card_state': 'waiting', 'folder': '/home/ubuntu/repos/rift-debug', 'host': 'devin-box', 'id': 'portal-fcd535e59b48', 'last_seen': '2026-07-13 03:39', 'name': 'unknown@devin-box', 'opened_at': '2026-07-13 03:39', 'orb_state': 'idle', 'portal_connected': False, 'status': 'open', 'user': 'unknown', 'version': '2.1.0'}
[2026-07-13T03:39:50.701418] _poll_chat: data=False
[2026-07-13T03:39:50.934383] _wait_for_webhook poll: data={'card_state': 'waiting', 'folder': '/home/ubuntu/repos/rift-debug', 'host': 'devin-box', 'id': 'portal-fcd535e59b48', 'last_seen': '2026-07-13 03:39', 'name': 'unknown@devin-box', 'opened_at': '2026-07-13 03:39', 'orb_state': 'idle', 'portal_connected': False, 'status': 'open', 'user': 'unknown', 'version': '2.1.0'}
[2026-07-13T03:39:51.528063] _poll_commands: data=None, paused=False
[2026-07-13T03:39:51.889832] _poll_chat: data=False
[2026-07-13T03:39:52.119639] _wait_for_webhook poll: data={'card_state': 'waiting', 'folder': '/home/ubuntu/repos/rift-debug', 'host': 'devin-box', 'id': 'portal-fcd535e59b48', 'last_seen': '2026-07-13 03:39', 'name': 'unknown@devin-box', 'opened_at': '2026-07-13 03:39', 'orb_state': 'idle', 'portal_connected': False, 'status': 'open', 'user': 'unknown', 'version': '2.1.0'}
[2026-07-13T03:39:53.077868] _poll_chat: data=False
[2026-07-13T03:39:53.308269] _wait_for_webhook poll: data={'card_state': 'waiting', 'folder': '/home/ubuntu/repos/rift-debug', 'host': 'devin-box', 'id': 'portal-fcd535e59b48', 'last_seen': '2026-07-13 03:39', 'name': 'unknown@devin-box', 'opened_at': '2026-07-13 03:39', 'orb_state': 'idle', 'portal_connected': False, 'status': 'open', 'user': 'unknown', 'version': '2.1.0'}
[2026-07-13T03:39:53.736458] _poll_commands: data=None, paused=False
[2026-07-13T03:39:54.264311] _poll_chat: data=False
[2026-07-13T03:39:54.503094] _wait_for_webhook poll: data={'card_state': 'waiting', 'folder': '/home/ubuntu/repos/rift-debug', 'host': 'devin-box', 'id': 'portal-fcd535e59b48', 'last_seen': '2026-07-13 03:39', 'name': 'unknown@devin-box', 'opened_at': '2026-07-13 03:39', 'orb_state': 'idle', 'portal_connected': False, 'status': 'open', 'user': 'unknown', 'version': '2.1.0'}
[2026-07-13T03:39:55.456231] _poll_chat: data=False
[2026-07-13T03:39:55.690869] _wait_for_webhook poll: data={'card_state': 'waiting', 'folder': '/home/ubuntu/repos/rift-debug', 'host': 'devin-box', 'id': 'portal-fcd535e59b48', 'last_seen': '2026-07-13 03:39', 'name': 'unknown@devin-box', 'opened_at': '2026-07-13 03:39', 'orb_state': 'idle', 'portal_connected': False, 'status': 'open', 'user': 'unknown', 'version': '2.1.0'}
[2026-07-13T03:39:55.927875] _poll_commands: data=None, paused=False
[2026-07-13T03:39:56.644939] _poll_chat: data=False
[2026-07-13T03:39:56.880960] _wait_for_webhook poll: data={'card_state': 'waiting', 'folder': '/home/ubuntu/repos/rift-debug', 'host': 'devin-box', 'id': 'portal-fcd535e59b48', 'last_seen': '2026-07-13 03:39', 'name': 'unknown@devin-box', 'opened_at': '2026-07-13 03:39', 'orb_state': 'idle', 'portal_connected': False, 'status': 'open', 'user': 'unknown', 'version': '2.1.0'}
[2026-07-13T03:39:57.837174] _poll_chat: data=False
[2026-07-13T03:39:58.069422] _wait_for_webhook poll: data={'card_state': 'waiting', 'folder': '/home/ubuntu/repos/rift-debug', 'host': 'devin-box', 'id': 'portal-fcd535e59b48', 'last_seen': '2026-07-13 03:39', 'name': 'unknown@devin-box', 'opened_at': '2026-07-13 03:39', 'orb_state': 'idle', 'portal_connected': False, 'status': 'open', 'user': 'unknown', 'version': '2.1.0'}
[2026-07-13T03:39:58.119353] _poll_commands: data=None, paused=False
[2026-07-13T03:39:59.028166] _poll_chat: data=False
[2026-07-13T03:39:59.254233] _wait_for_webhook poll: data={'card_state': 'waiting', 'folder': '/home/ubuntu/repos/rift-debug', 'host': 'devin-box', 'id': 'portal-fcd535e59b48', 'last_seen': '2026-07-13 03:39', 'name': 'unknown@devin-box', 'opened_at': '2026-07-13 03:39', 'orb_state': 'idle', 'portal_connected': False, 'status': 'open', 'user': 'unknown', 'version': '2.1.0'}
[2026-07-13T03:40:00.222029] _poll_chat: data=False
[2026-07-13T03:40:00.316868] _poll_commands: data=None, paused=False
[2026-07-13T03:40:00.443631] _wait_for_webhook poll: data={'card_state': 'waiting', 'folder': '/home/ubuntu/repos/rift-debug', 'host': 'devin-box', 'id': 'portal-fcd535e59b48', 'last_seen': '2026-07-13 03:39', 'name': 'unknown@devin-box', 'opened_at': '2026-07-13 03:39', 'orb_state': 'idle', 'portal_connected': False, 'status': 'open', 'user': 'unknown', 'version': '2.1.0'}
[2026-07-13T03:40:01.406689] _poll_chat: data=False
[2026-07-13T03:40:01.632012] _wait_for_webhook poll: data={'card_state': 'waiting', 'folder': '/home/ubuntu/repos/rift-debug', 'host': 'devin-box', 'id': 'portal-fcd535e59b48', 'last_seen': '2026-07-13 03:39', 'name': 'unknown@devin-box', 'opened_at': '2026-07-13 03:39', 'orb_state': 'idle', 'portal_connected': False, 'status': 'open', 'user': 'unknown', 'version': '2.1.0'}
[2026-07-13T03:40:02.508103] _poll_commands: data=None, paused=False
[2026-07-13T03:40:02.597193] _poll_chat: data=False
[2026-07-13T03:40:02.824705] _wait_for_webhook poll: data={'card_state': 'waiting', 'folder': '/home/ubuntu/repos/rift-debug', 'host': 'devin-box', 'id': 'portal-fcd535e59b48', 'last_seen': '2026-07-13 03:39', 'name': 'unknown@devin-box', 'opened_at': '2026-07-13 03:39', 'orb_state': 'idle', 'portal_connected': False, 'status': 'open', 'user': 'unknown', 'version': '2.1.0'}
[2026-07-13T03:40:03.790881] _poll_chat: data=False
[2026-07-13T03:40:04.008704] _wait_for_webhook poll: data={'card_state': 'waiting', 'folder': '/home/ubuntu/repos/rift-debug', 'host': 'devin-box', 'id': 'portal-fcd535e59b48', 'last_seen': '2026-07-13 03:39', 'name': 'unknown@devin-box', 'opened_at': '2026-07-13 03:39', 'orb_state': 'idle', 'portal_connected': False, 'status': 'open', 'user': 'unknown', 'version': '2.1.0'}
[2026-07-13T03:40:04.715652] _poll_commands: data=None, paused=False
[2026-07-13T03:40:04.981276] _poll_chat: data=False
[2026-07-13T03:40:05.013868] _wait_for_webhook: timed out, using default webhook
[2026-07-13T03:40:05.013931] _backend_init finished
[2026-07-13T03:40:06.167298] _poll_chat: data=False
[2026-07-13T03:40:06.906995] _poll_commands: data=None, paused=False
[2026-07-13T03:40:07.354787] _poll_chat: data=False
[2026-07-13T03:40:08.552440] _poll_chat: data=False
[2026-07-13T03:40:09.098519] _poll_commands: data=None, paused=False
[2026-07-13T03:40:09.738944] _poll_chat: data=False
[2026-07-13T03:40:10.928892] _poll_chat: data=False
[2026-07-13T03:40:11.290133] _poll_commands: data=None, paused=False
[2026-07-13T03:40:12.116454] _poll_chat: data=False
[2026-07-13T03:40:13.317755] _poll_chat: data=False
[2026-07-13T03:40:13.477691] _poll_commands: data=None, paused=False
[2026-07-13T03:40:14.509393] _poll_chat: data=False
[2026-07-13T03:40:15.670438] _poll_commands: data=None, paused=False
[2026-07-13T03:40:15.701428] _poll_chat: data=False
[2026-07-13T03:40:16.893561] _poll_chat: data=False
[2026-07-13T03:40:17.870175] _poll_commands: data=None, paused=False
[2026-07-13T03:40:18.080685] _poll_chat: data=False
[2026-07-13T03:40:19.268396] _poll_chat: data=False
[2026-07-13T03:40:20.064135] _poll_commands: data=None, paused=False
[2026-07-13T03:40:20.460621] _poll_chat: data=False
[2026-07-13T03:40:21.651795] _poll_chat: data=False
[2026-07-13T03:40:22.260922] _poll_commands: data=None, paused=False
[2026-07-13T03:40:22.841358] _poll_chat: data=False
[2026-07-13T03:40:24.029953] _poll_chat: data=False
[2026-07-13T03:40:24.461721] _poll_commands: data=None, paused=False
[2026-07-13T03:40:25.215709] _poll_chat: data=False
[2026-07-13T03:40:26.407800] _poll_chat: data=False
[2026-07-13T03:40:26.656372] _poll_commands: data=None, paused=False
[2026-07-13T03:40:27.593379] _poll_chat: data=False
[2026-07-13T03:40:28.781374] _poll_chat: data=False
[2026-07-13T03:40:28.856954] _poll_commands: data=None, paused=False
[2026-07-13T03:40:29.976951] _poll_chat: data=False
[2026-07-13T03:40:31.053765] _poll_commands: data=None, paused=False
[2026-07-13T03:40:31.163243] _poll_chat: data=False
[2026-07-13T03:40:32.351678] _poll_chat: data=False
[2026-07-13T03:40:33.244071] _poll_commands: data=None, paused=False
[2026-07-13T03:40:33.541636] _poll_chat: data=False
[2026-07-13T03:40:34.726469] _poll_chat: data=False
[2026-07-13T03:40:35.439212] _poll_commands: data=None, paused=False
[2026-07-13T03:40:35.912512] _poll_chat: data=False
[2026-07-13T03:40:37.104238] _poll_chat: data=False
[2026-07-13T03:40:37.632594] _poll_commands: data=None, paused=False
[2026-07-13T03:40:38.292963] _poll_chat: data=False
[2026-07-13T03:40:39.484890] _poll_chat: data=False
[2026-07-13T03:40:39.830211] _poll_commands: data=None, paused=False
[2026-07-13T03:40:40.673726] _poll_chat: data=False
[2026-07-13T03:40:41.861860] _poll_chat: data=False
[2026-07-13T03:40:42.023095] _poll_commands: data=None, paused=False
[2026-07-13T03:40:43.048922] _poll_chat: data=False
[2026-07-13T03:40:44.220274] _poll_commands: data=None, paused=False
[2026-07-13T03:40:44.244713] _poll_chat: data=False
[2026-07-13T03:40:45.435280] _poll_chat: data=False
[2026-07-13T03:40:46.413336] _poll_commands: data=None, paused=False
[2026-07-13T03:40:46.619562] _poll_chat: data=False
[2026-07-13T03:40:47.806088] _poll_chat: data=False
[2026-07-13T03:40:48.606639] _poll_commands: data=None, paused=False
[2026-07-13T03:40:48.999984] _poll_chat: data=False
[2026-07-13T03:40:50.187447] _poll_chat: data=False
[2026-07-13T03:40:50.799304] _poll_commands: data=None, paused=False
[2026-07-13T03:40:51.419644] _poll_chat: data=False
[2026-07-13T03:40:52.613455] _poll_chat: data=False
[2026-07-13T03:40:52.987133] _poll_commands: data=None, paused=False
[2026-07-13T03:40:53.804242] _poll_chat: data=False
[2026-07-13T03:40:54.992748] _poll_chat: data=False
[2026-07-13T03:40:55.180335] _poll_commands: data=None, paused=False
[2026-07-13T03:40:56.180787] _poll_chat: data=False
[2026-07-13T03:40:57.375852] _poll_chat: data=False
[2026-07-13T03:40:57.378131] _poll_commands: data=None, paused=False
[2026-07-13T03:40:58.564902] _poll_chat: data=False
[2026-07-13T03:40:59.573543] _poll_commands: data=None, paused=False
[2026-07-13T03:40:59.749423] _poll_chat: data=False
[2026-07-13T03:41:00.939647] _poll_chat: data=False
[2026-07-13T03:41:01.771262] _poll_commands: data=None, paused=False
[2026-07-13T03:41:02.124878] _poll_chat: data=False
[2026-07-13T03:41:03.319952] _poll_chat: data=False
[2026-07-13T03:41:03.968136] _poll_commands: data=None, paused=False
[2026-07-13T03:41:04.505926] _poll_chat: data=False
[2026-07-13T03:41:05.693819] _poll_chat: data=False
[2026-07-13T03:41:06.158043] _poll_commands: data=None, paused=False
[2026-07-13T03:41:06.885241] _poll_chat: data=False
[2026-07-13T03:41:08.073594] _poll_chat: data=False
[2026-07-13T03:41:08.358672] _poll_commands: data=None, paused=False
[2026-07-13T03:41:09.265112] _poll_chat: data=False
[2026-07-13T03:41:10.455291] _poll_chat: data=False
[2026-07-13T03:41:10.555943] _poll_commands: data=None, paused=False
[2026-07-13T03:41:15.467625] _backend_init started
[2026-07-13T03:41:15.667647] _poll_commands: data=None, paused=False
[2026-07-13T03:41:15.672929] _poll_chat: data=False
[2026-07-13T03:41:15.673299] _register_session: sessions/portal-25bc292e0e4c ok=True
[2026-07-13T03:41:15.866711] _post_to_discord: status=204, ok=True
[2026-07-13T03:41:16.046183] _wait_for_webhook poll: data={'card_state': 'waiting', 'folder': '/home/ubuntu/repos/rift-debug', 'host': 'devin-box', 'id': 'portal-25bc292e0e4c', 'last_seen': '2026-07-13 03:41', 'name': 'unknown@devin-box', 'opened_at': '2026-07-13 03:41', 'orb_state': 'idle', 'portal_connected': False, 'status': 'open', 'user': 'unknown', 'version': '2.1.0'}
[2026-07-13T03:41:16.866502] _poll_chat: data=False
[2026-07-13T03:41:17.234429] _wait_for_webhook poll: data={'card_state': 'waiting', 'folder': '/home/ubuntu/repos/rift-debug', 'host': 'devin-box', 'id': 'portal-25bc292e0e4c', 'last_seen': '2026-07-13 03:41', 'name': 'unknown@devin-box', 'opened_at': '2026-07-13 03:41', 'orb_state': 'idle', 'portal_connected': False, 'status': 'open', 'user': 'unknown', 'version': '2.1.0'}
[2026-07-13T03:41:17.862165] _poll_commands: data=None, paused=False
[2026-07-13T03:41:18.055814] _poll_chat: data=False
[2026-07-13T03:41:18.424583] _wait_for_webhook poll: data={'card_state': 'waiting', 'folder': '/home/ubuntu/repos/rift-debug', 'host': 'devin-box', 'id': 'portal-25bc292e0e4c', 'last_seen': '2026-07-13 03:41', 'name': 'unknown@devin-box', 'opened_at': '2026-07-13 03:41', 'orb_state': 'idle', 'portal_connected': False, 'status': 'open', 'user': 'unknown', 'version': '2.1.0'}
[2026-07-13T03:41:19.245240] _poll_chat: data=False
[2026-07-13T03:41:19.610215] _wait_for_webhook poll: data={'card_state': 'waiting', 'folder': '/home/ubuntu/repos/rift-debug', 'host': 'devin-box', 'id': 'portal-25bc292e0e4c', 'last_seen': '2026-07-13 03:41', 'name': 'unknown@devin-box', 'opened_at': '2026-07-13 03:41', 'orb_state': 'idle', 'portal_connected': False, 'status': 'open', 'user': 'unknown', 'version': '2.1.0'}
[2026-07-13T03:41:20.056511] _poll_commands: data=None, paused=False
[2026-07-13T03:41:20.440213] _poll_chat: data=False
[2026-07-13T03:41:20.797019] _wait_for_webhook poll: data={'card_state': 'waiting', 'folder': '/home/ubuntu/repos/rift-debug', 'host': 'devin-box', 'id': 'portal-25bc292e0e4c', 'last_seen': '2026-07-13 03:41', 'name': 'unknown@devin-box', 'opened_at': '2026-07-13 03:41', 'orb_state': 'idle', 'portal_connected': False, 'status': 'open', 'user': 'unknown', 'version': '2.1.0'}
[2026-07-13T03:41:21.635432] _poll_chat: data=False
[2026-07-13T03:41:21.990767] _wait_for_webhook poll: data={'card_state': 'waiting', 'folder': '/home/ubuntu/repos/rift-debug', 'host': 'devin-box', 'id': 'portal-25bc292e0e4c', 'last_seen': '2026-07-13 03:41', 'name': 'unknown@devin-box', 'opened_at': '2026-07-13 03:41', 'orb_state': 'idle', 'portal_connected': False, 'status': 'open', 'user': 'unknown', 'version': '2.1.0'}
[2026-07-13T03:41:22.253311] _poll_commands: data=None, paused=False
[2026-07-13T03:41:22.826283] _poll_chat: data=False
[2026-07-13T03:41:23.177668] _wait_for_webhook poll: data={'card_state': 'waiting', 'folder': '/home/ubuntu/repos/rift-debug', 'host': 'devin-box', 'id': 'portal-25bc292e0e4c', 'last_seen': '2026-07-13 03:41', 'name': 'unknown@devin-box', 'opened_at': '2026-07-13 03:41', 'orb_state': 'idle', 'portal_connected': False, 'status': 'open', 'user': 'unknown', 'version': '2.1.0'}
[2026-07-13T03:41:24.014653] _poll_chat: data=False
[2026-07-13T03:41:24.367405] _wait_for_webhook poll: data={'card_state': 'waiting', 'folder': '/home/ubuntu/repos/rift-debug', 'host': 'devin-box', 'id': 'portal-25bc292e0e4c', 'last_seen': '2026-07-13 03:41', 'name': 'unknown@devin-box', 'opened_at': '2026-07-13 03:41', 'orb_state': 'idle', 'portal_connected': False, 'status': 'open', 'user': 'unknown', 'version': '2.1.0'}
[2026-07-13T03:41:24.445878] _poll_commands: data=None, paused=False
[2026-07-13T03:41:25.209903] _poll_chat: data=False
[2026-07-13T03:41:25.561534] _wait_for_webhook poll: data={'card_state': 'waiting', 'folder': '/home/ubuntu/repos/rift-debug', 'host': 'devin-box', 'id': 'portal-25bc292e0e4c', 'last_seen': '2026-07-13 03:41', 'name': 'unknown@devin-box', 'opened_at': '2026-07-13 03:41', 'orb_state': 'idle', 'portal_connected': False, 'status': 'open', 'user': 'unknown', 'version': '2.1.0'}
[2026-07-13T03:41:26.392581] _poll_chat: data=False
[2026-07-13T03:41:26.646294] _poll_commands: data=None, paused=False
[2026-07-13T03:41:26.759991] _wait_for_webhook poll: data={'card_state': 'waiting', 'folder': '/home/ubuntu/repos/rift-debug', 'host': 'devin-box', 'id': 'portal-25bc292e0e4c', 'last_seen': '2026-07-13 03:41', 'name': 'unknown@devin-box', 'opened_at': '2026-07-13 03:41', 'orb_state': 'idle', 'portal_connected': False, 'status': 'open', 'user': 'unknown', 'version': '2.1.0'}
[2026-07-13T03:41:27.584509] _poll_chat: data=False
[2026-07-13T03:41:27.948268] _wait_for_webhook poll: data={'card_state': 'waiting', 'commands': {'da7458385bbf45bbb4c76817bdddd2dd': {'command': '.vision', 'id': 'vtest', 'timestamp': '2026-07-13T03:41:00', 'type': 'rift_command'}}, 'folder': '/home/ubuntu/repos/rift-debug', 'host': 'devin-box', 'id': 'portal-25bc292e0e4c', 'last_seen': '2026-07-13 03:41', 'name': 'unknown@devin-box', 'opened_at': '2026-07-13 03:41', 'orb_state': 'idle', 'portal_connected': False, 'status': 'open', 'user': 'unknown', 'version': '2.1.0'}
[2026-07-13T03:41:28.780958] _poll_chat: data=False
[2026-07-13T03:41:28.841778] _poll_commands: data={'da7458385bbf45bbb4c76817bdddd2dd': {'command': '.vision', 'id': 'vtest', 'timestamp': '2026-07-13T03:41:00', 'type': 'rift_command'}}, paused=False
[2026-07-13T03:41:28.841971] _poll_commands: new cmd id=vtest type=rift_command
[2026-07-13T03:41:28.842370] _on_new_command: id=vtest type=rift_command
[2026-07-13T03:41:28.842641] _on_new_command: ok=True, result=Vision active
[2026-07-13T03:41:29.135585] _wait_for_webhook poll: data={'card_state': 'waiting', 'commands': {'da7458385bbf45bbb4c76817bdddd2dd': {'command': '.vision', 'id': 'vtest', 'timestamp': '2026-07-13T03:41:00', 'type': 'rift_command'}}, 'folder': '/home/ubuntu/repos/rift-debug', 'host': 'devin-box', 'id': 'portal-25bc292e0e4c', 'last_seen': '2026-07-13 03:41', 'name': 'unknown@devin-box', 'opened_at': '2026-07-13 03:41', 'orb_state': 'idle', 'portal_connected': False, 'results': {'vtest': {'id': 'vtest', 'ok': True, 'result': 'Vision active', 'timestamp': '2026-07-13 03:41', 'type': 'rift_command'}}, 'status': 'open', 'user': 'unknown', 'version': '2.1.0'}
[2026-07-13T03:41:29.971801] _poll_chat: data=False
[2026-07-13T03:41:30.332305] _wait_for_webhook poll: data={'card_state': 'waiting', 'commands': {'da7458385bbf45bbb4c76817bdddd2dd': {'command': '.vision', 'id': 'vtest', 'timestamp': '2026-07-13T03:41:00', 'type': 'rift_command'}}, 'folder': '/home/ubuntu/repos/rift-debug', 'host': 'devin-box', 'id': 'portal-25bc292e0e4c', 'last_seen': '2026-07-13 03:41', 'name': 'unknown@devin-box', 'opened_at': '2026-07-13 03:41', 'orb_state': 'idle', 'portal_connected': False, 'results': {'vtest': {'id': 'vtest', 'ok': True, 'result': 'Vision active', 'timestamp': '2026-07-13 03:41', 'type': 'rift_command'}}, 'status': 'open', 'user': 'unknown', 'version': '2.1.0'}
[2026-07-13T03:41:31.035895] _poll_commands: data={'da7458385bbf45bbb4c76817bdddd2dd': {'command': '.vision', 'id': 'vtest', 'timestamp': '2026-07-13T03:41:00', 'type': 'rift_command'}}, paused=False
[2026-07-13T03:41:31.161236] _poll_chat: data=False
[2026-07-13T03:41:31.524471] _wait_for_webhook poll: data={'card_state': 'waiting', 'commands': {'da7458385bbf45bbb4c76817bdddd2dd': {'command': '.vision', 'id': 'vtest', 'timestamp': '2026-07-13T03:41:00', 'type': 'rift_command'}}, 'folder': '/home/ubuntu/repos/rift-debug', 'host': 'devin-box', 'id': 'portal-25bc292e0e4c', 'last_seen': '2026-07-13 03:41', 'name': 'unknown@devin-box', 'opened_at': '2026-07-13 03:41', 'orb_state': 'idle', 'portal_connected': False, 'results': {'vtest': {'id': 'vtest', 'ok': True, 'result': 'Vision active', 'timestamp': '2026-07-13 03:41', 'type': 'rift_command'}}, 'status': 'open', 'user': 'unknown', 'version': '2.1.0'}
[2026-07-13T03:41:32.353417] _poll_chat: data=False
[2026-07-13T03:41:32.717704] _wait_for_webhook poll: data={'card_state': 'waiting', 'commands': {'da7458385bbf45bbb4c76817bdddd2dd': {'command': '.vision', 'id': 'vtest', 'timestamp': '2026-07-13T03:41:00', 'type': 'rift_command'}}, 'folder': '/home/ubuntu/repos/rift-debug', 'host': 'devin-box', 'id': 'portal-25bc292e0e4c', 'last_seen': '2026-07-13 03:41', 'name': 'unknown@devin-box', 'opened_at': '2026-07-13 03:41', 'orb_state': 'idle', 'portal_connected': False, 'results': {'vtest': {'id': 'vtest', 'ok': True, 'result': 'Vision active', 'timestamp': '2026-07-13 03:41', 'type': 'rift_command'}}, 'status': 'open', 'user': 'unknown', 'version': '2.1.0'}
[2026-07-13T03:41:33.230681] _poll_commands: data={'da7458385bbf45bbb4c76817bdddd2dd': {'command': '.vision', 'id': 'vtest', 'timestamp': '2026-07-13T03:41:00', 'type': 'rift_command'}}, paused=False
[2026-07-13T03:41:33.547294] _poll_chat: data=False
[2026-07-13T03:41:33.916044] _wait_for_webhook poll: data={'card_state': 'waiting', 'commands': {'da7458385bbf45bbb4c76817bdddd2dd': {'command': '.vision', 'id': 'vtest', 'timestamp': '2026-07-13T03:41:00', 'type': 'rift_command'}}, 'folder': '/home/ubuntu/repos/rift-debug', 'host': 'devin-box', 'id': 'portal-25bc292e0e4c', 'last_seen': '2026-07-13 03:41', 'name': 'unknown@devin-box', 'opened_at': '2026-07-13 03:41', 'orb_state': 'idle', 'portal_connected': False, 'results': {'vtest': {'id': 'vtest', 'ok': True, 'result': 'Vision active', 'timestamp': '2026-07-13 03:41', 'type': 'rift_command'}}, 'status': 'open', 'user': 'unknown', 'version': '2.1.0'}
[2026-07-13T03:41:34.745705] _poll_chat: data=False
[2026-07-13T03:41:35.101572] _wait_for_webhook poll: data={'card_state': 'waiting', 'commands': {'da7458385bbf45bbb4c76817bdddd2dd': {'command': '.vision', 'id': 'vtest', 'timestamp': '2026-07-13T03:41:00', 'type': 'rift_command'}}, 'folder': '/home/ubuntu/repos/rift-debug', 'host': 'devin-box', 'id': 'portal-25bc292e0e4c', 'last_seen': '2026-07-13 03:41', 'name': 'unknown@devin-box', 'opened_at': '2026-07-13 03:41', 'orb_state': 'idle', 'portal_connected': False, 'results': {'vtest': {'id': 'vtest', 'ok': True, 'result': 'Vision active', 'timestamp': '2026-07-13 03:41', 'type': 'rift_command'}}, 'status': 'open', 'user': 'unknown', 'version': '2.1.0'}
[2026-07-13T03:41:35.435253] _poll_commands: data={'da7458385bbf45bbb4c76817bdddd2dd': {'command': '.vision', 'id': 'vtest', 'timestamp': '2026-07-13T03:41:00', 'type': 'rift_command'}}, paused=False
[2026-07-13T03:41:35.933784] _poll_chat: data=False
[2026-07-13T03:41:36.291336] _wait_for_webhook poll: data={'card_state': 'waiting', 'commands': {'da7458385bbf45bbb4c76817bdddd2dd': {'command': '.vision', 'id': 'vtest', 'timestamp': '2026-07-13T03:41:00', 'type': 'rift_command'}}, 'folder': '/home/ubuntu/repos/rift-debug', 'host': 'devin-box', 'id': 'portal-25bc292e0e4c', 'last_seen': '2026-07-13 03:41', 'name': 'unknown@devin-box', 'opened_at': '2026-07-13 03:41', 'orb_state': 'idle', 'portal_connected': False, 'results': {'vtest': {'id': 'vtest', 'ok': True, 'result': 'Vision active', 'timestamp': '2026-07-13 03:41', 'type': 'rift_command'}}, 'status': 'open', 'user': 'unknown', 'version': '2.1.0'}
[2026-07-13T03:41:37.137192] _poll_chat: data=False
[2026-07-13T03:41:37.488039] _wait_for_webhook poll: data={'card_state': 'waiting', 'commands': {'da7458385bbf45bbb4c76817bdddd2dd': {'command': '.vision', 'id': 'vtest', 'timestamp': '2026-07-13T03:41:00', 'type': 'rift_command'}}, 'folder': '/home/ubuntu/repos/rift-debug', 'host': 'devin-box', 'id': 'portal-25bc292e0e4c', 'last_seen': '2026-07-13 03:41', 'name': 'unknown@devin-box', 'opened_at': '2026-07-13 03:41', 'orb_state': 'idle', 'portal_connected': False, 'results': {'vtest': {'id': 'vtest', 'ok': True, 'result': 'Vision active', 'timestamp': '2026-07-13 03:41', 'type': 'rift_command'}}, 'status': 'open', 'user': 'unknown', 'version': '2.1.0'}
[2026-07-13T03:41:37.630983] _poll_commands: data={'da7458385bbf45bbb4c76817bdddd2dd': {'command': '.vision', 'id': 'vtest', 'timestamp': '2026-07-13T03:41:00', 'type': 'rift_command'}}, paused=False
[2026-07-13T03:41:38.334978] _poll_chat: data=False
[2026-07-13T03:41:38.685563] _wait_for_webhook poll: data={'card_state': 'waiting', 'commands': {'da7458385bbf45bbb4c76817bdddd2dd': {'command': '.vision', 'id': 'vtest', 'timestamp': '2026-07-13T03:41:00', 'type': 'rift_command'}}, 'folder': '/home/ubuntu/repos/rift-debug', 'host': 'devin-box', 'id': 'portal-25bc292e0e4c', 'last_seen': '2026-07-13 03:41', 'name': 'unknown@devin-box', 'opened_at': '2026-07-13 03:41', 'orb_state': 'idle', 'portal_connected': False, 'results': {'vtest': {'id': 'vtest', 'ok': True, 'result': 'Vision active', 'timestamp': '2026-07-13 03:41', 'type': 'rift_command'}}, 'status': 'open', 'user': 'unknown', 'version': '2.1.0'}
[2026-07-13T03:41:39.524632] _poll_chat: data=False
[2026-07-13T03:41:39.828373] _poll_commands: data={'da7458385bbf45bbb4c76817bdddd2dd': {'command': '.vision', 'id': 'vtest', 'timestamp': '2026-07-13T03:41:00', 'type': 'rift_command'}}, paused=False
[2026-07-13T03:41:39.879824] _wait_for_webhook poll: data={'card_state': 'waiting', 'commands': {'da7458385bbf45bbb4c76817bdddd2dd': {'command': '.vision', 'id': 'vtest', 'timestamp': '2026-07-13T03:41:00', 'type': 'rift_command'}}, 'folder': '/home/ubuntu/repos/rift-debug', 'host': 'devin-box', 'id': 'portal-25bc292e0e4c', 'last_seen': '2026-07-13 03:41', 'name': 'unknown@devin-box', 'opened_at': '2026-07-13 03:41', 'orb_state': 'idle', 'portal_connected': False, 'results': {'vtest': {'id': 'vtest', 'ok': True, 'result': 'Vision active', 'timestamp': '2026-07-13 03:41', 'type': 'rift_command'}}, 'status': 'open', 'user': 'unknown', 'version': '2.1.0'}
[2026-07-13T03:41:40.719508] _poll_chat: data=False
[2026-07-13T03:41:41.076410] _wait_for_webhook poll: data={'card_state': 'waiting', 'commands': {'da7458385bbf45bbb4c76817bdddd2dd': {'command': '.vision', 'id': 'vtest', 'timestamp': '2026-07-13T03:41:00', 'type': 'rift_command'}}, 'folder': '/home/ubuntu/repos/rift-debug', 'host': 'devin-box', 'id': 'portal-25bc292e0e4c', 'last_seen': '2026-07-13 03:41', 'name': 'unknown@devin-box', 'opened_at': '2026-07-13 03:41', 'orb_state': 'idle', 'portal_connected': False, 'results': {'vtest': {'id': 'vtest', 'ok': True, 'result': 'Vision active', 'timestamp': '2026-07-13 03:41', 'type': 'rift_command'}}, 'status': 'open', 'user': 'unknown', 'version': '2.1.0'}
[2026-07-13T03:41:41.912175] _poll_chat: data=False
[2026-07-13T03:41:42.020271] _poll_commands: data={'da7458385bbf45bbb4c76817bdddd2dd': {'command': '.vision', 'id': 'vtest', 'timestamp': '2026-07-13T03:41:00', 'type': 'rift_command'}}, paused=False
[2026-07-13T03:41:42.267085] _wait_for_webhook poll: data={'card_state': 'waiting', 'commands': {'da7458385bbf45bbb4c76817bdddd2dd': {'command': '.vision', 'id': 'vtest', 'timestamp': '2026-07-13T03:41:00', 'type': 'rift_command'}}, 'folder': '/home/ubuntu/repos/rift-debug', 'host': 'devin-box', 'id': 'portal-25bc292e0e4c', 'last_seen': '2026-07-13 03:41', 'name': 'unknown@devin-box', 'opened_at': '2026-07-13 03:41', 'orb_state': 'idle', 'portal_connected': False, 'results': {'vtest': {'id': 'vtest', 'ok': True, 'result': 'Vision active', 'timestamp': '2026-07-13 03:41', 'type': 'rift_command'}}, 'status': 'open', 'user': 'unknown', 'version': '2.1.0'}
[2026-07-13T03:41:43.101899] _poll_chat: data=False
[2026-07-13T03:41:43.463343] _wait_for_webhook poll: data={'card_state': 'waiting', 'commands': {'da7458385bbf45bbb4c76817bdddd2dd': {'command': '.vision', 'id': 'vtest', 'timestamp': '2026-07-13T03:41:00', 'type': 'rift_command'}}, 'folder': '/home/ubuntu/repos/rift-debug', 'host': 'devin-box', 'id': 'portal-25bc292e0e4c', 'last_seen': '2026-07-13 03:41', 'name': 'unknown@devin-box', 'opened_at': '2026-07-13 03:41', 'orb_state': 'idle', 'portal_connected': False, 'results': {'vtest': {'id': 'vtest', 'ok': True, 'result': 'Vision active', 'timestamp': '2026-07-13 03:41', 'type': 'rift_command'}}, 'status': 'open', 'user': 'unknown', 'version': '2.1.0'}
[2026-07-13T03:41:44.210930] _poll_commands: data={'da7458385bbf45bbb4c76817bdddd2dd': {'command': '.vision', 'id': 'vtest', 'timestamp': '2026-07-13T03:41:00', 'type': 'rift_command'}}, paused=False
[2026-07-13T03:41:44.290819] _poll_chat: data=False
[2026-07-13T03:41:44.653415] _wait_for_webhook poll: data={'card_state': 'waiting', 'commands': {'da7458385bbf45bbb4c76817bdddd2dd': {'command': '.vision', 'id': 'vtest', 'timestamp': '2026-07-13T03:41:00', 'type': 'rift_command'}}, 'folder': '/home/ubuntu/repos/rift-debug', 'host': 'devin-box', 'id': 'portal-25bc292e0e4c', 'last_seen': '2026-07-13 03:41', 'name': 'unknown@devin-box', 'opened_at': '2026-07-13 03:41', 'orb_state': 'idle', 'portal_connected': False, 'results': {'vtest': {'id': 'vtest', 'ok': True, 'result': 'Vision active', 'timestamp': '2026-07-13 03:41', 'type': 'rift_command'}}, 'status': 'open', 'user': 'unknown', 'version': '2.1.0'}
[2026-07-13T03:41:45.482331] _poll_chat: data=False
[2026-07-13T03:41:45.852525] _wait_for_webhook poll: data={'card_state': 'waiting', 'commands': {'da7458385bbf45bbb4c76817bdddd2dd': {'command': '.vision', 'id': 'vtest', 'timestamp': '2026-07-13T03:41:00', 'type': 'rift_command'}}, 'folder': '/home/ubuntu/repos/rift-debug', 'host': 'devin-box', 'id': 'portal-25bc292e0e4c', 'last_seen': '2026-07-13 03:41', 'name': 'unknown@devin-box', 'opened_at': '2026-07-13 03:41', 'orb_state': 'idle', 'portal_connected': False, 'results': {'vtest': {'id': 'vtest', 'ok': True, 'result': 'Vision active', 'timestamp': '2026-07-13 03:41', 'type': 'rift_command'}}, 'status': 'open', 'user': 'unknown', 'version': '2.1.0'}
[2026-07-13T03:41:46.406219] _poll_commands: data={'da7458385bbf45bbb4c76817bdddd2dd': {'command': '.vision', 'id': 'vtest', 'timestamp': '2026-07-13T03:41:00', 'type': 'rift_command'}}, paused=False
[2026-07-13T03:41:46.683151] _poll_chat: data=False
[2026-07-13T03:41:46.858599] _wait_for_webhook: timed out, using default webhook
[2026-07-13T03:41:46.858677] _backend_init finished
[2026-07-13T03:41:47.870688] _poll_chat: data=False
[2026-07-13T03:41:48.601409] _poll_commands: data=None, paused=False
[2026-07-13T03:41:49.061367] _poll_chat: data=False
[2026-07-13T03:41:50.252596] _poll_chat: data=False
[2026-07-13T03:41:50.803919] _poll_commands: data=None, paused=False
[2026-07-13T03:41:51.451172] _poll_chat: data=False
[2026-07-13T03:41:52.641648] _poll_chat: data=False
[2026-07-13T03:41:53.004002] _poll_commands: data=None, paused=False
[2026-07-13T03:41:53.835211] _poll_chat: data=False
[2026-07-13T03:41:55.022321] _poll_chat: data=False
[2026-07-13T03:41:55.197979] _poll_commands: data=None, paused=False
[2026-07-13T03:41:56.205107] _poll_chat: data=False
[2026-07-13T03:41:57.392656] _poll_commands: data=None, paused=False
[2026-07-13T03:41:57.403582] _poll_chat: data=False
[2026-07-13T03:41:58.602685] _poll_chat: data=False
[2026-07-13T03:41:59.701048] _poll_commands: data=None, paused=False
[2026-07-13T03:41:59.796908] _poll_chat: data=False
[2026-07-13T03:42:00.986414] _poll_chat: data=False
[2026-07-13T03:42:01.900961] _poll_commands: data={'55779a5d3c2d46fea9c5e89191eedbac': {'command': '.pause', 'id': 'ptest', 'timestamp': '2026-07-13T03:41:30', 'type': 'rift_command'}}, paused=False
[2026-07-13T03:42:01.901173] _poll_commands: new cmd id=ptest type=rift_command
[2026-07-13T03:42:01.901419] _on_new_command: id=ptest type=rift_command
[2026-07-13T03:42:01.901697] _on_new_command: ok=True, result=Rift paused
[2026-07-13T03:42:02.174624] _poll_chat: data=False
[2026-07-13T03:42:03.372856] _poll_chat: data=False
[2026-07-13T03:42:04.558225] _poll_chat: data=False
[2026-07-13T03:42:05.746217] _poll_chat: data=False
[2026-07-13T03:42:06.938721] _poll_chat: data=False
[2026-07-13T03:42:08.137517] _poll_chat: data=False
[2026-07-13T03:42:09.329344] _poll_chat: data=False
[2026-07-13T03:42:10.520252] _poll_chat: data=False
[2026-07-13T03:42:11.713823] _poll_chat: data=False
[2026-07-13T03:42:12.901588] _poll_chat: data=False
[2026-07-13T03:42:14.099363] _poll_chat: data=False
[2026-07-13T03:42:15.289764] _poll_chat: data=False
[2026-07-13T03:42:16.491891] _poll_chat: data=False
[2026-07-13T03:42:17.680227] _poll_chat: data=False
[2026-07-13T03:42:18.868795] _poll_chat: data=False
[2026-07-13T03:42:20.057793] _poll_chat: data=False
[2026-07-13T03:42:21.258493] _poll_chat: data=False
[2026-07-13T03:42:22.460072] _poll_chat: data=False
[2026-07-13T03:42:23.652229] _poll_chat: data=False
[2026-07-13T03:42:24.844439] _poll_chat: data=False
[2026-07-13T03:42:26.031584] _poll_chat: data=False
[2026-07-13T03:42:27.228282] _poll_chat: data=False
[2026-07-13T03:42:28.417834] _poll_chat: data=False
[2026-07-13T03:42:29.611269] _poll_chat: data=False
[2026-07-13T03:42:30.807596] _poll_chat: data=False
[2026-07-13T03:42:31.998799] _poll_chat: data=False
[2026-07-13T03:42:33.185697] _poll_chat: data=False
[2026-07-13T03:42:34.377596] _poll_chat: data=False
[2026-07-13T03:42:35.564210] _poll_chat: data=False
[2026-07-13T03:42:36.751696] _poll_chat: data=False
[2026-07-13T03:42:37.940058] _poll_chat: data=False
[2026-07-13T03:42:39.127985] _poll_chat: data=False
[2026-07-13T03:42:40.321891] _poll_chat: data=False
[2026-07-13T03:42:41.516668] _poll_chat: data=False
[2026-07-13T03:42:42.714306] _poll_chat: data=False
[2026-07-13T03:42:43.909339] _poll_chat: data=False
[2026-07-13T03:42:45.107317] _poll_chat: data=False
[2026-07-13T03:42:46.301919] _poll_chat: data=False
[2026-07-13T03:42:47.492411] _poll_chat: data=False
[2026-07-13T03:42:48.683654] _poll_chat: data=False
[2026-07-13T03:42:49.875383] _poll_chat: data=False
[2026-07-13T03:42:51.065163] _poll_chat: data=False
[2026-07-13T03:42:52.257412] _poll_chat: data=False
[2026-07-13T03:42:53.443583] _poll_chat: data=False
[2026-07-13T03:42:54.640876] _poll_chat: data=False
[2026-07-13T03:42:55.833582] _poll_chat: data=False
[2026-07-13T03:42:57.022519] _poll_chat: data=False
[2026-07-13T03:42:58.215968] _poll_chat: data=False
[2026-07-13T03:42:59.411560] _poll_chat: data=False
[2026-07-13T03:43:00.593274] _poll_chat: data=False
[2026-07-13T03:43:01.783371] _poll_chat: data=False
[2026-07-13T03:43:02.972937] _poll_chat: data=False
[2026-07-13T03:43:04.160237] _poll_chat: data=False
[2026-07-13T03:43:05.356260] _poll_chat: data=False
[2026-07-13T03:43:06.555602] _poll_chat: data=False
[2026-07-13T03:43:07.743813] _poll_chat: data=False
[2026-07-13T03:43:08.937476] _poll_chat: data=False
[2026-07-13T03:43:10.125899] _poll_chat: data=False
[2026-07-13T03:43:11.321819] _poll_chat: data=False
[2026-07-13T03:43:12.513255] _poll_chat: data=False
[2026-07-13T03:43:13.708588] _poll_chat: data=False
[2026-07-13T03:43:14.901290] _poll_chat: data=False
[2026-07-13T03:43:16.091967] _poll_chat: data=False
[2026-07-13T03:43:17.280112] _poll_chat: data=False
[2026-07-13T03:43:18.475051] _poll_chat: data=False
[2026-07-13T03:43:19.665998] _poll_chat: data=False
[2026-07-13T03:43:20.857740] _poll_chat: data=False
[2026-07-13T03:43:22.044477] _poll_chat: data=False
[2026-07-13T03:43:23.237477] _poll_chat: data=False
[2026-07-13T03:43:24.426468] _poll_chat: data=False
[2026-07-13T03:43:25.618397] _poll_chat: data=False
[2026-07-13T03:43:26.808582] _poll_chat: data=False
[2026-07-13T03:43:27.998425] _poll_chat: data=False
[2026-07-13T03:43:29.182923] _poll_chat: data=False
[2026-07-13T03:43:30.378798] _poll_chat: data=False
[2026-07-13T03:43:31.566339] _poll_chat: data=False
[2026-07-13T03:43:32.761210] _poll_chat: data=False
[2026-07-13T03:43:33.961545] _poll_chat: data=False
[2026-07-13T03:43:35.149826] _poll_chat: data=False
[2026-07-13T03:43:36.340833] _poll_chat: data=False
[2026-07-13T03:43:37.534448] _poll_chat: data=False
[2026-07-13T03:43:38.722017] _poll_chat: data=False
[2026-07-13T03:43:39.914323] _poll_chat: data=False
[2026-07-13T03:43:41.103359] _poll_chat: data=False
[2026-07-13T03:43:42.297322] _poll_chat: data=False
[2026-07-13T03:43:43.489822] _poll_chat: data=False
[2026-07-13T03:43:44.681076] _poll_chat: data=False
[2026-07-13T03:43:45.875001] _poll_chat: data=False
[2026-07-13T03:43:47.066150] _poll_chat: data=False
[2026-07-13T03:43:48.250752] _poll_chat: data=False
[2026-07-13T03:43:49.440858] _poll_chat: data=False
[2026-07-13T03:43:50.632057] _poll_chat: data=False
[2026-07-13T03:43:52.330769] _poll_chat: data=False
[2026-07-13T03:43:53.524498] _poll_chat: data=False
[2026-07-13T03:43:54.714398] _poll_chat: data=False
[2026-07-13T03:43:55.899003] _poll_chat: data=False
[2026-07-13T03:43:57.087414] _poll_chat: data=False
[2026-07-13T03:44:07.256973] _backend_init started
[2026-07-13T03:44:07.444565] _register_session: sessions/portal-821a253186c9 ok=True
[2026-07-13T03:44:07.446072] _poll_commands: data=None, paused=False
[2026-07-13T03:44:07.449291] _poll_chat: data=False
[2026-07-13T03:44:07.669565] _post_to_discord: status=204, ok=True
[2026-07-13T03:44:07.852827] _wait_for_webhook poll: data={'card_state': 'waiting', 'folder': '/home/ubuntu/repos/rift-debug', 'host': 'devin-box', 'id': 'portal-821a253186c9', 'last_seen': '2026-07-13 03:44', 'name': 'unknown@devin-box', 'opened_at': '2026-07-13 03:44', 'orb_state': 'idle', 'portal_connected': False, 'status': 'open', 'user': 'unknown', 'version': '2.1.0'}
[2026-07-13T03:44:08.646355] _poll_chat: data=False
[2026-07-13T03:44:09.044170] _wait_for_webhook poll: data={'card_state': 'waiting', 'folder': '/home/ubuntu/repos/rift-debug', 'host': 'devin-box', 'id': 'portal-821a253186c9', 'last_seen': '2026-07-13 03:44', 'name': 'unknown@devin-box', 'opened_at': '2026-07-13 03:44', 'orb_state': 'idle', 'portal_connected': False, 'status': 'open', 'user': 'unknown', 'version': '2.1.0'}
[2026-07-13T03:44:09.642912] _poll_commands: data=None, paused=False
[2026-07-13T03:44:09.836296] _poll_chat: data=False
[2026-07-13T03:44:10.227260] _wait_for_webhook poll: data={'card_state': 'waiting', 'folder': '/home/ubuntu/repos/rift-debug', 'host': 'devin-box', 'id': 'portal-821a253186c9', 'last_seen': '2026-07-13 03:44', 'name': 'unknown@devin-box', 'opened_at': '2026-07-13 03:44', 'orb_state': 'idle', 'portal_connected': False, 'status': 'open', 'user': 'unknown', 'version': '2.1.0'}
[2026-07-13T03:44:11.029959] _poll_chat: data=False
[2026-07-13T03:44:11.419514] _wait_for_webhook poll: data={'card_state': 'waiting', 'folder': '/home/ubuntu/repos/rift-debug', 'host': 'devin-box', 'id': 'portal-821a253186c9', 'last_seen': '2026-07-13 03:44', 'name': 'unknown@devin-box', 'opened_at': '2026-07-13 03:44', 'orb_state': 'idle', 'portal_connected': False, 'status': 'open', 'user': 'unknown', 'version': '2.1.0'}
[2026-07-13T03:44:11.837795] _poll_commands: data=None, paused=False
[2026-07-13T03:44:12.227456] _poll_chat: data=False
[2026-07-13T03:44:12.610048] _wait_for_webhook poll: data={'card_state': 'waiting', 'folder': '/home/ubuntu/repos/rift-debug', 'host': 'devin-box', 'id': 'portal-821a253186c9', 'last_seen': '2026-07-13 03:44', 'name': 'unknown@devin-box', 'opened_at': '2026-07-13 03:44', 'orb_state': 'idle', 'portal_connected': False, 'status': 'open', 'user': 'unknown', 'version': '2.1.0'}
[2026-07-13T03:44:13.414444] _poll_chat: data=False
[2026-07-13T03:44:13.803500] _wait_for_webhook poll: data={'card_state': 'waiting', 'folder': '/home/ubuntu/repos/rift-debug', 'host': 'devin-box', 'id': 'portal-821a253186c9', 'last_seen': '2026-07-13 03:44', 'name': 'unknown@devin-box', 'opened_at': '2026-07-13 03:44', 'orb_state': 'idle', 'portal_connected': False, 'status': 'open', 'user': 'unknown', 'version': '2.1.0'}
[2026-07-13T03:44:14.035157] _poll_commands: data=None, paused=False
[2026-07-13T03:44:14.603208] _poll_chat: data=False
[2026-07-13T03:44:14.996954] _wait_for_webhook poll: data={'card_state': 'waiting', 'folder': '/home/ubuntu/repos/rift-debug', 'host': 'devin-box', 'id': 'portal-821a253186c9', 'last_seen': '2026-07-13 03:44', 'name': 'unknown@devin-box', 'opened_at': '2026-07-13 03:44', 'orb_state': 'idle', 'portal_connected': False, 'status': 'open', 'user': 'unknown', 'version': '2.1.0'}
[2026-07-13T03:44:15.795903] _poll_chat: data=False
[2026-07-13T03:44:16.184680] _wait_for_webhook poll: data={'card_state': 'waiting', 'folder': '/home/ubuntu/repos/rift-debug', 'host': 'devin-box', 'id': 'portal-821a253186c9', 'last_seen': '2026-07-13 03:44', 'name': 'unknown@devin-box', 'opened_at': '2026-07-13 03:44', 'orb_state': 'idle', 'portal_connected': False, 'status': 'open', 'user': 'unknown', 'version': '2.1.0'}
[2026-07-13T03:44:16.236262] _poll_commands: data=None, paused=False
[2026-07-13T03:44:16.983833] _poll_chat: data=False
[2026-07-13T03:44:17.379085] _wait_for_webhook poll: data={'card_state': 'waiting', 'folder': '/home/ubuntu/repos/rift-debug', 'host': 'devin-box', 'id': 'portal-821a253186c9', 'last_seen': '2026-07-13 03:44', 'name': 'unknown@devin-box', 'opened_at': '2026-07-13 03:44', 'orb_state': 'idle', 'portal_connected': False, 'status': 'open', 'user': 'unknown', 'version': '2.1.0'}
[2026-07-13T03:44:18.179355] _poll_chat: data=False
[2026-07-13T03:44:18.434752] _poll_commands: data=None, paused=False
[2026-07-13T03:44:18.565940] _wait_for_webhook poll: data={'card_state': 'waiting', 'folder': '/home/ubuntu/repos/rift-debug', 'host': 'devin-box', 'id': 'portal-821a253186c9', 'last_seen': '2026-07-13 03:44', 'name': 'unknown@devin-box', 'opened_at': '2026-07-13 03:44', 'orb_state': 'idle', 'portal_connected': False, 'status': 'open', 'user': 'unknown', 'version': '2.1.0'}
[2026-07-13T03:44:19.370865] _poll_chat: data=False
[2026-07-13T03:44:19.750597] _wait_for_webhook poll: data={'card_state': 'waiting', 'folder': '/home/ubuntu/repos/rift-debug', 'host': 'devin-box', 'id': 'portal-821a253186c9', 'last_seen': '2026-07-13 03:44', 'name': 'unknown@devin-box', 'opened_at': '2026-07-13 03:44', 'orb_state': 'idle', 'portal_connected': False, 'status': 'open', 'user': 'unknown', 'version': '2.1.0'}
[2026-07-13T03:44:20.561939] _poll_chat: data=False
[2026-07-13T03:44:20.628891] _poll_commands: data=None, paused=False
[2026-07-13T03:44:20.936609] _wait_for_webhook poll: data={'card_state': 'waiting', 'folder': '/home/ubuntu/repos/rift-debug', 'host': 'devin-box', 'id': 'portal-821a253186c9', 'last_seen': '2026-07-13 03:44', 'name': 'unknown@devin-box', 'opened_at': '2026-07-13 03:44', 'orb_state': 'idle', 'portal_connected': False, 'status': 'open', 'user': 'unknown', 'version': '2.1.0'}
[2026-07-13T03:44:21.763176] _poll_chat: data=False
[2026-07-13T03:44:22.121544] _wait_for_webhook poll: data={'card_state': 'waiting', 'folder': '/home/ubuntu/repos/rift-debug', 'host': 'devin-box', 'id': 'portal-821a253186c9', 'last_seen': '2026-07-13 03:44', 'name': 'unknown@devin-box', 'opened_at': '2026-07-13 03:44', 'orb_state': 'idle', 'portal_connected': False, 'status': 'open', 'user': 'unknown', 'version': '2.1.0'}
[2026-07-13T03:44:22.824358] _poll_commands: data=None, paused=False
[2026-07-13T03:44:22.955454] _poll_chat: data=False
[2026-07-13T03:44:23.312197] _wait_for_webhook poll: data={'card_state': 'waiting', 'folder': '/home/ubuntu/repos/rift-debug', 'host': 'devin-box', 'id': 'portal-821a253186c9', 'last_seen': '2026-07-13 03:44', 'name': 'unknown@devin-box', 'opened_at': '2026-07-13 03:44', 'orb_state': 'idle', 'portal_connected': False, 'status': 'open', 'user': 'unknown', 'version': '2.1.0'}
[2026-07-13T03:44:24.148393] _poll_chat: data=False
[2026-07-13T03:44:24.506075] _wait_for_webhook poll: data={'card_state': 'waiting', 'folder': '/home/ubuntu/repos/rift-debug', 'host': 'devin-box', 'id': 'portal-821a253186c9', 'last_seen': '2026-07-13 03:44', 'name': 'unknown@devin-box', 'opened_at': '2026-07-13 03:44', 'orb_state': 'idle', 'portal_connected': False, 'status': 'open', 'user': 'unknown', 'version': '2.1.0'}
[2026-07-13T03:44:25.019457] _poll_commands: data=None, paused=False
[2026-07-13T03:44:25.336958] _poll_chat: data=False
[2026-07-13T03:44:25.700693] _wait_for_webhook poll: data={'card_state': 'waiting', 'folder': '/home/ubuntu/repos/rift-debug', 'host': 'devin-box', 'id': 'portal-821a253186c9', 'last_seen': '2026-07-13 03:44', 'name': 'unknown@devin-box', 'opened_at': '2026-07-13 03:44', 'orb_state': 'idle', 'portal_connected': False, 'status': 'open', 'user': 'unknown', 'version': '2.1.0'}
[2026-07-13T03:44:26.733705] _poll_chat: data=False
[2026-07-13T03:44:26.886602] _wait_for_webhook poll: data={'card_state': 'waiting', 'folder': '/home/ubuntu/repos/rift-debug', 'host': 'devin-box', 'id': 'portal-821a253186c9', 'last_seen': '2026-07-13 03:44', 'name': 'unknown@devin-box', 'opened_at': '2026-07-13 03:44', 'orb_state': 'idle', 'portal_connected': False, 'status': 'open', 'user': 'unknown', 'version': '2.1.0'}
[2026-07-13T03:44:27.208050] _poll_commands: data=None, paused=False
[2026-07-13T03:44:27.928086] _poll_chat: data=False
[2026-07-13T03:44:28.077624] _wait_for_webhook poll: data={'card_state': 'waiting', 'folder': '/home/ubuntu/repos/rift-debug', 'host': 'devin-box', 'id': 'portal-821a253186c9', 'last_seen': '2026-07-13 03:44', 'name': 'unknown@devin-box', 'opened_at': '2026-07-13 03:44', 'orb_state': 'idle', 'portal_connected': False, 'status': 'open', 'user': 'unknown', 'version': '2.1.0'}
[2026-07-13T03:44:29.118260] _poll_chat: data=False
[2026-07-13T03:44:29.267816] _wait_for_webhook poll: data={'card_state': 'waiting', 'folder': '/home/ubuntu/repos/rift-debug', 'host': 'devin-box', 'id': 'portal-821a253186c9', 'last_seen': '2026-07-13 03:44', 'name': 'unknown@devin-box', 'opened_at': '2026-07-13 03:44', 'orb_state': 'idle', 'portal_connected': False, 'status': 'open', 'user': 'unknown', 'version': '2.1.0'}
[2026-07-13T03:44:29.402461] _poll_commands: data=None, paused=False
[2026-07-13T03:44:30.307677] _poll_chat: data=False
[2026-07-13T03:44:30.458461] _wait_for_webhook poll: data={'card_state': 'waiting', 'folder': '/home/ubuntu/repos/rift-debug', 'host': 'devin-box', 'id': 'portal-821a253186c9', 'last_seen': '2026-07-13 03:44', 'name': 'unknown@devin-box', 'opened_at': '2026-07-13 03:44', 'orb_state': 'idle', 'portal_connected': False, 'status': 'open', 'user': 'unknown', 'version': '2.1.0'}
[2026-07-13T03:44:31.494772] _poll_chat: data=False
[2026-07-13T03:44:31.597118] _poll_commands: data=None, paused=False
[2026-07-13T03:44:31.651753] _wait_for_webhook poll: data={'card_state': 'waiting', 'folder': '/home/ubuntu/repos/rift-debug', 'host': 'devin-box', 'id': 'portal-821a253186c9', 'last_seen': '2026-07-13 03:44', 'name': 'unknown@devin-box', 'opened_at': '2026-07-13 03:44', 'orb_state': 'idle', 'portal_connected': False, 'status': 'open', 'user': 'unknown', 'version': '2.1.0'}
[2026-07-13T03:44:32.681020] _poll_chat: data=False
[2026-07-13T03:44:32.839977] _wait_for_webhook poll: data={'card_state': 'waiting', 'commands': {'d51ef4a543a34769bf7d7c1eff4b4fb7': {'command': '.pause', 'id': '3d202d91dfe34ac6a6c002cc04c6e367', 'timestamp': '2026-07-13T03:44:00', 'type': 'rift_command'}}, 'folder': '/home/ubuntu/repos/rift-debug', 'host': 'devin-box', 'id': 'portal-821a253186c9', 'last_seen': '2026-07-13 03:44', 'name': 'unknown@devin-box', 'opened_at': '2026-07-13 03:44', 'orb_state': 'idle', 'portal_connected': False, 'status': 'open', 'user': 'unknown', 'version': '2.1.0'}
[2026-07-13T03:44:33.793969] _poll_commands: data={'d51ef4a543a34769bf7d7c1eff4b4fb7': {'command': '.pause', 'id': '3d202d91dfe34ac6a6c002cc04c6e367', 'timestamp': '2026-07-13T03:44:00', 'type': 'rift_command'}}, paused=False
[2026-07-13T03:44:33.794172] _poll_commands: new cmd id=3d202d91dfe34ac6a6c002cc04c6e367 type=rift_command
[2026-07-13T03:44:33.794377] _on_new_command: id=3d202d91dfe34ac6a6c002cc04c6e367 type=rift_command
[2026-07-13T03:44:33.794648] _on_new_command: ok=True, result=Rift paused
[2026-07-13T03:44:33.863382] _poll_chat: data=False
[2026-07-13T03:44:34.034698] _wait_for_webhook poll: data={'card_state': 'waiting', 'commands': {'d51ef4a543a34769bf7d7c1eff4b4fb7': {'command': '.pause', 'id': '3d202d91dfe34ac6a6c002cc04c6e367', 'timestamp': '2026-07-13T03:44:00', 'type': 'rift_command'}}, 'folder': '/home/ubuntu/repos/rift-debug', 'host': 'devin-box', 'id': 'portal-821a253186c9', 'last_seen': '2026-07-13 03:44', 'name': 'unknown@devin-box', 'opened_at': '2026-07-13 03:44', 'orb_state': 'idle', 'portal_connected': False, 'results': {'3d202d91dfe34ac6a6c002cc04c6e367': {'id': '3d202d91dfe34ac6a6c002cc04c6e367', 'ok': True, 'result': 'Rift paused', 'timestamp': '2026-07-13 03:44', 'type': 'rift_command'}}, 'status': 'open', 'user': 'unknown', 'version': '2.1.0'}
[2026-07-13T03:44:35.049882] _poll_chat: data=False
[2026-07-13T03:44:35.221256] _wait_for_webhook poll: data={'card_state': 'waiting', 'commands': {'d51ef4a543a34769bf7d7c1eff4b4fb7': {'command': '.pause', 'id': '3d202d91dfe34ac6a6c002cc04c6e367', 'timestamp': '2026-07-13T03:44:00', 'type': 'rift_command'}, 'fcef5d38ed0543369ea25aac6a8c9004': {'command': '.pause', 'id': '5af302a1e57940a88ef5d62954fbca9a', 'timestamp': '2026-07-13T03:44:00', 'type': 'rift_command'}}, 'folder': '/home/ubuntu/repos/rift-debug', 'host': 'devin-box', 'id': 'portal-821a253186c9', 'last_seen': '2026-07-13 03:44', 'name': 'unknown@devin-box', 'opened_at': '2026-07-13 03:44', 'orb_state': 'idle', 'portal_connected': False, 'results': {'3d202d91dfe34ac6a6c002cc04c6e367': {'id': '3d202d91dfe34ac6a6c002cc04c6e367', 'ok': True, 'result': 'Rift paused', 'timestamp': '2026-07-13 03:44', 'type': 'rift_command'}}, 'status': 'open', 'user': 'unknown', 'version': '2.1.0'}
[2026-07-13T03:44:35.987419] _poll_commands: data={'d51ef4a543a34769bf7d7c1eff4b4fb7': {'command': '.pause', 'id': '3d202d91dfe34ac6a6c002cc04c6e367', 'timestamp': '2026-07-13T03:44:00', 'type': 'rift_command'}, 'fcef5d38ed0543369ea25aac6a8c9004': {'command': '.pause', 'id': '5af302a1e57940a88ef5d62954fbca9a', 'timestamp': '2026-07-13T03:44:00', 'type': 'rift_command'}}, paused=True
[2026-07-13T03:44:35.987603] _poll_commands: new cmd id=5af302a1e57940a88ef5d62954fbca9a type=rift_command
[2026-07-13T03:44:35.988035] _on_new_command: id=5af302a1e57940a88ef5d62954fbca9a type=rift_command
[2026-07-13T03:44:35.988302] _on_new_command: ok=True, result=Rift resumed
[2026-07-13T03:44:36.236649] _poll_chat: data=False
[2026-07-13T03:44:36.409323] _wait_for_webhook poll: data={'card_state': 'waiting', 'commands': {'d51ef4a543a34769bf7d7c1eff4b4fb7': {'command': '.pause', 'id': '3d202d91dfe34ac6a6c002cc04c6e367', 'timestamp': '2026-07-13T03:44:00', 'type': 'rift_command'}, 'fcef5d38ed0543369ea25aac6a8c9004': {'command': '.pause', 'id': '5af302a1e57940a88ef5d62954fbca9a', 'timestamp': '2026-07-13T03:44:00', 'type': 'rift_command'}}, 'folder': '/home/ubuntu/repos/rift-debug', 'host': 'devin-box', 'id': 'portal-821a253186c9', 'last_seen': '2026-07-13 03:44', 'name': 'unknown@devin-box', 'opened_at': '2026-07-13 03:44', 'orb_state': 'idle', 'portal_connected': False, 'results': {'3d202d91dfe34ac6a6c002cc04c6e367': {'id': '3d202d91dfe34ac6a6c002cc04c6e367', 'ok': True, 'result': 'Rift paused', 'timestamp': '2026-07-13 03:44', 'type': 'rift_command'}, '5af302a1e57940a88ef5d62954fbca9a': {'id': '5af302a1e57940a88ef5d62954fbca9a', 'ok': True, 'result': 'Rift resumed', 'timestamp': '2026-07-13 03:44', 'type': 'rift_command'}}, 'status': 'open', 'user': 'unknown', 'version': '2.1.0'}
[2026-07-13T03:44:37.426201] _poll_chat: data=False
[2026-07-13T03:44:37.596069] _wait_for_webhook poll: data={'card_state': 'waiting', 'commands': {'d51ef4a543a34769bf7d7c1eff4b4fb7': {'command': '.pause', 'id': '3d202d91dfe34ac6a6c002cc04c6e367', 'timestamp': '2026-07-13T03:44:00', 'type': 'rift_command'}, 'fcef5d38ed0543369ea25aac6a8c9004': {'command': '.pause', 'id': '5af302a1e57940a88ef5d62954fbca9a', 'timestamp': '2026-07-13T03:44:00', 'type': 'rift_command'}}, 'folder': '/home/ubuntu/repos/rift-debug', 'host': 'devin-box', 'id': 'portal-821a253186c9', 'last_seen': '2026-07-13 03:44', 'name': 'unknown@devin-box', 'opened_at': '2026-07-13 03:44', 'orb_state': 'idle', 'portal_connected': False, 'results': {'3d202d91dfe34ac6a6c002cc04c6e367': {'id': '3d202d91dfe34ac6a6c002cc04c6e367', 'ok': True, 'result': 'Rift paused', 'timestamp': '2026-07-13 03:44', 'type': 'rift_command'}, '5af302a1e57940a88ef5d62954fbca9a': {'id': '5af302a1e57940a88ef5d62954fbca9a', 'ok': True, 'result': 'Rift resumed', 'timestamp': '2026-07-13 03:44', 'type': 'rift_command'}}, 'status': 'open', 'user': 'unknown', 'version': '2.1.0'}
[2026-07-13T03:44:38.183423] _poll_commands: data={'d51ef4a543a34769bf7d7c1eff4b4fb7': {'command': '.pause', 'id': '3d202d91dfe34ac6a6c002cc04c6e367', 'timestamp': '2026-07-13T03:44:00', 'type': 'rift_command'}, 'fcef5d38ed0543369ea25aac6a8c9004': {'command': '.pause', 'id': '5af302a1e57940a88ef5d62954fbca9a', 'timestamp': '2026-07-13T03:44:00', 'type': 'rift_command'}}, paused=False
[2026-07-13T03:44:38.601258] _wait_for_webhook: timed out, using default webhook
[2026-07-13T03:44:38.601344] _backend_init finished
[2026-07-13T03:44:38.611476] _poll_chat: data=False
[2026-07-13T03:44:39.803744] _poll_chat: data=False
[2026-07-13T03:44:40.373838] _poll_commands: data=None, paused=False
[2026-07-13T03:44:40.994423] _poll_chat: data=False
[2026-07-13T03:44:42.186524] _poll_chat: data=False
[2026-07-13T03:44:42.563620] _poll_commands: data=None, paused=False
[2026-07-13T03:44:43.381226] _poll_chat: data=False
[2026-07-13T03:44:44.575494] _poll_chat: data=False
[2026-07-13T03:44:44.757237] _poll_commands: data=None, paused=False
[2026-07-13T03:44:45.765429] _poll_chat: data=False
[2026-07-13T03:44:46.948331] _poll_commands: data=None, paused=False
[2026-07-13T03:44:46.951922] _poll_chat: data=False
[2026-07-13T03:44:48.139522] _poll_chat: data=False
[2026-07-13T03:44:49.141361] _poll_commands: data=None, paused=False
[2026-07-13T03:44:49.376553] _poll_chat: data=False
[2026-07-13T03:44:50.610633] _poll_chat: data=False
[2026-07-13T03:44:51.329590] _poll_commands: data=None, paused=False
[2026-07-13T03:44:51.799735] _poll_chat: data=False
[2026-07-13T03:44:52.991750] _poll_chat: data=False
[2026-07-13T03:44:53.525308] _poll_commands: data=None, paused=False
[2026-07-13T03:44:54.181102] _poll_chat: data=False
[2026-07-13T03:44:55.371192] _poll_chat: data=False
[2026-07-13T03:44:55.721357] _poll_commands: data=None, paused=False
[2026-07-13T03:44:56.563696] _poll_chat: data=False
[2026-07-13T03:44:57.752017] _poll_chat: data=False
[2026-07-13T03:44:57.916467] _poll_commands: data=None, paused=False
[2026-07-13T03:44:58.947443] _poll_chat: data=False
[2026-07-13T03:45:00.107497] _poll_commands: data=None, paused=False
[2026-07-13T03:45:00.148087] _poll_chat: data=False
[2026-07-13T03:45:01.346833] _poll_chat: data=False
[2026-07-13T03:45:02.300473] _poll_commands: data=None, paused=False
[2026-07-13T03:45:02.531780] _poll_chat: data=False
[2026-07-13T03:45:03.720545] _poll_chat: data=False
[2026-07-13T03:45:04.493824] _poll_commands: data=None, paused=False
[2026-07-13T03:45:04.906735] _poll_chat: data=False
[2026-07-13T03:45:06.092242] _poll_chat: data=False
[2026-07-13T03:45:06.684424] _poll_commands: data={'064487500a6d4611852f1ee05db5e6e8': {'command': '.vision', 'id': '6d3931fcc8134a6584fd09fb3002dc69', 'timestamp': '2026-07-13T03:44:30', 'type': 'rift_command'}}, paused=False
[2026-07-13T03:45:06.684624] _poll_commands: new cmd id=6d3931fcc8134a6584fd09fb3002dc69 type=rift_command
[2026-07-13T03:45:06.685031] _on_new_command: id=6d3931fcc8134a6584fd09fb3002dc69 type=rift_command
[2026-07-13T03:45:06.685282] _on_new_command: ok=True, result=Vision active
[2026-07-13T03:45:07.276272] _poll_chat: data=False
[2026-07-13T03:45:08.464132] _poll_chat: data=False
[2026-07-13T03:45:08.876298] _poll_commands: data={'064487500a6d4611852f1ee05db5e6e8': {'command': '.vision', 'id': '6d3931fcc8134a6584fd09fb3002dc69', 'timestamp': '2026-07-13T03:44:30', 'type': 'rift_command'}, '23f29ea025b5466ab84402c5cbbe7594': {'command': '.vision', 'id': '1ef1864c45954f79bbd5479bf79d5997', 'timestamp': '2026-07-13T03:44:30', 'type': 'rift_command'}}, paused=False
[2026-07-13T03:45:08.876499] _poll_commands: new cmd id=1ef1864c45954f79bbd5479bf79d5997 type=rift_command
[2026-07-13T03:45:08.877037] _on_new_command: id=1ef1864c45954f79bbd5479bf79d5997 type=rift_command
[2026-07-13T03:45:08.877270] _on_new_command: ok=True, result=Vision active
[2026-07-13T03:45:09.652781] _poll_chat: data=False
[2026-07-13T03:45:10.842600] _poll_chat: data=False
[2026-07-13T03:45:11.073708] _poll_commands: data={'064487500a6d4611852f1ee05db5e6e8': {'command': '.vision', 'id': '6d3931fcc8134a6584fd09fb3002dc69', 'timestamp': '2026-07-13T03:44:30', 'type': 'rift_command'}, '23f29ea025b5466ab84402c5cbbe7594': {'command': '.vision', 'id': '1ef1864c45954f79bbd5479bf79d5997', 'timestamp': '2026-07-13T03:44:30', 'type': 'rift_command'}}, paused=False
[2026-07-13T03:45:12.029896] _poll_chat: data=False
[2026-07-13T03:45:13.225539] _poll_chat: data=False
[2026-07-13T03:45:13.268199] _poll_commands: data={'064487500a6d4611852f1ee05db5e6e8': {'command': '.vision', 'id': '6d3931fcc8134a6584fd09fb3002dc69', 'timestamp': '2026-07-13T03:44:30', 'type': 'rift_command'}, '23f29ea025b5466ab84402c5cbbe7594': {'command': '.vision', 'id': '1ef1864c45954f79bbd5479bf79d5997', 'timestamp': '2026-07-13T03:44:30', 'type': 'rift_command'}}, paused=False
[2026-07-13T03:45:14.415852] _poll_chat: data=False
[2026-07-13T03:45:15.464753] _poll_commands: data={'064487500a6d4611852f1ee05db5e6e8': {'command': '.vision', 'id': '6d3931fcc8134a6584fd09fb3002dc69', 'timestamp': '2026-07-13T03:44:30', 'type': 'rift_command'}, '23f29ea025b5466ab84402c5cbbe7594': {'command': '.vision', 'id': '1ef1864c45954f79bbd5479bf79d5997', 'timestamp': '2026-07-13T03:44:30', 'type': 'rift_command'}}, paused=False
[2026-07-13T03:45:15.604948] _poll_chat: data=False
[2026-07-13T03:45:16.790530] _poll_chat: data=False
[2026-07-13T03:45:17.659116] _poll_commands: data={'064487500a6d4611852f1ee05db5e6e8': {'command': '.vision', 'id': '6d3931fcc8134a6584fd09fb3002dc69', 'timestamp': '2026-07-13T03:44:30', 'type': 'rift_command'}, '23f29ea025b5466ab84402c5cbbe7594': {'command': '.vision', 'id': '1ef1864c45954f79bbd5479bf79d5997', 'timestamp': '2026-07-13T03:44:30', 'type': 'rift_command'}}, paused=False
[2026-07-13T03:45:17.975289] _poll_chat: data=False
[2026-07-13T03:45:19.163855] _poll_chat: data=False
[2026-07-13T03:45:19.855661] _poll_commands: data={'064487500a6d4611852f1ee05db5e6e8': {'command': '.vision', 'id': '6d3931fcc8134a6584fd09fb3002dc69', 'timestamp': '2026-07-13T03:44:30', 'type': 'rift_command'}, '23f29ea025b5466ab84402c5cbbe7594': {'command': '.vision', 'id': '1ef1864c45954f79bbd5479bf79d5997', 'timestamp': '2026-07-13T03:44:30', 'type': 'rift_command'}}, paused=False
[2026-07-13T03:45:20.352643] _poll_chat: data=False
[2026-07-13T03:45:21.544409] _poll_chat: data=False
[2026-07-13T03:45:22.049857] _poll_commands: data={'064487500a6d4611852f1ee05db5e6e8': {'command': '.vision', 'id': '6d3931fcc8134a6584fd09fb3002dc69', 'timestamp': '2026-07-13T03:44:30', 'type': 'rift_command'}, '23f29ea025b5466ab84402c5cbbe7594': {'command': '.vision', 'id': '1ef1864c45954f79bbd5479bf79d5997', 'timestamp': '2026-07-13T03:44:30', 'type': 'rift_command'}}, paused=False
[2026-07-13T03:45:22.733791] _poll_chat: data=False
[2026-07-13T03:45:23.920525] _poll_chat: data=False
[2026-07-13T03:45:24.248064] _poll_commands: data={'064487500a6d4611852f1ee05db5e6e8': {'command': '.vision', 'id': '6d3931fcc8134a6584fd09fb3002dc69', 'timestamp': '2026-07-13T03:44:30', 'type': 'rift_command'}, '23f29ea025b5466ab84402c5cbbe7594': {'command': '.vision', 'id': '1ef1864c45954f79bbd5479bf79d5997', 'timestamp': '2026-07-13T03:44:30', 'type': 'rift_command'}}, paused=False
[2026-07-13T03:45:25.113860] _poll_chat: data=False
[2026-07-13T03:45:26.307305] _poll_chat: data=False
[2026-07-13T03:45:26.448771] _poll_commands: data={'064487500a6d4611852f1ee05db5e6e8': {'command': '.vision', 'id': '6d3931fcc8134a6584fd09fb3002dc69', 'timestamp': '2026-07-13T03:44:30', 'type': 'rift_command'}, '23f29ea025b5466ab84402c5cbbe7594': {'command': '.vision', 'id': '1ef1864c45954f79bbd5479bf79d5997', 'timestamp': '2026-07-13T03:44:30', 'type': 'rift_command'}}, paused=False
[2026-07-13T03:45:27.490388] _poll_chat: data=False
[2026-07-13T03:45:28.644142] _poll_commands: data={'064487500a6d4611852f1ee05db5e6e8': {'command': '.vision', 'id': '6d3931fcc8134a6584fd09fb3002dc69', 'timestamp': '2026-07-13T03:44:30', 'type': 'rift_command'}, '23f29ea025b5466ab84402c5cbbe7594': {'command': '.vision', 'id': '1ef1864c45954f79bbd5479bf79d5997', 'timestamp': '2026-07-13T03:44:30', 'type': 'rift_command'}}, paused=False
[2026-07-13T03:45:28.676731] _poll_chat: data=False
[2026-07-13T03:45:29.870193] _poll_chat: data=False
[2026-07-13T03:45:30.841642] _poll_commands: data={'064487500a6d4611852f1ee05db5e6e8': {'command': '.vision', 'id': '6d3931fcc8134a6584fd09fb3002dc69', 'timestamp': '2026-07-13T03:44:30', 'type': 'rift_command'}, '23f29ea025b5466ab84402c5cbbe7594': {'command': '.vision', 'id': '1ef1864c45954f79bbd5479bf79d5997', 'timestamp': '2026-07-13T03:44:30', 'type': 'rift_command'}}, paused=False
[2026-07-13T03:45:31.060632] _poll_chat: data=False
[2026-07-13T03:45:32.253804] _poll_chat: data=False
[2026-07-13T03:45:33.042311] _poll_commands: data={'064487500a6d4611852f1ee05db5e6e8': {'command': '.vision', 'id': '6d3931fcc8134a6584fd09fb3002dc69', 'timestamp': '2026-07-13T03:44:30', 'type': 'rift_command'}, '23f29ea025b5466ab84402c5cbbe7594': {'command': '.vision', 'id': '1ef1864c45954f79bbd5479bf79d5997', 'timestamp': '2026-07-13T03:44:30', 'type': 'rift_command'}}, paused=False
[2026-07-13T03:45:33.441264] _poll_chat: data=False
[2026-07-13T03:45:34.635702] _poll_chat: data=False
[2026-07-13T03:45:35.234727] _poll_commands: data={'064487500a6d4611852f1ee05db5e6e8': {'command': '.vision', 'id': '6d3931fcc8134a6584fd09fb3002dc69', 'timestamp': '2026-07-13T03:44:30', 'type': 'rift_command'}, '23f29ea025b5466ab84402c5cbbe7594': {'command': '.vision', 'id': '1ef1864c45954f79bbd5479bf79d5997', 'timestamp': '2026-07-13T03:44:30', 'type': 'rift_command'}}, paused=False
[2026-07-13T03:45:35.832144] _poll_chat: data=False
[2026-07-13T03:45:37.025983] _poll_chat: data=False
[2026-07-13T03:45:37.434544] _poll_commands: data={'064487500a6d4611852f1ee05db5e6e8': {'command': '.vision', 'id': '6d3931fcc8134a6584fd09fb3002dc69', 'timestamp': '2026-07-13T03:44:30', 'type': 'rift_command'}, '23f29ea025b5466ab84402c5cbbe7594': {'command': '.vision', 'id': '1ef1864c45954f79bbd5479bf79d5997', 'timestamp': '2026-07-13T03:44:30', 'type': 'rift_command'}}, paused=False
[2026-07-13T03:45:38.216043] _poll_chat: data=False
[2026-07-13T03:45:39.412516] _poll_chat: data=False
[2026-07-13T03:45:39.631105] _poll_commands: data={'064487500a6d4611852f1ee05db5e6e8': {'command': '.vision', 'id': '6d3931fcc8134a6584fd09fb3002dc69', 'timestamp': '2026-07-13T03:44:30', 'type': 'rift_command'}, '23f29ea025b5466ab84402c5cbbe7594': {'command': '.vision', 'id': '1ef1864c45954f79bbd5479bf79d5997', 'timestamp': '2026-07-13T03:44:30', 'type': 'rift_command'}}, paused=False
[2026-07-13T03:45:40.606101] _poll_chat: data=False
[2026-07-13T03:45:41.796013] _poll_chat: data=False
[2026-07-13T03:45:41.823315] _poll_commands: data={'064487500a6d4611852f1ee05db5e6e8': {'command': '.vision', 'id': '6d3931fcc8134a6584fd09fb3002dc69', 'timestamp': '2026-07-13T03:44:30', 'type': 'rift_command'}, '23f29ea025b5466ab84402c5cbbe7594': {'command': '.vision', 'id': '1ef1864c45954f79bbd5479bf79d5997', 'timestamp': '2026-07-13T03:44:30', 'type': 'rift_command'}}, paused=False
[2026-07-13T03:45:42.982085] _poll_chat: data=False
[2026-07-13T03:45:44.018411] _poll_commands: data={'064487500a6d4611852f1ee05db5e6e8': {'command': '.vision', 'id': '6d3931fcc8134a6584fd09fb3002dc69', 'timestamp': '2026-07-13T03:44:30', 'type': 'rift_command'}, '23f29ea025b5466ab84402c5cbbe7594': {'command': '.vision', 'id': '1ef1864c45954f79bbd5479bf79d5997', 'timestamp': '2026-07-13T03:44:30', 'type': 'rift_command'}}, paused=False
[2026-07-13T03:45:44.175443] _poll_chat: data=False
[2026-07-13T03:45:45.363091] _poll_chat: data=False
[2026-07-13T03:45:46.217104] _poll_commands: data={'064487500a6d4611852f1ee05db5e6e8': {'command': '.vision', 'id': '6d3931fcc8134a6584fd09fb3002dc69', 'timestamp': '2026-07-13T03:44:30', 'type': 'rift_command'}, '23f29ea025b5466ab84402c5cbbe7594': {'command': '.vision', 'id': '1ef1864c45954f79bbd5479bf79d5997', 'timestamp': '2026-07-13T03:44:30', 'type': 'rift_command'}}, paused=False
[2026-07-13T03:45:46.552506] _poll_chat: data=False
[2026-07-13T03:45:47.745297] _poll_chat: data=False
[2026-07-13T03:45:48.408324] _poll_commands: data={'064487500a6d4611852f1ee05db5e6e8': {'command': '.vision', 'id': '6d3931fcc8134a6584fd09fb3002dc69', 'timestamp': '2026-07-13T03:44:30', 'type': 'rift_command'}, '23f29ea025b5466ab84402c5cbbe7594': {'command': '.vision', 'id': '1ef1864c45954f79bbd5479bf79d5997', 'timestamp': '2026-07-13T03:44:30', 'type': 'rift_command'}}, paused=False
[2026-07-13T03:45:48.935944] _poll_chat: data=False
[2026-07-13T03:45:50.129668] _poll_chat: data=False
[2026-07-13T03:45:50.600504] _poll_commands: data={'064487500a6d4611852f1ee05db5e6e8': {'command': '.vision', 'id': '6d3931fcc8134a6584fd09fb3002dc69', 'timestamp': '2026-07-13T03:44:30', 'type': 'rift_command'}, '23f29ea025b5466ab84402c5cbbe7594': {'command': '.vision', 'id': '1ef1864c45954f79bbd5479bf79d5997', 'timestamp': '2026-07-13T03:44:30', 'type': 'rift_command'}}, paused=False
[2026-07-13T03:45:51.320186] _poll_chat: data=False
[2026-07-13T03:45:52.509246] _poll_chat: data=False
[2026-07-13T03:45:52.797308] _poll_commands: data={'064487500a6d4611852f1ee05db5e6e8': {'command': '.vision', 'id': '6d3931fcc8134a6584fd09fb3002dc69', 'timestamp': '2026-07-13T03:44:30', 'type': 'rift_command'}, '23f29ea025b5466ab84402c5cbbe7594': {'command': '.vision', 'id': '1ef1864c45954f79bbd5479bf79d5997', 'timestamp': '2026-07-13T03:44:30', 'type': 'rift_command'}}, paused=False
[2026-07-13T03:45:53.697343] _poll_chat: data=False
[2026-07-13T03:45:54.892303] _poll_chat: data=False
[2026-07-13T03:45:54.990331] _poll_commands: data={'064487500a6d4611852f1ee05db5e6e8': {'command': '.vision', 'id': '6d3931fcc8134a6584fd09fb3002dc69', 'timestamp': '2026-07-13T03:44:30', 'type': 'rift_command'}, '23f29ea025b5466ab84402c5cbbe7594': {'command': '.vision', 'id': '1ef1864c45954f79bbd5479bf79d5997', 'timestamp': '2026-07-13T03:44:30', 'type': 'rift_command'}}, paused=False
[2026-07-13T03:45:56.077730] _poll_chat: data=False
[2026-07-13T03:45:57.184164] _poll_commands: data={'064487500a6d4611852f1ee05db5e6e8': {'command': '.vision', 'id': '6d3931fcc8134a6584fd09fb3002dc69', 'timestamp': '2026-07-13T03:44:30', 'type': 'rift_command'}, '23f29ea025b5466ab84402c5cbbe7594': {'command': '.vision', 'id': '1ef1864c45954f79bbd5479bf79d5997', 'timestamp': '2026-07-13T03:44:30', 'type': 'rift_command'}}, paused=False
[2026-07-13T03:45:57.263064] _poll_chat: data=False
[2026-07-13T03:45:58.455601] _poll_chat: data=False
[2026-07-13T03:45:59.376424] _poll_commands: data={'064487500a6d4611852f1ee05db5e6e8': {'command': '.vision', 'id': '6d3931fcc8134a6584fd09fb3002dc69', 'timestamp': '2026-07-13T03:44:30', 'type': 'rift_command'}, '23f29ea025b5466ab84402c5cbbe7594': {'command': '.vision', 'id': '1ef1864c45954f79bbd5479bf79d5997', 'timestamp': '2026-07-13T03:44:30', 'type': 'rift_command'}}, paused=False
[2026-07-13T03:45:59.640742] _poll_chat: data=False
[2026-07-13T03:46:00.829006] _poll_chat: data=False
[2026-07-13T03:46:01.570507] _poll_commands: data={'064487500a6d4611852f1ee05db5e6e8': {'command': '.vision', 'id': '6d3931fcc8134a6584fd09fb3002dc69', 'timestamp': '2026-07-13T03:44:30', 'type': 'rift_command'}, '23f29ea025b5466ab84402c5cbbe7594': {'command': '.vision', 'id': '1ef1864c45954f79bbd5479bf79d5997', 'timestamp': '2026-07-13T03:44:30', 'type': 'rift_command'}}, paused=False
[2026-07-13T03:46:02.020052] _poll_chat: data=False
[2026-07-13T03:46:03.210028] _poll_chat: data=False
[2026-07-13T03:46:03.765679] _poll_commands: data={'064487500a6d4611852f1ee05db5e6e8': {'command': '.vision', 'id': '6d3931fcc8134a6584fd09fb3002dc69', 'timestamp': '2026-07-13T03:44:30', 'type': 'rift_command'}, '23f29ea025b5466ab84402c5cbbe7594': {'command': '.vision', 'id': '1ef1864c45954f79bbd5479bf79d5997', 'timestamp': '2026-07-13T03:44:30', 'type': 'rift_command'}}, paused=False
[2026-07-13T03:46:04.399034] _poll_chat: data=False
[2026-07-13T03:46:05.585695] _poll_chat: data=False
[2026-07-13T03:46:05.961034] _poll_commands: data={'064487500a6d4611852f1ee05db5e6e8': {'command': '.vision', 'id': '6d3931fcc8134a6584fd09fb3002dc69', 'timestamp': '2026-07-13T03:44:30', 'type': 'rift_command'}, '23f29ea025b5466ab84402c5cbbe7594': {'command': '.vision', 'id': '1ef1864c45954f79bbd5479bf79d5997', 'timestamp': '2026-07-13T03:44:30', 'type': 'rift_command'}}, paused=False
[2026-07-13T03:46:06.782263] _poll_chat: data=False
[2026-07-13T03:46:07.964278] _poll_chat: data=False
[2026-07-13T03:46:08.155688] _poll_commands: data={'064487500a6d4611852f1ee05db5e6e8': {'command': '.vision', 'id': '6d3931fcc8134a6584fd09fb3002dc69', 'timestamp': '2026-07-13T03:44:30', 'type': 'rift_command'}, '23f29ea025b5466ab84402c5cbbe7594': {'command': '.vision', 'id': '1ef1864c45954f79bbd5479bf79d5997', 'timestamp': '2026-07-13T03:44:30', 'type': 'rift_command'}}, paused=False
[2026-07-13T03:46:09.148342] _poll_chat: data=False
[2026-07-13T03:46:10.346108] _poll_chat: data=False
[2026-07-13T03:46:10.346731] _poll_commands: data={'064487500a6d4611852f1ee05db5e6e8': {'command': '.vision', 'id': '6d3931fcc8134a6584fd09fb3002dc69', 'timestamp': '2026-07-13T03:44:30', 'type': 'rift_command'}, '23f29ea025b5466ab84402c5cbbe7594': {'command': '.vision', 'id': '1ef1864c45954f79bbd5479bf79d5997', 'timestamp': '2026-07-13T03:44:30', 'type': 'rift_command'}}, paused=False
[2026-07-13T03:46:11.538071] _poll_chat: data=False
[2026-07-13T03:46:12.547616] _poll_commands: data={'064487500a6d4611852f1ee05db5e6e8': {'command': '.vision', 'id': '6d3931fcc8134a6584fd09fb3002dc69', 'timestamp': '2026-07-13T03:44:30', 'type': 'rift_command'}, '23f29ea025b5466ab84402c5cbbe7594': {'command': '.vision', 'id': '1ef1864c45954f79bbd5479bf79d5997', 'timestamp': '2026-07-13T03:44:30', 'type': 'rift_command'}}, paused=False
[2026-07-13T03:46:12.729692] _poll_chat: data=False
[2026-07-13T03:46:13.927512] _poll_chat: data=False
[2026-07-13T03:46:14.742764] _poll_commands: data={'064487500a6d4611852f1ee05db5e6e8': {'command': '.vision', 'id': '6d3931fcc8134a6584fd09fb3002dc69', 'timestamp': '2026-07-13T03:44:30', 'type': 'rift_command'}, '23f29ea025b5466ab84402c5cbbe7594': {'command': '.vision', 'id': '1ef1864c45954f79bbd5479bf79d5997', 'timestamp': '2026-07-13T03:44:30', 'type': 'rift_command'}}, paused=False
[2026-07-13T03:46:15.118984] _poll_chat: data=False
[2026-07-13T03:46:16.306439] _poll_chat: data=False
[2026-07-13T03:46:16.939054] _poll_commands: data={'064487500a6d4611852f1ee05db5e6e8': {'command': '.vision', 'id': '6d3931fcc8134a6584fd09fb3002dc69', 'timestamp': '2026-07-13T03:44:30', 'type': 'rift_command'}, '23f29ea025b5466ab84402c5cbbe7594': {'command': '.vision', 'id': '1ef1864c45954f79bbd5479bf79d5997', 'timestamp': '2026-07-13T03:44:30', 'type': 'rift_command'}}, paused=False
[2026-07-13T03:46:17.493668] _poll_chat: data=False
[2026-07-13T03:46:18.686937] _poll_chat: data=False
[2026-07-13T03:46:19.133754] _poll_commands: data={'064487500a6d4611852f1ee05db5e6e8': {'command': '.vision', 'id': '6d3931fcc8134a6584fd09fb3002dc69', 'timestamp': '2026-07-13T03:44:30', 'type': 'rift_command'}, '23f29ea025b5466ab84402c5cbbe7594': {'command': '.vision', 'id': '1ef1864c45954f79bbd5479bf79d5997', 'timestamp': '2026-07-13T03:44:30', 'type': 'rift_command'}}, paused=False
[2026-07-13T03:46:19.879369] _poll_chat: data=False
[2026-07-13T03:46:21.072361] _poll_chat: data=False
[2026-07-13T03:46:21.334276] _poll_commands: data={'064487500a6d4611852f1ee05db5e6e8': {'command': '.vision', 'id': '6d3931fcc8134a6584fd09fb3002dc69', 'timestamp': '2026-07-13T03:44:30', 'type': 'rift_command'}, '23f29ea025b5466ab84402c5cbbe7594': {'command': '.vision', 'id': '1ef1864c45954f79bbd5479bf79d5997', 'timestamp': '2026-07-13T03:44:30', 'type': 'rift_command'}}, paused=False
[2026-07-13T03:46:22.261620] _poll_chat: data=False
[2026-07-13T03:46:23.452612] _poll_chat: data=False
[2026-07-13T03:46:23.529286] _poll_commands: data={'064487500a6d4611852f1ee05db5e6e8': {'command': '.vision', 'id': '6d3931fcc8134a6584fd09fb3002dc69', 'timestamp': '2026-07-13T03:44:30', 'type': 'rift_command'}, '23f29ea025b5466ab84402c5cbbe7594': {'command': '.vision', 'id': '1ef1864c45954f79bbd5479bf79d5997', 'timestamp': '2026-07-13T03:44:30', 'type': 'rift_command'}}, paused=False
[2026-07-13T03:46:24.645694] _poll_chat: data=False
[2026-07-13T03:46:25.722130] _poll_commands: data={'064487500a6d4611852f1ee05db5e6e8': {'command': '.vision', 'id': '6d3931fcc8134a6584fd09fb3002dc69', 'timestamp': '2026-07-13T03:44:30', 'type': 'rift_command'}, '23f29ea025b5466ab84402c5cbbe7594': {'command': '.vision', 'id': '1ef1864c45954f79bbd5479bf79d5997', 'timestamp': '2026-07-13T03:44:30', 'type': 'rift_command'}}, paused=False
[2026-07-13T03:46:25.838137] _poll_chat: data=False
[2026-07-13T03:46:27.031535] _poll_chat: data=False
[2026-07-13T03:46:27.910517] _poll_commands: data={'064487500a6d4611852f1ee05db5e6e8': {'command': '.vision', 'id': '6d3931fcc8134a6584fd09fb3002dc69', 'timestamp': '2026-07-13T03:44:30', 'type': 'rift_command'}, '23f29ea025b5466ab84402c5cbbe7594': {'command': '.vision', 'id': '1ef1864c45954f79bbd5479bf79d5997', 'timestamp': '2026-07-13T03:44:30', 'type': 'rift_command'}}, paused=False
[2026-07-13T03:46:28.221168] _poll_chat: data=False
[2026-07-13T03:46:29.407495] _poll_chat: data=False
[2026-07-13T03:46:30.101929] _poll_commands: data={'064487500a6d4611852f1ee05db5e6e8': {'command': '.vision', 'id': '6d3931fcc8134a6584fd09fb3002dc69', 'timestamp': '2026-07-13T03:44:30', 'type': 'rift_command'}, '23f29ea025b5466ab84402c5cbbe7594': {'command': '.vision', 'id': '1ef1864c45954f79bbd5479bf79d5997', 'timestamp': '2026-07-13T03:44:30', 'type': 'rift_command'}}, paused=False
[2026-07-13T03:46:30.593625] _poll_chat: data=False
[2026-07-13T03:46:31.781271] _poll_chat: data=False
[2026-07-13T03:46:32.295032] _poll_commands: data={'064487500a6d4611852f1ee05db5e6e8': {'command': '.vision', 'id': '6d3931fcc8134a6584fd09fb3002dc69', 'timestamp': '2026-07-13T03:44:30', 'type': 'rift_command'}, '23f29ea025b5466ab84402c5cbbe7594': {'command': '.vision', 'id': '1ef1864c45954f79bbd5479bf79d5997', 'timestamp': '2026-07-13T03:44:30', 'type': 'rift_command'}}, paused=False
[2026-07-13T03:46:32.969028] _poll_chat: data=False
[2026-07-13T03:46:34.152683] _poll_chat: data=False
[2026-07-13T03:46:34.486471] _poll_commands: data={'064487500a6d4611852f1ee05db5e6e8': {'command': '.vision', 'id': '6d3931fcc8134a6584fd09fb3002dc69', 'timestamp': '2026-07-13T03:44:30', 'type': 'rift_command'}, '23f29ea025b5466ab84402c5cbbe7594': {'command': '.vision', 'id': '1ef1864c45954f79bbd5479bf79d5997', 'timestamp': '2026-07-13T03:44:30', 'type': 'rift_command'}}, paused=False
[2026-07-13T03:46:35.339769] _poll_chat: data=False
[2026-07-13T03:46:36.535150] _poll_chat: data=False
[2026-07-13T03:46:36.675241] _poll_commands: data={'064487500a6d4611852f1ee05db5e6e8': {'command': '.vision', 'id': '6d3931fcc8134a6584fd09fb3002dc69', 'timestamp': '2026-07-13T03:44:30', 'type': 'rift_command'}, '23f29ea025b5466ab84402c5cbbe7594': {'command': '.vision', 'id': '1ef1864c45954f79bbd5479bf79d5997', 'timestamp': '2026-07-13T03:44:30', 'type': 'rift_command'}}, paused=False
[2026-07-13T03:46:37.725601] _poll_chat: data=False
[2026-07-13T03:46:38.872071] _poll_commands: data={'064487500a6d4611852f1ee05db5e6e8': {'command': '.vision', 'id': '6d3931fcc8134a6584fd09fb3002dc69', 'timestamp': '2026-07-13T03:44:30', 'type': 'rift_command'}, '23f29ea025b5466ab84402c5cbbe7594': {'command': '.vision', 'id': '1ef1864c45954f79bbd5479bf79d5997', 'timestamp': '2026-07-13T03:44:30', 'type': 'rift_command'}}, paused=False
[2026-07-13T03:46:38.916965] _poll_chat: data=False
[2026-07-13T03:46:40.385526] _poll_chat: data=False
[2026-07-13T03:46:41.062466] _poll_commands: data={'064487500a6d4611852f1ee05db5e6e8': {'command': '.vision', 'id': '6d3931fcc8134a6584fd09fb3002dc69', 'timestamp': '2026-07-13T03:44:30', 'type': 'rift_command'}, '23f29ea025b5466ab84402c5cbbe7594': {'command': '.vision', 'id': '1ef1864c45954f79bbd5479bf79d5997', 'timestamp': '2026-07-13T03:44:30', 'type': 'rift_command'}}, paused=False
[2026-07-13T03:46:41.577128] _poll_chat: data=False
[2026-07-13T03:46:42.761192] _poll_chat: data=False
[2026-07-13T03:46:43.254671] _poll_commands: data={'064487500a6d4611852f1ee05db5e6e8': {'command': '.vision', 'id': '6d3931fcc8134a6584fd09fb3002dc69', 'timestamp': '2026-07-13T03:44:30', 'type': 'rift_command'}, '23f29ea025b5466ab84402c5cbbe7594': {'command': '.vision', 'id': '1ef1864c45954f79bbd5479bf79d5997', 'timestamp': '2026-07-13T03:44:30', 'type': 'rift_command'}}, paused=False
[2026-07-13T03:46:43.948099] _poll_chat: data=False
[2026-07-13T03:46:45.136176] _poll_chat: data=False
[2026-07-13T03:46:45.447521] _poll_commands: data={'064487500a6d4611852f1ee05db5e6e8': {'command': '.vision', 'id': '6d3931fcc8134a6584fd09fb3002dc69', 'timestamp': '2026-07-13T03:44:30', 'type': 'rift_command'}, '23f29ea025b5466ab84402c5cbbe7594': {'command': '.vision', 'id': '1ef1864c45954f79bbd5479bf79d5997', 'timestamp': '2026-07-13T03:44:30', 'type': 'rift_command'}}, paused=False
[2026-07-13T03:46:46.327430] _poll_chat: data=False
[2026-07-13T03:46:47.517448] _poll_chat: data=False
[2026-07-13T03:46:47.646554] _poll_commands: data={'064487500a6d4611852f1ee05db5e6e8': {'command': '.vision', 'id': '6d3931fcc8134a6584fd09fb3002dc69', 'timestamp': '2026-07-13T03:44:30', 'type': 'rift_command'}, '23f29ea025b5466ab84402c5cbbe7594': {'command': '.vision', 'id': '1ef1864c45954f79bbd5479bf79d5997', 'timestamp': '2026-07-13T03:44:30', 'type': 'rift_command'}}, paused=False
[2026-07-13T03:46:48.700972] _poll_chat: data=False
[2026-07-13T03:46:49.837525] _poll_commands: data={'064487500a6d4611852f1ee05db5e6e8': {'command': '.vision', 'id': '6d3931fcc8134a6584fd09fb3002dc69', 'timestamp': '2026-07-13T03:44:30', 'type': 'rift_command'}, '23f29ea025b5466ab84402c5cbbe7594': {'command': '.vision', 'id': '1ef1864c45954f79bbd5479bf79d5997', 'timestamp': '2026-07-13T03:44:30', 'type': 'rift_command'}}, paused=False
[2026-07-13T03:46:49.885911] _poll_chat: data=False
[2026-07-13T03:46:51.077576] _poll_chat: data=False
[2026-07-13T03:46:52.038301] _poll_commands: data={'064487500a6d4611852f1ee05db5e6e8': {'command': '.vision', 'id': '6d3931fcc8134a6584fd09fb3002dc69', 'timestamp': '2026-07-13T03:44:30', 'type': 'rift_command'}, '23f29ea025b5466ab84402c5cbbe7594': {'command': '.vision', 'id': '1ef1864c45954f79bbd5479bf79d5997', 'timestamp': '2026-07-13T03:44:30', 'type': 'rift_command'}}, paused=False
[2026-07-13T03:46:52.269628] _poll_chat: data=False
[2026-07-13T03:46:53.455160] _poll_chat: data=False
[2026-07-13T03:46:54.231057] _poll_commands: data={'064487500a6d4611852f1ee05db5e6e8': {'command': '.vision', 'id': '6d3931fcc8134a6584fd09fb3002dc69', 'timestamp': '2026-07-13T03:44:30', 'type': 'rift_command'}, '23f29ea025b5466ab84402c5cbbe7594': {'command': '.vision', 'id': '1ef1864c45954f79bbd5479bf79d5997', 'timestamp': '2026-07-13T03:44:30', 'type': 'rift_command'}}, paused=False
[2026-07-13T03:46:54.648941] _poll_chat: data=False
[2026-07-13T03:46:55.834347] _poll_chat: data=False
[2026-07-13T03:46:56.424611] _poll_commands: data={'064487500a6d4611852f1ee05db5e6e8': {'command': '.vision', 'id': '6d3931fcc8134a6584fd09fb3002dc69', 'timestamp': '2026-07-13T03:44:30', 'type': 'rift_command'}, '23f29ea025b5466ab84402c5cbbe7594': {'command': '.vision', 'id': '1ef1864c45954f79bbd5479bf79d5997', 'timestamp': '2026-07-13T03:44:30', 'type': 'rift_command'}}, paused=False
[2026-07-13T03:46:57.031830] _poll_chat: data=False
[2026-07-13T03:46:58.220013] _poll_chat: data=False
[2026-07-13T03:46:58.619340] _poll_commands: data={'064487500a6d4611852f1ee05db5e6e8': {'command': '.vision', 'id': '6d3931fcc8134a6584fd09fb3002dc69', 'timestamp': '2026-07-13T03:44:30', 'type': 'rift_command'}, '23f29ea025b5466ab84402c5cbbe7594': {'command': '.vision', 'id': '1ef1864c45954f79bbd5479bf79d5997', 'timestamp': '2026-07-13T03:44:30', 'type': 'rift_command'}}, paused=False
[2026-07-13T03:46:59.407509] _poll_chat: data=False
[2026-07-13T03:47:00.599627] _poll_chat: data=False
[2026-07-13T03:47:00.810883] _poll_commands: data={'064487500a6d4611852f1ee05db5e6e8': {'command': '.vision', 'id': '6d3931fcc8134a6584fd09fb3002dc69', 'timestamp': '2026-07-13T03:44:30', 'type': 'rift_command'}, '23f29ea025b5466ab84402c5cbbe7594': {'command': '.vision', 'id': '1ef1864c45954f79bbd5479bf79d5997', 'timestamp': '2026-07-13T03:44:30', 'type': 'rift_command'}}, paused=False
[2026-07-13T03:47:01.786513] _poll_chat: data=False
[2026-07-13T03:47:08.011620] _backend_init started
[2026-07-13T03:47:08.203531] _poll_commands: data=None, paused=False
[2026-07-13T03:47:08.206378] _poll_chat: data=False
[2026-07-13T03:47:08.206804] _register_session: sessions/portal-83a580880866 ok=True
[2026-07-13T03:47:08.564240] _post_to_discord: status=204, ok=True
[2026-07-13T03:47:08.745853] _wait_for_webhook poll: data={'card_state': 'waiting', 'folder': '/home/ubuntu/repos/rift-debug', 'host': 'devin-box', 'id': 'portal-83a580880866', 'last_seen': '2026-07-13 03:47', 'name': 'unknown@devin-box', 'opened_at': '2026-07-13 03:47', 'orb_state': 'idle', 'portal_connected': False, 'status': 'open', 'user': 'unknown', 'version': '2.1.0'}
[2026-07-13T03:47:09.401458] _poll_chat: data=False
[2026-07-13T03:47:09.938248] _wait_for_webhook poll: data={'card_state': 'waiting', 'folder': '/home/ubuntu/repos/rift-debug', 'host': 'devin-box', 'id': 'portal-83a580880866', 'last_seen': '2026-07-13 03:47', 'name': 'unknown@devin-box', 'opened_at': '2026-07-13 03:47', 'orb_state': 'idle', 'portal_connected': False, 'status': 'open', 'user': 'unknown', 'version': '2.1.0'}
[2026-07-13T03:47:10.399266] _poll_commands: data=None, paused=False
[2026-07-13T03:47:10.599983] _poll_chat: data=False
[2026-07-13T03:47:11.126673] _wait_for_webhook poll: data={'card_state': 'waiting', 'folder': '/home/ubuntu/repos/rift-debug', 'host': 'devin-box', 'id': 'portal-83a580880866', 'last_seen': '2026-07-13 03:47', 'name': 'unknown@devin-box', 'opened_at': '2026-07-13 03:47', 'orb_state': 'idle', 'portal_connected': False, 'status': 'open', 'user': 'unknown', 'version': '2.1.0'}
[2026-07-13T03:47:11.789781] _poll_chat: data=False
[2026-07-13T03:47:12.318422] _wait_for_webhook poll: data={'card_state': 'waiting', 'folder': '/home/ubuntu/repos/rift-debug', 'host': 'devin-box', 'id': 'portal-83a580880866', 'last_seen': '2026-07-13 03:47', 'name': 'unknown@devin-box', 'opened_at': '2026-07-13 03:47', 'orb_state': 'idle', 'portal_connected': False, 'status': 'open', 'user': 'unknown', 'version': '2.1.0'}
[2026-07-13T03:47:12.594597] _poll_commands: data=None, paused=False
[2026-07-13T03:47:12.980379] _poll_chat: data=False
[2026-07-13T03:47:13.510423] _wait_for_webhook poll: data={'card_state': 'waiting', 'folder': '/home/ubuntu/repos/rift-debug', 'host': 'devin-box', 'id': 'portal-83a580880866', 'last_seen': '2026-07-13 03:47', 'name': 'unknown@devin-box', 'opened_at': '2026-07-13 03:47', 'orb_state': 'idle', 'portal_connected': False, 'status': 'open', 'user': 'unknown', 'version': '2.1.0'}
[2026-07-13T03:47:14.183331] _poll_chat: data=False
[2026-07-13T03:47:14.696180] _wait_for_webhook poll: data={'card_state': 'waiting', 'folder': '/home/ubuntu/repos/rift-debug', 'host': 'devin-box', 'id': 'portal-83a580880866', 'last_seen': '2026-07-13 03:47', 'name': 'unknown@devin-box', 'opened_at': '2026-07-13 03:47', 'orb_state': 'idle', 'portal_connected': False, 'status': 'open', 'user': 'unknown', 'version': '2.1.0'}
[2026-07-13T03:47:14.789539] _poll_commands: data=None, paused=False
[2026-07-13T03:47:15.371951] _poll_chat: data=False
[2026-07-13T03:47:15.894752] _wait_for_webhook poll: data={'card_state': 'waiting', 'folder': '/home/ubuntu/repos/rift-debug', 'host': 'devin-box', 'id': 'portal-83a580880866', 'last_seen': '2026-07-13 03:47', 'name': 'unknown@devin-box', 'opened_at': '2026-07-13 03:47', 'orb_state': 'idle', 'portal_connected': False, 'status': 'open', 'user': 'unknown', 'version': '2.1.0'}
[2026-07-13T03:47:16.561744] _poll_chat: data=False
[2026-07-13T03:47:16.981826] _poll_commands: data=None, paused=False
[2026-07-13T03:47:17.082366] _wait_for_webhook poll: data={'card_state': 'waiting', 'folder': '/home/ubuntu/repos/rift-debug', 'host': 'devin-box', 'id': 'portal-83a580880866', 'last_seen': '2026-07-13 03:47', 'name': 'unknown@devin-box', 'opened_at': '2026-07-13 03:47', 'orb_state': 'idle', 'portal_connected': False, 'status': 'open', 'user': 'unknown', 'version': '2.1.0'}
[2026-07-13T03:47:17.754797] _poll_chat: data=False
[2026-07-13T03:47:18.277723] _wait_for_webhook poll: data={'card_state': 'waiting', 'folder': '/home/ubuntu/repos/rift-debug', 'host': 'devin-box', 'id': 'portal-83a580880866', 'last_seen': '2026-07-13 03:47', 'name': 'unknown@devin-box', 'opened_at': '2026-07-13 03:47', 'orb_state': 'idle', 'portal_connected': False, 'status': 'open', 'user': 'unknown', 'version': '2.1.0'}
[2026-07-13T03:47:18.939594] _poll_chat: data=False
[2026-07-13T03:47:19.178139] _poll_commands: data=None, paused=False
[2026-07-13T03:47:19.692090] _wait_for_webhook poll: data={'card_state': 'waiting', 'folder': '/home/ubuntu/repos/rift-debug', 'host': 'devin-box', 'id': 'portal-83a580880866', 'last_seen': '2026-07-13 03:47', 'name': 'unknown@devin-box', 'opened_at': '2026-07-13 03:47', 'orb_state': 'idle', 'portal_connected': False, 'status': 'open', 'user': 'unknown', 'version': '2.1.0'}
[2026-07-13T03:47:20.123338] _poll_chat: data=False
[2026-07-13T03:47:20.877868] _wait_for_webhook poll: data={'card_state': 'waiting', 'folder': '/home/ubuntu/repos/rift-debug', 'host': 'devin-box', 'id': 'portal-83a580880866', 'last_seen': '2026-07-13 03:47', 'name': 'unknown@devin-box', 'opened_at': '2026-07-13 03:47', 'orb_state': 'idle', 'portal_connected': False, 'status': 'open', 'user': 'unknown', 'version': '2.1.0'}
[2026-07-13T03:47:21.318770] _poll_chat: data=False
[2026-07-13T03:47:21.376234] _poll_commands: data=None, paused=False
[2026-07-13T03:47:22.065646] _wait_for_webhook poll: data={'card_state': 'waiting', 'folder': '/home/ubuntu/repos/rift-debug', 'host': 'devin-box', 'id': 'portal-83a580880866', 'last_seen': '2026-07-13 03:47', 'name': 'unknown@devin-box', 'opened_at': '2026-07-13 03:47', 'orb_state': 'idle', 'portal_connected': False, 'status': 'open', 'user': 'unknown', 'version': '2.1.0'}
[2026-07-13T03:47:22.507889] _poll_chat: data=False
[2026-07-13T03:47:23.252794] _wait_for_webhook poll: data={'card_state': 'waiting', 'folder': '/home/ubuntu/repos/rift-debug', 'host': 'devin-box', 'id': 'portal-83a580880866', 'last_seen': '2026-07-13 03:47', 'name': 'unknown@devin-box', 'opened_at': '2026-07-13 03:47', 'orb_state': 'idle', 'portal_connected': False, 'status': 'open', 'user': 'unknown', 'version': '2.1.0'}
[2026-07-13T03:47:23.567855] _poll_commands: data=None, paused=False
[2026-07-13T03:47:23.695285] _poll_chat: data=False
[2026-07-13T03:47:24.446953] _wait_for_webhook poll: data={'card_state': 'waiting', 'folder': '/home/ubuntu/repos/rift-debug', 'host': 'devin-box', 'id': 'portal-83a580880866', 'last_seen': '2026-07-13 03:47', 'name': 'unknown@devin-box', 'opened_at': '2026-07-13 03:47', 'orb_state': 'idle', 'portal_connected': False, 'status': 'open', 'user': 'unknown', 'version': '2.1.0'}
[2026-07-13T03:47:24.884987] _poll_chat: data=False
[2026-07-13T03:47:25.631618] _wait_for_webhook poll: data={'card_state': 'waiting', 'folder': '/home/ubuntu/repos/rift-debug', 'host': 'devin-box', 'id': 'portal-83a580880866', 'last_seen': '2026-07-13 03:47', 'name': 'unknown@devin-box', 'opened_at': '2026-07-13 03:47', 'orb_state': 'idle', 'portal_connected': False, 'status': 'open', 'user': 'unknown', 'version': '2.1.0'}
[2026-07-13T03:47:25.760512] _poll_commands: data=None, paused=False
[2026-07-13T03:47:26.076932] _poll_chat: data=False
[2026-07-13T03:47:26.821159] _wait_for_webhook poll: data={'card_state': 'waiting', 'folder': '/home/ubuntu/repos/rift-debug', 'host': 'devin-box', 'id': 'portal-83a580880866', 'last_seen': '2026-07-13 03:47', 'name': 'unknown@devin-box', 'opened_at': '2026-07-13 03:47', 'orb_state': 'idle', 'portal_connected': False, 'status': 'open', 'user': 'unknown', 'version': '2.1.0'}
[2026-07-13T03:47:27.269547] _poll_chat: data=False
[2026-07-13T03:47:27.951645] _poll_commands: data=None, paused=False
[2026-07-13T03:47:28.016838] _wait_for_webhook poll: data={'card_state': 'waiting', 'folder': '/home/ubuntu/repos/rift-debug', 'host': 'devin-box', 'id': 'portal-83a580880866', 'last_seen': '2026-07-13 03:47', 'name': 'unknown@devin-box', 'opened_at': '2026-07-13 03:47', 'orb_state': 'idle', 'portal_connected': False, 'status': 'open', 'user': 'unknown', 'version': '2.1.0'}
[2026-07-13T03:47:28.462110] _poll_chat: data=False
[2026-07-13T03:47:29.205292] _wait_for_webhook poll: data={'card_state': 'waiting', 'folder': '/home/ubuntu/repos/rift-debug', 'host': 'devin-box', 'id': 'portal-83a580880866', 'last_seen': '2026-07-13 03:47', 'name': 'unknown@devin-box', 'opened_at': '2026-07-13 03:47', 'orb_state': 'idle', 'portal_connected': False, 'status': 'open', 'user': 'unknown', 'version': '2.1.0'}
[2026-07-13T03:47:29.654136] _poll_chat: data=False
[2026-07-13T03:47:30.149357] _poll_commands: data=None, paused=False
[2026-07-13T03:47:30.395313] _wait_for_webhook poll: data={'card_state': 'waiting', 'folder': '/home/ubuntu/repos/rift-debug', 'host': 'devin-box', 'id': 'portal-83a580880866', 'last_seen': '2026-07-13 03:47', 'name': 'unknown@devin-box', 'opened_at': '2026-07-13 03:47', 'orb_state': 'idle', 'portal_connected': False, 'status': 'open', 'user': 'unknown', 'version': '2.1.0'}
[2026-07-13T03:47:30.842035] _poll_chat: data=False
[2026-07-13T03:47:31.589521] _wait_for_webhook poll: data={'card_state': 'waiting', 'folder': '/home/ubuntu/repos/rift-debug', 'host': 'devin-box', 'id': 'portal-83a580880866', 'last_seen': '2026-07-13 03:47', 'name': 'unknown@devin-box', 'opened_at': '2026-07-13 03:47', 'orb_state': 'idle', 'portal_connected': False, 'status': 'open', 'user': 'unknown', 'version': '2.1.0'}
[2026-07-13T03:47:32.021752] _poll_chat: data=False
[2026-07-13T03:47:32.341173] _poll_commands: data=None, paused=False
[2026-07-13T03:47:32.783502] _wait_for_webhook poll: data={'card_state': 'waiting', 'folder': '/home/ubuntu/repos/rift-debug', 'host': 'devin-box', 'id': 'portal-83a580880866', 'last_seen': '2026-07-13 03:47', 'name': 'unknown@devin-box', 'opened_at': '2026-07-13 03:47', 'orb_state': 'idle', 'portal_connected': False, 'status': 'open', 'user': 'unknown', 'version': '2.1.0'}
[2026-07-13T03:47:33.211523] _poll_chat: data=False
[2026-07-13T03:47:33.969951] _wait_for_webhook poll: data={'card_state': 'waiting', 'folder': '/home/ubuntu/repos/rift-debug', 'host': 'devin-box', 'id': 'portal-83a580880866', 'last_seen': '2026-07-13 03:47', 'name': 'unknown@devin-box', 'opened_at': '2026-07-13 03:47', 'orb_state': 'idle', 'portal_connected': False, 'status': 'open', 'user': 'unknown', 'version': '2.1.0'}
[2026-07-13T03:47:34.405487] _poll_chat: data=False
[2026-07-13T03:47:34.541836] _poll_commands: data=None, paused=False
[2026-07-13T03:47:35.165674] _wait_for_webhook poll: data={'card_state': 'waiting', 'folder': '/home/ubuntu/repos/rift-debug', 'host': 'devin-box', 'id': 'portal-83a580880866', 'last_seen': '2026-07-13 03:47', 'name': 'unknown@devin-box', 'opened_at': '2026-07-13 03:47', 'orb_state': 'idle', 'portal_connected': False, 'status': 'open', 'user': 'unknown', 'version': '2.1.0'}
[2026-07-13T03:47:35.599526] _poll_chat: data=False
[2026-07-13T03:47:36.359758] _wait_for_webhook poll: data={'card_state': 'waiting', 'folder': '/home/ubuntu/repos/rift-debug', 'host': 'devin-box', 'id': 'portal-83a580880866', 'last_seen': '2026-07-13 03:47', 'name': 'unknown@devin-box', 'opened_at': '2026-07-13 03:47', 'orb_state': 'idle', 'portal_connected': False, 'status': 'open', 'user': 'unknown', 'version': '2.1.0'}
[2026-07-13T03:47:36.734876] _poll_commands: data=None, paused=False
[2026-07-13T03:47:36.783327] _poll_chat: data=False
[2026-07-13T03:47:37.556551] _wait_for_webhook poll: data={'card_state': 'waiting', 'folder': '/home/ubuntu/repos/rift-debug', 'host': 'devin-box', 'id': 'portal-83a580880866', 'last_seen': '2026-07-13 03:47', 'name': 'unknown@devin-box', 'opened_at': '2026-07-13 03:47', 'orb_state': 'idle', 'portal_connected': False, 'status': 'open', 'user': 'unknown', 'version': '2.1.0'}
[2026-07-13T03:47:37.973955] _poll_chat: data=False
[2026-07-13T03:47:38.747656] _wait_for_webhook poll: data={'card_state': 'waiting', 'folder': '/home/ubuntu/repos/rift-debug', 'host': 'devin-box', 'id': 'portal-83a580880866', 'last_seen': '2026-07-13 03:47', 'name': 'unknown@devin-box', 'opened_at': '2026-07-13 03:47', 'orb_state': 'idle', 'portal_connected': False, 'status': 'open', 'user': 'unknown', 'version': '2.1.0'}
[2026-07-13T03:47:38.928591] _poll_commands: data=None, paused=False
[2026-07-13T03:47:39.163356] _poll_chat: data=False
[2026-07-13T03:47:39.752849] _wait_for_webhook: timed out, using default webhook
[2026-07-13T03:47:39.752924] _backend_init finished
[2026-07-13T03:47:40.349358] _poll_chat: data=False
[2026-07-13T03:47:41.126212] _poll_commands: data=None, paused=False
[2026-07-13T03:47:41.543056] _poll_chat: data=False
[2026-07-13T03:47:42.729309] _poll_chat: data=False
[2026-07-13T03:47:43.320816] _poll_commands: data=None, paused=False
[2026-07-13T03:47:43.918884] _poll_chat: data=False
[2026-07-13T03:47:45.107073] _poll_chat: data=False
[2026-07-13T03:47:45.512661] _poll_commands: data={'b0fdf7085c3f4866b3d7822b363d3fbc': {'command': '.vision', 'id': '8c0834e1a02b452392a93b42722d4832', 'timestamp': '2026-07-13T03:47:50', 'type': 'rift_command'}}, paused=False
[2026-07-13T03:47:45.512854] _poll_commands: new cmd id=8c0834e1a02b452392a93b42722d4832 type=rift_command
[2026-07-13T03:47:45.513121] _on_new_command: id=8c0834e1a02b452392a93b42722d4832 type=rift_command
[2026-07-13T03:47:45.513297] _on_new_command: ok=True, result=Vision active
[2026-07-13T03:47:46.299437] _poll_chat: data=False
[2026-07-13T03:47:47.495235] _poll_chat: data=False
[2026-07-13T03:47:47.701415] _poll_commands: data={'b0fdf7085c3f4866b3d7822b363d3fbc': {'command': '.vision', 'id': '8c0834e1a02b452392a93b42722d4832', 'timestamp': '2026-07-13T03:47:50', 'type': 'rift_command'}}, paused=False
[2026-07-13T03:47:48.683529] _poll_chat: data=False
[2026-07-13T03:47:49.873101] _poll_chat: data=False
[2026-07-13T03:47:49.893760] _poll_commands: data={'0873532b3e67496d901277d59e36f805': {'command': '.vision', 'id': '14c18f3ca15c49d0831437e7272f6222', 'timestamp': '2026-07-13T03:47:50', 'type': 'rift_command'}, 'b0fdf7085c3f4866b3d7822b363d3fbc': {'command': '.vision', 'id': '8c0834e1a02b452392a93b42722d4832', 'timestamp': '2026-07-13T03:47:50', 'type': 'rift_command'}}, paused=False
[2026-07-13T03:47:49.895219] _poll_commands: new cmd id=14c18f3ca15c49d0831437e7272f6222 type=rift_command
[2026-07-13T03:47:49.895425] _on_new_command: id=14c18f3ca15c49d0831437e7272f6222 type=rift_command
[2026-07-13T03:47:49.895573] _on_new_command: ok=True, result=Vision deactivated
[2026-07-13T03:47:51.063612] _poll_chat: data=False
[2026-07-13T03:47:52.097979] _poll_commands: data={'0873532b3e67496d901277d59e36f805': {'command': '.vision', 'id': '14c18f3ca15c49d0831437e7272f6222', 'timestamp': '2026-07-13T03:47:50', 'type': 'rift_command'}, 'b0fdf7085c3f4866b3d7822b363d3fbc': {'command': '.vision', 'id': '8c0834e1a02b452392a93b42722d4832', 'timestamp': '2026-07-13T03:47:50', 'type': 'rift_command'}}, paused=False
[2026-07-13T03:47:52.254585] _poll_chat: data=False
[2026-07-13T03:47:53.474796] _poll_chat: data=False
[2026-07-13T03:47:54.285117] _poll_commands: data={'0873532b3e67496d901277d59e36f805': {'command': '.vision', 'id': '14c18f3ca15c49d0831437e7272f6222', 'timestamp': '2026-07-13T03:47:50', 'type': 'rift_command'}, 'b0fdf7085c3f4866b3d7822b363d3fbc': {'command': '.vision', 'id': '8c0834e1a02b452392a93b42722d4832', 'timestamp': '2026-07-13T03:47:50', 'type': 'rift_command'}}, paused=False
[2026-07-13T03:47:54.664400] _poll_chat: data=False
[2026-07-13T03:47:55.857462] _poll_chat: data=False
[2026-07-13T03:47:56.479614] _poll_commands: data={'0873532b3e67496d901277d59e36f805': {'command': '.vision', 'id': '14c18f3ca15c49d0831437e7272f6222', 'timestamp': '2026-07-13T03:47:50', 'type': 'rift_command'}, 'b0fdf7085c3f4866b3d7822b363d3fbc': {'command': '.vision', 'id': '8c0834e1a02b452392a93b42722d4832', 'timestamp': '2026-07-13T03:47:50', 'type': 'rift_command'}}, paused=False
[2026-07-13T03:47:57.046574] _poll_chat: data=False
[2026-07-13T03:47:58.229938] _poll_chat: data=False
[2026-07-13T03:47:58.670281] _poll_commands: data={'0873532b3e67496d901277d59e36f805': {'command': '.vision', 'id': '14c18f3ca15c49d0831437e7272f6222', 'timestamp': '2026-07-13T03:47:50', 'type': 'rift_command'}, 'b0fdf7085c3f4866b3d7822b363d3fbc': {'command': '.vision', 'id': '8c0834e1a02b452392a93b42722d4832', 'timestamp': '2026-07-13T03:47:50', 'type': 'rift_command'}}, paused=False
[2026-07-13T03:47:59.418688] _poll_chat: data=False
[2026-07-13T03:48:00.608547] _poll_chat: data=False
[2026-07-13T03:48:00.864510] _poll_commands: data={'0873532b3e67496d901277d59e36f805': {'command': '.vision', 'id': '14c18f3ca15c49d0831437e7272f6222', 'timestamp': '2026-07-13T03:47:50', 'type': 'rift_command'}, 'b0fdf7085c3f4866b3d7822b363d3fbc': {'command': '.vision', 'id': '8c0834e1a02b452392a93b42722d4832', 'timestamp': '2026-07-13T03:47:50', 'type': 'rift_command'}}, paused=False
[2026-07-13T03:48:01.798866] _poll_chat: data=False
[2026-07-13T03:48:02.985930] _poll_chat: data=False
[2026-07-13T03:48:03.059658] _poll_commands: data={'0873532b3e67496d901277d59e36f805': {'command': '.vision', 'id': '14c18f3ca15c49d0831437e7272f6222', 'timestamp': '2026-07-13T03:47:50', 'type': 'rift_command'}, 'b0fdf7085c3f4866b3d7822b363d3fbc': {'command': '.vision', 'id': '8c0834e1a02b452392a93b42722d4832', 'timestamp': '2026-07-13T03:47:50', 'type': 'rift_command'}}, paused=False
[2026-07-13T03:48:04.577599] _poll_chat: data=False
[2026-07-13T03:48:05.253502] _poll_commands: data={'0873532b3e67496d901277d59e36f805': {'command': '.vision', 'id': '14c18f3ca15c49d0831437e7272f6222', 'timestamp': '2026-07-13T03:47:50', 'type': 'rift_command'}, 'b0fdf7085c3f4866b3d7822b363d3fbc': {'command': '.vision', 'id': '8c0834e1a02b452392a93b42722d4832', 'timestamp': '2026-07-13T03:47:50', 'type': 'rift_command'}}, paused=False
[2026-07-13T03:48:05.770555] _poll_chat: data=False
[2026-07-13T03:48:06.959572] _poll_chat: data=False
[2026-07-13T03:48:07.451856] _poll_commands: data={'0873532b3e67496d901277d59e36f805': {'command': '.vision', 'id': '14c18f3ca15c49d0831437e7272f6222', 'timestamp': '2026-07-13T03:47:50', 'type': 'rift_command'}, 'b0fdf7085c3f4866b3d7822b363d3fbc': {'command': '.vision', 'id': '8c0834e1a02b452392a93b42722d4832', 'timestamp': '2026-07-13T03:47:50', 'type': 'rift_command'}}, paused=False
[2026-07-13T03:48:08.144826] _poll_chat: data=False
[2026-07-13T03:48:09.332934] _poll_chat: data=False
[2026-07-13T03:48:09.635242] _poll_commands: data={'0873532b3e67496d901277d59e36f805': {'command': '.vision', 'id': '14c18f3ca15c49d0831437e7272f6222', 'timestamp': '2026-07-13T03:47:50', 'type': 'rift_command'}, 'b0fdf7085c3f4866b3d7822b363d3fbc': {'command': '.vision', 'id': '8c0834e1a02b452392a93b42722d4832', 'timestamp': '2026-07-13T03:47:50', 'type': 'rift_command'}}, paused=False
[2026-07-13T03:48:10.521144] _poll_chat: data=False
[2026-07-13T03:48:11.716341] _poll_chat: data=False
[2026-07-13T03:48:11.830771] _poll_commands: data={'0873532b3e67496d901277d59e36f805': {'command': '.vision', 'id': '14c18f3ca15c49d0831437e7272f6222', 'timestamp': '2026-07-13T03:47:50', 'type': 'rift_command'}, 'b0fdf7085c3f4866b3d7822b363d3fbc': {'command': '.vision', 'id': '8c0834e1a02b452392a93b42722d4832', 'timestamp': '2026-07-13T03:47:50', 'type': 'rift_command'}}, paused=False
[2026-07-13T03:48:12.904398] _poll_chat: data=False
[2026-07-13T03:48:14.022225] _poll_commands: data={'0873532b3e67496d901277d59e36f805': {'command': '.vision', 'id': '14c18f3ca15c49d0831437e7272f6222', 'timestamp': '2026-07-13T03:47:50', 'type': 'rift_command'}, 'b0fdf7085c3f4866b3d7822b363d3fbc': {'command': '.vision', 'id': '8c0834e1a02b452392a93b42722d4832', 'timestamp': '2026-07-13T03:47:50', 'type': 'rift_command'}}, paused=False
[2026-07-13T03:48:14.096174] _poll_chat: data=False
[2026-07-13T03:48:15.286696] _poll_chat: data=False
[2026-07-13T03:48:16.214641] _poll_commands: data={'0873532b3e67496d901277d59e36f805': {'command': '.vision', 'id': '14c18f3ca15c49d0831437e7272f6222', 'timestamp': '2026-07-13T03:47:50', 'type': 'rift_command'}, '456c2ba7c9bd452b9fba76e202bc639a': {'command': '.vision', 'id': '314e1004cdda4e2dac36d566e34f9370', 'timestamp': '2026-07-13T03:48:20', 'type': 'rift_command'}, 'b0fdf7085c3f4866b3d7822b363d3fbc': {'command': '.vision', 'id': '8c0834e1a02b452392a93b42722d4832', 'timestamp': '2026-07-13T03:47:50', 'type': 'rift_command'}}, paused=False
[2026-07-13T03:48:16.214843] _poll_commands: new cmd id=314e1004cdda4e2dac36d566e34f9370 type=rift_command
[2026-07-13T03:48:16.215172] _on_new_command: id=314e1004cdda4e2dac36d566e34f9370 type=rift_command
[2026-07-13T03:48:16.215324] _on_new_command: ok=True, result=Vision active
[2026-07-13T03:48:16.473208] _poll_chat: data=False
[2026-07-13T03:48:17.660509] _poll_chat: data=False
[2026-07-13T03:48:18.409482] _poll_commands: data={'0873532b3e67496d901277d59e36f805': {'command': '.vision', 'id': '14c18f3ca15c49d0831437e7272f6222', 'timestamp': '2026-07-13T03:47:50', 'type': 'rift_command'}, '456c2ba7c9bd452b9fba76e202bc639a': {'command': '.vision', 'id': '314e1004cdda4e2dac36d566e34f9370', 'timestamp': '2026-07-13T03:48:20', 'type': 'rift_command'}, 'b0fdf7085c3f4866b3d7822b363d3fbc': {'command': '.vision', 'id': '8c0834e1a02b452392a93b42722d4832', 'timestamp': '2026-07-13T03:47:50', 'type': 'rift_command'}}, paused=False
[2026-07-13T03:48:18.854731] _poll_chat: data=False
[2026-07-13T03:48:20.046171] _poll_chat: data=False
[2026-07-13T03:48:20.598810] _poll_commands: data={'0873532b3e67496d901277d59e36f805': {'command': '.vision', 'id': '14c18f3ca15c49d0831437e7272f6222', 'timestamp': '2026-07-13T03:47:50', 'type': 'rift_command'}, '456c2ba7c9bd452b9fba76e202bc639a': {'command': '.vision', 'id': '314e1004cdda4e2dac36d566e34f9370', 'timestamp': '2026-07-13T03:48:20', 'type': 'rift_command'}, 'b0fdf7085c3f4866b3d7822b363d3fbc': {'command': '.vision', 'id': '8c0834e1a02b452392a93b42722d4832', 'timestamp': '2026-07-13T03:47:50', 'type': 'rift_command'}}, paused=False
[2026-07-13T03:48:21.237850] _poll_chat: data=False
[2026-07-13T03:48:22.430244] _poll_chat: data=False
[2026-07-13T03:48:22.792081] _poll_commands: data={'0873532b3e67496d901277d59e36f805': {'command': '.vision', 'id': '14c18f3ca15c49d0831437e7272f6222', 'timestamp': '2026-07-13T03:47:50', 'type': 'rift_command'}, '456c2ba7c9bd452b9fba76e202bc639a': {'command': '.vision', 'id': '314e1004cdda4e2dac36d566e34f9370', 'timestamp': '2026-07-13T03:48:20', 'type': 'rift_command'}, 'b0fdf7085c3f4866b3d7822b363d3fbc': {'command': '.vision', 'id': '8c0834e1a02b452392a93b42722d4832', 'timestamp': '2026-07-13T03:47:50', 'type': 'rift_command'}}, paused=False
[2026-07-13T03:48:23.621085] _poll_chat: data=False
[2026-07-13T03:48:24.811502] _poll_chat: data=False
[2026-07-13T03:48:24.988796] _poll_commands: data={'0873532b3e67496d901277d59e36f805': {'command': '.vision', 'id': '14c18f3ca15c49d0831437e7272f6222', 'timestamp': '2026-07-13T03:47:50', 'type': 'rift_command'}, '456c2ba7c9bd452b9fba76e202bc639a': {'command': '.vision', 'id': '314e1004cdda4e2dac36d566e34f9370', 'timestamp': '2026-07-13T03:48:20', 'type': 'rift_command'}, 'b0fdf7085c3f4866b3d7822b363d3fbc': {'command': '.vision', 'id': '8c0834e1a02b452392a93b42722d4832', 'timestamp': '2026-07-13T03:47:50', 'type': 'rift_command'}}, paused=False
[2026-07-13T03:48:26.005286] _poll_chat: data=False
[2026-07-13T03:48:27.186177] _poll_commands: data={'0873532b3e67496d901277d59e36f805': {'command': '.vision', 'id': '14c18f3ca15c49d0831437e7272f6222', 'timestamp': '2026-07-13T03:47:50', 'type': 'rift_command'}, '456c2ba7c9bd452b9fba76e202bc639a': {'command': '.vision', 'id': '314e1004cdda4e2dac36d566e34f9370', 'timestamp': '2026-07-13T03:48:20', 'type': 'rift_command'}, 'b0fdf7085c3f4866b3d7822b363d3fbc': {'command': '.vision', 'id': '8c0834e1a02b452392a93b42722d4832', 'timestamp': '2026-07-13T03:47:50', 'type': 'rift_command'}}, paused=False
[2026-07-13T03:48:27.190648] _poll_chat: data=False
[2026-07-13T03:48:28.375959] _poll_chat: data=False
[2026-07-13T03:48:29.372872] _poll_commands: data={'0873532b3e67496d901277d59e36f805': {'command': '.vision', 'id': '14c18f3ca15c49d0831437e7272f6222', 'timestamp': '2026-07-13T03:47:50', 'type': 'rift_command'}, '456c2ba7c9bd452b9fba76e202bc639a': {'command': '.vision', 'id': '314e1004cdda4e2dac36d566e34f9370', 'timestamp': '2026-07-13T03:48:20', 'type': 'rift_command'}, 'b0fdf7085c3f4866b3d7822b363d3fbc': {'command': '.vision', 'id': '8c0834e1a02b452392a93b42722d4832', 'timestamp': '2026-07-13T03:47:50', 'type': 'rift_command'}}, paused=False
[2026-07-13T03:48:29.569042] _poll_chat: data=False
[2026-07-13T03:48:30.762593] _poll_chat: data=False
[2026-07-13T03:48:31.569959] _poll_commands: data={'0873532b3e67496d901277d59e36f805': {'command': '.vision', 'id': '14c18f3ca15c49d0831437e7272f6222', 'timestamp': '2026-07-13T03:47:50', 'type': 'rift_command'}, '456c2ba7c9bd452b9fba76e202bc639a': {'command': '.vision', 'id': '314e1004cdda4e2dac36d566e34f9370', 'timestamp': '2026-07-13T03:48:20', 'type': 'rift_command'}, 'b0fdf7085c3f4866b3d7822b363d3fbc': {'command': '.vision', 'id': '8c0834e1a02b452392a93b42722d4832', 'timestamp': '2026-07-13T03:47:50', 'type': 'rift_command'}}, paused=False
[2026-07-13T03:48:31.951817] _poll_chat: data=False
[2026-07-13T03:48:33.155495] _poll_chat: data=False
[2026-07-13T03:48:33.767972] _poll_commands: data={'0873532b3e67496d901277d59e36f805': {'command': '.vision', 'id': '14c18f3ca15c49d0831437e7272f6222', 'timestamp': '2026-07-13T03:47:50', 'type': 'rift_command'}, '456c2ba7c9bd452b9fba76e202bc639a': {'command': '.vision', 'id': '314e1004cdda4e2dac36d566e34f9370', 'timestamp': '2026-07-13T03:48:20', 'type': 'rift_command'}, 'b0fdf7085c3f4866b3d7822b363d3fbc': {'command': '.vision', 'id': '8c0834e1a02b452392a93b42722d4832', 'timestamp': '2026-07-13T03:47:50', 'type': 'rift_command'}}, paused=False
[2026-07-13T03:48:34.343935] _poll_chat: data=False
[2026-07-13T03:48:35.530439] _poll_chat: data=False
[2026-07-13T03:48:35.964509] _poll_commands: data={'0873532b3e67496d901277d59e36f805': {'command': '.vision', 'id': '14c18f3ca15c49d0831437e7272f6222', 'timestamp': '2026-07-13T03:47:50', 'type': 'rift_command'}, '456c2ba7c9bd452b9fba76e202bc639a': {'command': '.vision', 'id': '314e1004cdda4e2dac36d566e34f9370', 'timestamp': '2026-07-13T03:48:20', 'type': 'rift_command'}, 'b0fdf7085c3f4866b3d7822b363d3fbc': {'command': '.vision', 'id': '8c0834e1a02b452392a93b42722d4832', 'timestamp': '2026-07-13T03:47:50', 'type': 'rift_command'}}, paused=False
[2026-07-13T03:48:36.721553] _poll_chat: data=False
[2026-07-13T03:48:37.908221] _poll_chat: data=False
[2026-07-13T03:48:38.164923] _poll_commands: data={'0873532b3e67496d901277d59e36f805': {'command': '.vision', 'id': '14c18f3ca15c49d0831437e7272f6222', 'timestamp': '2026-07-13T03:47:50', 'type': 'rift_command'}, '456c2ba7c9bd452b9fba76e202bc639a': {'command': '.vision', 'id': '314e1004cdda4e2dac36d566e34f9370', 'timestamp': '2026-07-13T03:48:20', 'type': 'rift_command'}, 'b0fdf7085c3f4866b3d7822b363d3fbc': {'command': '.vision', 'id': '8c0834e1a02b452392a93b42722d4832', 'timestamp': '2026-07-13T03:47:50', 'type': 'rift_command'}}, paused=False
[2026-07-13T03:48:39.094898] _poll_chat: data=False
[2026-07-13T03:48:40.283991] _poll_chat: data=False
[2026-07-13T03:48:40.365207] _poll_commands: data={'0873532b3e67496d901277d59e36f805': {'command': '.vision', 'id': '14c18f3ca15c49d0831437e7272f6222', 'timestamp': '2026-07-13T03:47:50', 'type': 'rift_command'}, '456c2ba7c9bd452b9fba76e202bc639a': {'command': '.vision', 'id': '314e1004cdda4e2dac36d566e34f9370', 'timestamp': '2026-07-13T03:48:20', 'type': 'rift_command'}, 'b0fdf7085c3f4866b3d7822b363d3fbc': {'command': '.vision', 'id': '8c0834e1a02b452392a93b42722d4832', 'timestamp': '2026-07-13T03:47:50', 'type': 'rift_command'}}, paused=False
[2026-07-13T03:48:41.473774] _poll_chat: data=False
[2026-07-13T03:48:42.565219] _poll_commands: data={'0873532b3e67496d901277d59e36f805': {'command': '.vision', 'id': '14c18f3ca15c49d0831437e7272f6222', 'timestamp': '2026-07-13T03:47:50', 'type': 'rift_command'}, '456c2ba7c9bd452b9fba76e202bc639a': {'command': '.vision', 'id': '314e1004cdda4e2dac36d566e34f9370', 'timestamp': '2026-07-13T03:48:20', 'type': 'rift_command'}, 'b0fdf7085c3f4866b3d7822b363d3fbc': {'command': '.vision', 'id': '8c0834e1a02b452392a93b42722d4832', 'timestamp': '2026-07-13T03:47:50', 'type': 'rift_command'}}, paused=False
[2026-07-13T03:48:42.672882] _poll_chat: data=False
[2026-07-13T03:48:43.866433] _poll_chat: data=False
[2026-07-13T03:48:44.757618] _poll_commands: data={'0873532b3e67496d901277d59e36f805': {'command': '.vision', 'id': '14c18f3ca15c49d0831437e7272f6222', 'timestamp': '2026-07-13T03:47:50', 'type': 'rift_command'}, '456c2ba7c9bd452b9fba76e202bc639a': {'command': '.vision', 'id': '314e1004cdda4e2dac36d566e34f9370', 'timestamp': '2026-07-13T03:48:20', 'type': 'rift_command'}, 'b0fdf7085c3f4866b3d7822b363d3fbc': {'command': '.vision', 'id': '8c0834e1a02b452392a93b42722d4832', 'timestamp': '2026-07-13T03:47:50', 'type': 'rift_command'}, 'dee53b0dd2744ebb8e01a5a39fe51a2e': {'command': '.scan', 'id': '70a3a45842204ec284bb30b87605e973', 'timestamp': '2026-07-13T03:48:50', 'type': 'rift_command'}}, paused=False
[2026-07-13T03:48:44.757802] _poll_commands: new cmd id=70a3a45842204ec284bb30b87605e973 type=rift_command
[2026-07-13T03:48:44.758055] _on_new_command: id=70a3a45842204ec284bb30b87605e973 type=rift_command
[2026-07-13T03:48:44.760292] _on_new_command: ok=True, result=Files:
.portal_executed.json (321 bytes)
requirements.txt (15 bytes)
Python Portal for Atlas v2.pyw (149846 bytes)
.portal_v2_debug.log (170290 bytes)
Rift Admin Console.pyw (237895 bytes)
README.md (1100 bytes)
__pycache__/Python Portal for Atlas v2.cpython-310.pyc (93153 bytes)
__pycache__/Rift Admin Console.cpython-310.pyc (151868 bytes)
[2026-07-13T03:48:45.052789] _poll_chat: data=False
[2026-07-13T03:48:46.242524] _poll_chat: data=False
[2026-07-13T03:48:46.950978] _poll_commands: data={'0873532b3e67496d901277d59e36f805': {'command': '.vision', 'id': '14c18f3ca15c49d0831437e7272f6222', 'timestamp': '2026-07-13T03:47:50', 'type': 'rift_command'}, '456c2ba7c9bd452b9fba76e202bc639a': {'command': '.vision', 'id': '314e1004cdda4e2dac36d566e34f9370', 'timestamp': '2026-07-13T03:48:20', 'type': 'rift_command'}, 'b0fdf7085c3f4866b3d7822b363d3fbc': {'command': '.vision', 'id': '8c0834e1a02b452392a93b42722d4832', 'timestamp': '2026-07-13T03:47:50', 'type': 'rift_command'}, 'dee53b0dd2744ebb8e01a5a39fe51a2e': {'command': '.scan', 'id': '70a3a45842204ec284bb30b87605e973', 'timestamp': '2026-07-13T03:48:50', 'type': 'rift_command'}}, paused=False
[2026-07-13T03:48:47.430891] _poll_chat: data=False
[2026-07-13T03:48:48.632500] _poll_chat: data=False
[2026-07-13T03:48:49.148274] _poll_commands: data={'0873532b3e67496d901277d59e36f805': {'command': '.vision', 'id': '14c18f3ca15c49d0831437e7272f6222', 'timestamp': '2026-07-13T03:47:50', 'type': 'rift_command'}, '456c2ba7c9bd452b9fba76e202bc639a': {'command': '.vision', 'id': '314e1004cdda4e2dac36d566e34f9370', 'timestamp': '2026-07-13T03:48:20', 'type': 'rift_command'}, 'b0fdf7085c3f4866b3d7822b363d3fbc': {'command': '.vision', 'id': '8c0834e1a02b452392a93b42722d4832', 'timestamp': '2026-07-13T03:47:50', 'type': 'rift_command'}, 'dee53b0dd2744ebb8e01a5a39fe51a2e': {'command': '.scan', 'id': '70a3a45842204ec284bb30b87605e973', 'timestamp': '2026-07-13T03:48:50', 'type': 'rift_command'}}, paused=False
[2026-07-13T03:48:49.823900] _poll_chat: data=False
[2026-07-13T03:48:51.011376] _poll_chat: data=False
[2026-07-13T03:48:51.341751] _poll_commands: data={'0873532b3e67496d901277d59e36f805': {'command': '.vision', 'id': '14c18f3ca15c49d0831437e7272f6222', 'timestamp': '2026-07-13T03:47:50', 'type': 'rift_command'}, '456c2ba7c9bd452b9fba76e202bc639a': {'command': '.vision', 'id': '314e1004cdda4e2dac36d566e34f9370', 'timestamp': '2026-07-13T03:48:20', 'type': 'rift_command'}, 'b0fdf7085c3f4866b3d7822b363d3fbc': {'command': '.vision', 'id': '8c0834e1a02b452392a93b42722d4832', 'timestamp': '2026-07-13T03:47:50', 'type': 'rift_command'}, 'dee53b0dd2744ebb8e01a5a39fe51a2e': {'command': '.scan', 'id': '70a3a45842204ec284bb30b87605e973', 'timestamp': '2026-07-13T03:48:50', 'type': 'rift_command'}}, paused=False
[2026-07-13T03:48:52.199931] _poll_chat: data=False
[2026-07-13T03:48:53.388331] _poll_chat: data=False
[2026-07-13T03:48:53.538042] _poll_commands: data={'0873532b3e67496d901277d59e36f805': {'command': '.vision', 'id': '14c18f3ca15c49d0831437e7272f6222', 'timestamp': '2026-07-13T03:47:50', 'type': 'rift_command'}, '456c2ba7c9bd452b9fba76e202bc639a': {'command': '.vision', 'id': '314e1004cdda4e2dac36d566e34f9370', 'timestamp': '2026-07-13T03:48:20', 'type': 'rift_command'}, 'b0fdf7085c3f4866b3d7822b363d3fbc': {'command': '.vision', 'id': '8c0834e1a02b452392a93b42722d4832', 'timestamp': '2026-07-13T03:47:50', 'type': 'rift_command'}, 'dee53b0dd2744ebb8e01a5a39fe51a2e': {'command': '.scan', 'id': '70a3a45842204ec284bb30b87605e973', 'timestamp': '2026-07-13T03:48:50', 'type': 'rift_command'}}, paused=False
[2026-07-13T03:48:54.574264] _poll_chat: data=False
[2026-07-13T03:48:55.732388] _poll_commands: data={'0873532b3e67496d901277d59e36f805': {'command': '.vision', 'id': '14c18f3ca15c49d0831437e7272f6222', 'timestamp': '2026-07-13T03:47:50', 'type': 'rift_command'}, '456c2ba7c9bd452b9fba76e202bc639a': {'command': '.vision', 'id': '314e1004cdda4e2dac36d566e34f9370', 'timestamp': '2026-07-13T03:48:20', 'type': 'rift_command'}, 'b0fdf7085c3f4866b3d7822b363d3fbc': {'command': '.vision', 'id': '8c0834e1a02b452392a93b42722d4832', 'timestamp': '2026-07-13T03:47:50', 'type': 'rift_command'}, 'dee53b0dd2744ebb8e01a5a39fe51a2e': {'command': '.scan', 'id': '70a3a45842204ec284bb30b87605e973', 'timestamp': '2026-07-13T03:48:50', 'type': 'rift_command'}}, paused=False
[2026-07-13T03:48:55.761381] _poll_chat: data=False
[2026-07-13T03:48:56.946864] _poll_chat: data=False
[2026-07-13T03:48:57.926182] _poll_commands: data={'0873532b3e67496d901277d59e36f805': {'command': '.vision', 'id': '14c18f3ca15c49d0831437e7272f6222', 'timestamp': '2026-07-13T03:47:50', 'type': 'rift_command'}, '456c2ba7c9bd452b9fba76e202bc639a': {'command': '.vision', 'id': '314e1004cdda4e2dac36d566e34f9370', 'timestamp': '2026-07-13T03:48:20', 'type': 'rift_command'}, 'b0fdf7085c3f4866b3d7822b363d3fbc': {'command': '.vision', 'id': '8c0834e1a02b452392a93b42722d4832', 'timestamp': '2026-07-13T03:47:50', 'type': 'rift_command'}, 'dee53b0dd2744ebb8e01a5a39fe51a2e': {'command': '.scan', 'id': '70a3a45842204ec284bb30b87605e973', 'timestamp': '2026-07-13T03:48:50', 'type': 'rift_command'}}, paused=False
[2026-07-13T03:48:58.137526] _poll_chat: data=False
[2026-07-13T03:48:59.327257] _poll_chat: data=False
[2026-07-13T03:49:00.113904] _poll_commands: data={'0873532b3e67496d901277d59e36f805': {'command': '.vision', 'id': '14c18f3ca15c49d0831437e7272f6222', 'timestamp': '2026-07-13T03:47:50', 'type': 'rift_command'}, '456c2ba7c9bd452b9fba76e202bc639a': {'command': '.vision', 'id': '314e1004cdda4e2dac36d566e34f9370', 'timestamp': '2026-07-13T03:48:20', 'type': 'rift_command'}, 'b0fdf7085c3f4866b3d7822b363d3fbc': {'command': '.vision', 'id': '8c0834e1a02b452392a93b42722d4832', 'timestamp': '2026-07-13T03:47:50', 'type': 'rift_command'}, 'dee53b0dd2744ebb8e01a5a39fe51a2e': {'command': '.scan', 'id': '70a3a45842204ec284bb30b87605e973', 'timestamp': '2026-07-13T03:48:50', 'type': 'rift_command'}}, paused=False
[2026-07-13T03:49:00.514232] _poll_chat: data=False
[2026-07-13T03:49:01.707551] _poll_chat: data=False
[2026-07-13T03:49:02.312213] _poll_commands: data={'0873532b3e67496d901277d59e36f805': {'command': '.vision', 'id': '14c18f3ca15c49d0831437e7272f6222', 'timestamp': '2026-07-13T03:47:50', 'type': 'rift_command'}, '456c2ba7c9bd452b9fba76e202bc639a': {'command': '.vision', 'id': '314e1004cdda4e2dac36d566e34f9370', 'timestamp': '2026-07-13T03:48:20', 'type': 'rift_command'}, 'b0fdf7085c3f4866b3d7822b363d3fbc': {'command': '.vision', 'id': '8c0834e1a02b452392a93b42722d4832', 'timestamp': '2026-07-13T03:47:50', 'type': 'rift_command'}, 'dee53b0dd2744ebb8e01a5a39fe51a2e': {'command': '.scan', 'id': '70a3a45842204ec284bb30b87605e973', 'timestamp': '2026-07-13T03:48:50', 'type': 'rift_command'}}, paused=False
[2026-07-13T03:49:02.892327] _poll_chat: data=False
[2026-07-13T03:49:04.077689] _poll_chat: data=False
[2026-07-13T03:49:04.506255] _poll_commands: data={'0873532b3e67496d901277d59e36f805': {'command': '.vision', 'id': '14c18f3ca15c49d0831437e7272f6222', 'timestamp': '2026-07-13T03:47:50', 'type': 'rift_command'}, '456c2ba7c9bd452b9fba76e202bc639a': {'command': '.vision', 'id': '314e1004cdda4e2dac36d566e34f9370', 'timestamp': '2026-07-13T03:48:20', 'type': 'rift_command'}, 'b0fdf7085c3f4866b3d7822b363d3fbc': {'command': '.vision', 'id': '8c0834e1a02b452392a93b42722d4832', 'timestamp': '2026-07-13T03:47:50', 'type': 'rift_command'}, 'dee53b0dd2744ebb8e01a5a39fe51a2e': {'command': '.scan', 'id': '70a3a45842204ec284bb30b87605e973', 'timestamp': '2026-07-13T03:48:50', 'type': 'rift_command'}}, paused=False
[2026-07-13T03:49:05.262009] _poll_chat: data=False
[2026-07-13T03:49:06.441749] _poll_chat: data=False
[2026-07-13T03:49:06.697083] _poll_commands: data={'0873532b3e67496d901277d59e36f805': {'command': '.vision', 'id': '14c18f3ca15c49d0831437e7272f6222', 'timestamp': '2026-07-13T03:47:50', 'type': 'rift_command'}, '456c2ba7c9bd452b9fba76e202bc639a': {'command': '.vision', 'id': '314e1004cdda4e2dac36d566e34f9370', 'timestamp': '2026-07-13T03:48:20', 'type': 'rift_command'}, 'b0fdf7085c3f4866b3d7822b363d3fbc': {'command': '.vision', 'id': '8c0834e1a02b452392a93b42722d4832', 'timestamp': '2026-07-13T03:47:50', 'type': 'rift_command'}, 'dee53b0dd2744ebb8e01a5a39fe51a2e': {'command': '.scan', 'id': '70a3a45842204ec284bb30b87605e973', 'timestamp': '2026-07-13T03:48:50', 'type': 'rift_command'}}, paused=False
[2026-07-13T03:49:07.627823] _poll_chat: data=False
[2026-07-13T03:49:08.815435] _poll_chat: data=False
[2026-07-13T03:49:08.892879] _poll_commands: data={'0873532b3e67496d901277d59e36f805': {'command': '.vision', 'id': '14c18f3ca15c49d0831437e7272f6222', 'timestamp': '2026-07-13T03:47:50', 'type': 'rift_command'}, '456c2ba7c9bd452b9fba76e202bc639a': {'command': '.vision', 'id': '314e1004cdda4e2dac36d566e34f9370', 'timestamp': '2026-07-13T03:48:20', 'type': 'rift_command'}, 'b0fdf7085c3f4866b3d7822b363d3fbc': {'command': '.vision', 'id': '8c0834e1a02b452392a93b42722d4832', 'timestamp': '2026-07-13T03:47:50', 'type': 'rift_command'}, 'dee53b0dd2744ebb8e01a5a39fe51a2e': {'command': '.scan', 'id': '70a3a45842204ec284bb30b87605e973', 'timestamp': '2026-07-13T03:48:50', 'type': 'rift_command'}}, paused=False
[2026-07-13T03:49:10.010186] _poll_chat: data=False
[2026-07-13T03:49:11.090175] _poll_commands: data={'0873532b3e67496d901277d59e36f805': {'command': '.vision', 'id': '14c18f3ca15c49d0831437e7272f6222', 'timestamp': '2026-07-13T03:47:50', 'type': 'rift_command'}, '456c2ba7c9bd452b9fba76e202bc639a': {'command': '.vision', 'id': '314e1004cdda4e2dac36d566e34f9370', 'timestamp': '2026-07-13T03:48:20', 'type': 'rift_command'}, 'b0fdf7085c3f4866b3d7822b363d3fbc': {'command': '.vision', 'id': '8c0834e1a02b452392a93b42722d4832', 'timestamp': '2026-07-13T03:47:50', 'type': 'rift_command'}, 'dee53b0dd2744ebb8e01a5a39fe51a2e': {'command': '.scan', 'id': '70a3a45842204ec284bb30b87605e973', 'timestamp': '2026-07-13T03:48:50', 'type': 'rift_command'}}, paused=False
[2026-07-13T03:49:11.195038] _poll_chat: data=False
[2026-07-13T03:49:12.393077] _poll_chat: data=False
[2026-07-13T03:49:13.282123] _poll_commands: data={'0873532b3e67496d901277d59e36f805': {'command': '.vision', 'id': '14c18f3ca15c49d0831437e7272f6222', 'timestamp': '2026-07-13T03:47:50', 'type': 'rift_command'}, '456c2ba7c9bd452b9fba76e202bc639a': {'command': '.vision', 'id': '314e1004cdda4e2dac36d566e34f9370', 'timestamp': '2026-07-13T03:48:20', 'type': 'rift_command'}, 'b0fdf7085c3f4866b3d7822b363d3fbc': {'command': '.vision', 'id': '8c0834e1a02b452392a93b42722d4832', 'timestamp': '2026-07-13T03:47:50', 'type': 'rift_command'}, 'dee53b0dd2744ebb8e01a5a39fe51a2e': {'command': '.scan', 'id': '70a3a45842204ec284bb30b87605e973', 'timestamp': '2026-07-13T03:48:50', 'type': 'rift_command'}}, paused=False
[2026-07-13T03:49:13.582731] _poll_chat: data=False
[2026-07-13T03:49:14.770607] _poll_chat: data=False
[2026-07-13T03:49:15.473863] _poll_commands: data={'0873532b3e67496d901277d59e36f805': {'command': '.vision', 'id': '14c18f3ca15c49d0831437e7272f6222', 'timestamp': '2026-07-13T03:47:50', 'type': 'rift_command'}, '456c2ba7c9bd452b9fba76e202bc639a': {'command': '.vision', 'id': '314e1004cdda4e2dac36d566e34f9370', 'timestamp': '2026-07-13T03:48:20', 'type': 'rift_command'}, 'b0fdf7085c3f4866b3d7822b363d3fbc': {'command': '.vision', 'id': '8c0834e1a02b452392a93b42722d4832', 'timestamp': '2026-07-13T03:47:50', 'type': 'rift_command'}, 'dee53b0dd2744ebb8e01a5a39fe51a2e': {'command': '.scan', 'id': '70a3a45842204ec284bb30b87605e973', 'timestamp': '2026-07-13T03:48:50', 'type': 'rift_command'}}, paused=False
[2026-07-13T03:49:15.962478] _poll_chat: data=False
[2026-07-13T03:49:17.149174] _poll_chat: data=False
[2026-07-13T03:49:17.674081] _poll_commands: data={'0873532b3e67496d901277d59e36f805': {'command': '.vision', 'id': '14c18f3ca15c49d0831437e7272f6222', 'timestamp': '2026-07-13T03:47:50', 'type': 'rift_command'}, '456c2ba7c9bd452b9fba76e202bc639a': {'command': '.vision', 'id': '314e1004cdda4e2dac36d566e34f9370', 'timestamp': '2026-07-13T03:48:20', 'type': 'rift_command'}, 'b0fdf7085c3f4866b3d7822b363d3fbc': {'command': '.vision', 'id': '8c0834e1a02b452392a93b42722d4832', 'timestamp': '2026-07-13T03:47:50', 'type': 'rift_command'}, 'dee53b0dd2744ebb8e01a5a39fe51a2e': {'command': '.scan', 'id': '70a3a45842204ec284bb30b87605e973', 'timestamp': '2026-07-13T03:48:50', 'type': 'rift_command'}}, paused=False
[2026-07-13T03:49:18.335738] _poll_chat: data=False
[2026-07-13T03:49:19.528955] _poll_chat: data=False
[2026-07-13T03:49:19.881195] _poll_commands: data={'0873532b3e67496d901277d59e36f805': {'command': '.vision', 'id': '14c18f3ca15c49d0831437e7272f6222', 'timestamp': '2026-07-13T03:47:50', 'type': 'rift_command'}, '456c2ba7c9bd452b9fba76e202bc639a': {'command': '.vision', 'id': '314e1004cdda4e2dac36d566e34f9370', 'timestamp': '2026-07-13T03:48:20', 'type': 'rift_command'}, 'b0fdf7085c3f4866b3d7822b363d3fbc': {'command': '.vision', 'id': '8c0834e1a02b452392a93b42722d4832', 'timestamp': '2026-07-13T03:47:50', 'type': 'rift_command'}, 'dee53b0dd2744ebb8e01a5a39fe51a2e': {'command': '.scan', 'id': '70a3a45842204ec284bb30b87605e973', 'timestamp': '2026-07-13T03:48:50', 'type': 'rift_command'}}, paused=False
[2026-07-13T03:49:20.724890] _poll_chat: data=False
[2026-07-13T03:49:21.927135] _poll_chat: data=False
[2026-07-13T03:49:22.076531] _poll_commands: data={'0873532b3e67496d901277d59e36f805': {'command': '.vision', 'id': '14c18f3ca15c49d0831437e7272f6222', 'timestamp': '2026-07-13T03:47:50', 'type': 'rift_command'}, '456c2ba7c9bd452b9fba76e202bc639a': {'command': '.vision', 'id': '314e1004cdda4e2dac36d566e34f9370', 'timestamp': '2026-07-13T03:48:20', 'type': 'rift_command'}, 'b0fdf7085c3f4866b3d7822b363d3fbc': {'command': '.vision', 'id': '8c0834e1a02b452392a93b42722d4832', 'timestamp': '2026-07-13T03:47:50', 'type': 'rift_command'}, 'dee53b0dd2744ebb8e01a5a39fe51a2e': {'command': '.scan', 'id': '70a3a45842204ec284bb30b87605e973', 'timestamp': '2026-07-13T03:48:50', 'type': 'rift_command'}}, paused=False
[2026-07-13T03:49:23.119617] _poll_chat: data=False
[2026-07-13T03:49:24.270425] _poll_commands: data={'0873532b3e67496d901277d59e36f805': {'command': '.vision', 'id': '14c18f3ca15c49d0831437e7272f6222', 'timestamp': '2026-07-13T03:47:50', 'type': 'rift_command'}, '456c2ba7c9bd452b9fba76e202bc639a': {'command': '.vision', 'id': '314e1004cdda4e2dac36d566e34f9370', 'timestamp': '2026-07-13T03:48:20', 'type': 'rift_command'}, 'b0fdf7085c3f4866b3d7822b363d3fbc': {'command': '.vision', 'id': '8c0834e1a02b452392a93b42722d4832', 'timestamp': '2026-07-13T03:47:50', 'type': 'rift_command'}, 'dee53b0dd2744ebb8e01a5a39fe51a2e': {'command': '.scan', 'id': '70a3a45842204ec284bb30b87605e973', 'timestamp': '2026-07-13T03:48:50', 'type': 'rift_command'}}, paused=False
[2026-07-13T03:49:24.306567] _poll_chat: data=False
[2026-07-13T03:49:25.498049] _poll_chat: data=False
[2026-07-13T03:49:26.457741] _poll_commands: data={'0873532b3e67496d901277d59e36f805': {'command': '.vision', 'id': '14c18f3ca15c49d0831437e7272f6222', 'timestamp': '2026-07-13T03:47:50', 'type': 'rift_command'}, '456c2ba7c9bd452b9fba76e202bc639a': {'command': '.vision', 'id': '314e1004cdda4e2dac36d566e34f9370', 'timestamp': '2026-07-13T03:48:20', 'type': 'rift_command'}, 'b0fdf7085c3f4866b3d7822b363d3fbc': {'command': '.vision', 'id': '8c0834e1a02b452392a93b42722d4832', 'timestamp': '2026-07-13T03:47:50', 'type': 'rift_command'}, 'dee53b0dd2744ebb8e01a5a39fe51a2e': {'command': '.scan', 'id': '70a3a45842204ec284bb30b87605e973', 'timestamp': '2026-07-13T03:48:50', 'type': 'rift_command'}}, paused=False
[2026-07-13T03:49:26.684124] _poll_chat: data=False
[2026-07-13T03:49:27.872002] _poll_chat: data=False
[2026-07-13T03:49:28.656169] _poll_commands: data={'0873532b3e67496d901277d59e36f805': {'command': '.vision', 'id': '14c18f3ca15c49d0831437e7272f6222', 'timestamp': '2026-07-13T03:47:50', 'type': 'rift_command'}, '456c2ba7c9bd452b9fba76e202bc639a': {'command': '.vision', 'id': '314e1004cdda4e2dac36d566e34f9370', 'timestamp': '2026-07-13T03:48:20', 'type': 'rift_command'}, 'b0fdf7085c3f4866b3d7822b363d3fbc': {'command': '.vision', 'id': '8c0834e1a02b452392a93b42722d4832', 'timestamp': '2026-07-13T03:47:50', 'type': 'rift_command'}, 'dee53b0dd2744ebb8e01a5a39fe51a2e': {'command': '.scan', 'id': '70a3a45842204ec284bb30b87605e973', 'timestamp': '2026-07-13T03:48:50', 'type': 'rift_command'}}, paused=False
[2026-07-13T03:49:29.057428] _poll_chat: data=False
[2026-07-13T03:49:30.249800] _poll_chat: data=False
[2026-07-13T03:49:30.856776] _poll_commands: data={'0873532b3e67496d901277d59e36f805': {'command': '.vision', 'id': '14c18f3ca15c49d0831437e7272f6222', 'timestamp': '2026-07-13T03:47:50', 'type': 'rift_command'}, '456c2ba7c9bd452b9fba76e202bc639a': {'command': '.vision', 'id': '314e1004cdda4e2dac36d566e34f9370', 'timestamp': '2026-07-13T03:48:20', 'type': 'rift_command'}, 'b0fdf7085c3f4866b3d7822b363d3fbc': {'command': '.vision', 'id': '8c0834e1a02b452392a93b42722d4832', 'timestamp': '2026-07-13T03:47:50', 'type': 'rift_command'}, 'dee53b0dd2744ebb8e01a5a39fe51a2e': {'command': '.scan', 'id': '70a3a45842204ec284bb30b87605e973', 'timestamp': '2026-07-13T03:48:50', 'type': 'rift_command'}}, paused=False
[2026-07-13T03:49:31.440528] _poll_chat: data=False
[2026-07-13T03:49:32.631916] _poll_chat: data=False
[2026-07-13T03:49:33.046387] _poll_commands: data={'0873532b3e67496d901277d59e36f805': {'command': '.vision', 'id': '14c18f3ca15c49d0831437e7272f6222', 'timestamp': '2026-07-13T03:47:50', 'type': 'rift_command'}, '456c2ba7c9bd452b9fba76e202bc639a': {'command': '.vision', 'id': '314e1004cdda4e2dac36d566e34f9370', 'timestamp': '2026-07-13T03:48:20', 'type': 'rift_command'}, 'b0fdf7085c3f4866b3d7822b363d3fbc': {'command': '.vision', 'id': '8c0834e1a02b452392a93b42722d4832', 'timestamp': '2026-07-13T03:47:50', 'type': 'rift_command'}, 'dee53b0dd2744ebb8e01a5a39fe51a2e': {'command': '.scan', 'id': '70a3a45842204ec284bb30b87605e973', 'timestamp': '2026-07-13T03:48:50', 'type': 'rift_command'}}, paused=False
[2026-07-13T03:49:33.822012] _poll_chat: data=False
[2026-07-13T03:49:35.013933] _poll_chat: data=False
[2026-07-13T03:49:35.238801] _poll_commands: data={'0873532b3e67496d901277d59e36f805': {'command': '.vision', 'id': '14c18f3ca15c49d0831437e7272f6222', 'timestamp': '2026-07-13T03:47:50', 'type': 'rift_command'}, '456c2ba7c9bd452b9fba76e202bc639a': {'command': '.vision', 'id': '314e1004cdda4e2dac36d566e34f9370', 'timestamp': '2026-07-13T03:48:20', 'type': 'rift_command'}, 'b0fdf7085c3f4866b3d7822b363d3fbc': {'command': '.vision', 'id': '8c0834e1a02b452392a93b42722d4832', 'timestamp': '2026-07-13T03:47:50', 'type': 'rift_command'}, 'dee53b0dd2744ebb8e01a5a39fe51a2e': {'command': '.scan', 'id': '70a3a45842204ec284bb30b87605e973', 'timestamp': '2026-07-13T03:48:50', 'type': 'rift_command'}}, paused=False
[2026-07-13T03:49:36.209323] _poll_chat: data=False
[2026-07-13T03:49:37.404003] _poll_chat: data=False
[2026-07-13T03:49:37.434017] _poll_commands: data={'0873532b3e67496d901277d59e36f805': {'command': '.vision', 'id': '14c18f3ca15c49d0831437e7272f6222', 'timestamp': '2026-07-13T03:47:50', 'type': 'rift_command'}, '456c2ba7c9bd452b9fba76e202bc639a': {'command': '.vision', 'id': '314e1004cdda4e2dac36d566e34f9370', 'timestamp': '2026-07-13T03:48:20', 'type': 'rift_command'}, 'b0fdf7085c3f4866b3d7822b363d3fbc': {'command': '.vision', 'id': '8c0834e1a02b452392a93b42722d4832', 'timestamp': '2026-07-13T03:47:50', 'type': 'rift_command'}, 'dee53b0dd2744ebb8e01a5a39fe51a2e': {'command': '.scan', 'id': '70a3a45842204ec284bb30b87605e973', 'timestamp': '2026-07-13T03:48:50', 'type': 'rift_command'}}, paused=False
[2026-07-13T03:49:38.592015] _poll_chat: data=False
[2026-07-13T03:49:39.631074] _poll_commands: data={'0873532b3e67496d901277d59e36f805': {'command': '.vision', 'id': '14c18f3ca15c49d0831437e7272f6222', 'timestamp': '2026-07-13T03:47:50', 'type': 'rift_command'}, '456c2ba7c9bd452b9fba76e202bc639a': {'command': '.vision', 'id': '314e1004cdda4e2dac36d566e34f9370', 'timestamp': '2026-07-13T03:48:20', 'type': 'rift_command'}, 'b0fdf7085c3f4866b3d7822b363d3fbc': {'command': '.vision', 'id': '8c0834e1a02b452392a93b42722d4832', 'timestamp': '2026-07-13T03:47:50', 'type': 'rift_command'}, 'dee53b0dd2744ebb8e01a5a39fe51a2e': {'command': '.scan', 'id': '70a3a45842204ec284bb30b87605e973', 'timestamp': '2026-07-13T03:48:50', 'type': 'rift_command'}}, paused=False
[2026-07-13T03:49:39.778590] _poll_chat: data=False
[2026-07-13T03:49:40.965564] _poll_chat: data=False
[2026-07-13T03:49:41.830466] _poll_commands: data={'0873532b3e67496d901277d59e36f805': {'command': '.vision', 'id': '14c18f3ca15c49d0831437e7272f6222', 'timestamp': '2026-07-13T03:47:50', 'type': 'rift_command'}, '456c2ba7c9bd452b9fba76e202bc639a': {'command': '.vision', 'id': '314e1004cdda4e2dac36d566e34f9370', 'timestamp': '2026-07-13T03:48:20', 'type': 'rift_command'}, 'b0fdf7085c3f4866b3d7822b363d3fbc': {'command': '.vision', 'id': '8c0834e1a02b452392a93b42722d4832', 'timestamp': '2026-07-13T03:47:50', 'type': 'rift_command'}, 'dee53b0dd2744ebb8e01a5a39fe51a2e': {'command': '.scan', 'id': '70a3a45842204ec284bb30b87605e973', 'timestamp': '2026-07-13T03:48:50', 'type': 'rift_command'}}, paused=False
[2026-07-13T03:49:42.154324] _poll_chat: data=False
[2026-07-13T03:49:43.343179] _poll_chat: data=False
[2026-07-13T03:49:44.025274] _poll_commands: data={'0873532b3e67496d901277d59e36f805': {'command': '.vision', 'id': '14c18f3ca15c49d0831437e7272f6222', 'timestamp': '2026-07-13T03:47:50', 'type': 'rift_command'}, '456c2ba7c9bd452b9fba76e202bc639a': {'command': '.vision', 'id': '314e1004cdda4e2dac36d566e34f9370', 'timestamp': '2026-07-13T03:48:20', 'type': 'rift_command'}, 'b0fdf7085c3f4866b3d7822b363d3fbc': {'command': '.vision', 'id': '8c0834e1a02b452392a93b42722d4832', 'timestamp': '2026-07-13T03:47:50', 'type': 'rift_command'}, 'dee53b0dd2744ebb8e01a5a39fe51a2e': {'command': '.scan', 'id': '70a3a45842204ec284bb30b87605e973', 'timestamp': '2026-07-13T03:48:50', 'type': 'rift_command'}}, paused=False
[2026-07-13T03:49:44.530083] _poll_chat: data=False
[2026-07-13T03:49:45.719547] _poll_chat: data=False
[2026-07-13T03:49:46.220952] _poll_commands: data={'0873532b3e67496d901277d59e36f805': {'command': '.vision', 'id': '14c18f3ca15c49d0831437e7272f6222', 'timestamp': '2026-07-13T03:47:50', 'type': 'rift_command'}, '456c2ba7c9bd452b9fba76e202bc639a': {'command': '.vision', 'id': '314e1004cdda4e2dac36d566e34f9370', 'timestamp': '2026-07-13T03:48:20', 'type': 'rift_command'}, 'b0fdf7085c3f4866b3d7822b363d3fbc': {'command': '.vision', 'id': '8c0834e1a02b452392a93b42722d4832', 'timestamp': '2026-07-13T03:47:50', 'type': 'rift_command'}, 'dee53b0dd2744ebb8e01a5a39fe51a2e': {'command': '.scan', 'id': '70a3a45842204ec284bb30b87605e973', 'timestamp': '2026-07-13T03:48:50', 'type': 'rift_command'}}, paused=False
[2026-07-13T03:49:46.911566] _poll_chat: data=False
[2026-07-13T03:49:48.109822] _poll_chat: data=False
[2026-07-13T03:49:48.426400] _poll_commands: data={'0873532b3e67496d901277d59e36f805': {'command': '.vision', 'id': '14c18f3ca15c49d0831437e7272f6222', 'timestamp': '2026-07-13T03:47:50', 'type': 'rift_command'}, '456c2ba7c9bd452b9fba76e202bc639a': {'command': '.vision', 'id': '314e1004cdda4e2dac36d566e34f9370', 'timestamp': '2026-07-13T03:48:20', 'type': 'rift_command'}, 'b0fdf7085c3f4866b3d7822b363d3fbc': {'command': '.vision', 'id': '8c0834e1a02b452392a93b42722d4832', 'timestamp': '2026-07-13T03:47:50', 'type': 'rift_command'}, 'dee53b0dd2744ebb8e01a5a39fe51a2e': {'command': '.scan', 'id': '70a3a45842204ec284bb30b87605e973', 'timestamp': '2026-07-13T03:48:50', 'type': 'rift_command'}}, paused=False
[2026-07-13T03:49:49.292825] _poll_chat: data=False
[2026-07-13T03:49:50.617805] _poll_chat: data=False
[2026-07-13T03:49:50.630783] _poll_commands: data={'0873532b3e67496d901277d59e36f805': {'command': '.vision', 'id': '14c18f3ca15c49d0831437e7272f6222', 'timestamp': '2026-07-13T03:47:50', 'type': 'rift_command'}, '456c2ba7c9bd452b9fba76e202bc639a': {'command': '.vision', 'id': '314e1004cdda4e2dac36d566e34f9370', 'timestamp': '2026-07-13T03:48:20', 'type': 'rift_command'}, 'b0fdf7085c3f4866b3d7822b363d3fbc': {'command': '.vision', 'id': '8c0834e1a02b452392a93b42722d4832', 'timestamp': '2026-07-13T03:47:50', 'type': 'rift_command'}, 'dee53b0dd2744ebb8e01a5a39fe51a2e': {'command': '.scan', 'id': '70a3a45842204ec284bb30b87605e973', 'timestamp': '2026-07-13T03:48:50', 'type': 'rift_command'}}, paused=False
[2026-07-13T03:49:51.805479] _poll_chat: data=False
[2026-07-13T03:49:52.819582] _poll_commands: data={'0873532b3e67496d901277d59e36f805': {'command': '.vision', 'id': '14c18f3ca15c49d0831437e7272f6222', 'timestamp': '2026-07-13T03:47:50', 'type': 'rift_command'}, '456c2ba7c9bd452b9fba76e202bc639a': {'command': '.vision', 'id': '314e1004cdda4e2dac36d566e34f9370', 'timestamp': '2026-07-13T03:48:20', 'type': 'rift_command'}, 'b0fdf7085c3f4866b3d7822b363d3fbc': {'command': '.vision', 'id': '8c0834e1a02b452392a93b42722d4832', 'timestamp': '2026-07-13T03:47:50', 'type': 'rift_command'}, 'dee53b0dd2744ebb8e01a5a39fe51a2e': {'command': '.scan', 'id': '70a3a45842204ec284bb30b87605e973', 'timestamp': '2026-07-13T03:48:50', 'type': 'rift_command'}}, paused=False
[2026-07-13T03:49:52.997875] _poll_chat: data=False
[2026-07-13T03:49:54.230733] _poll_chat: data=False
[2026-07-13T03:49:55.017669] _poll_commands: data={'0873532b3e67496d901277d59e36f805': {'command': '.vision', 'id': '14c18f3ca15c49d0831437e7272f6222', 'timestamp': '2026-07-13T03:47:50', 'type': 'rift_command'}, '456c2ba7c9bd452b9fba76e202bc639a': {'command': '.vision', 'id': '314e1004cdda4e2dac36d566e34f9370', 'timestamp': '2026-07-13T03:48:20', 'type': 'rift_command'}, 'b0fdf7085c3f4866b3d7822b363d3fbc': {'command': '.vision', 'id': '8c0834e1a02b452392a93b42722d4832', 'timestamp': '2026-07-13T03:47:50', 'type': 'rift_command'}, 'dee53b0dd2744ebb8e01a5a39fe51a2e': {'command': '.scan', 'id': '70a3a45842204ec284bb30b87605e973', 'timestamp': '2026-07-13T03:48:50', 'type': 'rift_command'}}, paused=False
[2026-07-13T03:49:55.417646] _poll_chat: data=False
[2026-07-13T03:49:56.708559] _poll_chat: data=False
[2026-07-13T03:49:57.211047] _poll_commands: data={'0873532b3e67496d901277d59e36f805': {'command': '.vision', 'id': '14c18f3ca15c49d0831437e7272f6222', 'timestamp': '2026-07-13T03:47:50', 'type': 'rift_command'}, '456c2ba7c9bd452b9fba76e202bc639a': {'command': '.vision', 'id': '314e1004cdda4e2dac36d566e34f9370', 'timestamp': '2026-07-13T03:48:20', 'type': 'rift_command'}, 'b0fdf7085c3f4866b3d7822b363d3fbc': {'command': '.vision', 'id': '8c0834e1a02b452392a93b42722d4832', 'timestamp': '2026-07-13T03:47:50', 'type': 'rift_command'}, 'dee53b0dd2744ebb8e01a5a39fe51a2e': {'command': '.scan', 'id': '70a3a45842204ec284bb30b87605e973', 'timestamp': '2026-07-13T03:48:50', 'type': 'rift_command'}}, paused=False
[2026-07-13T03:49:57.896824] _poll_chat: data=False
[2026-07-13T03:49:59.081740] _poll_chat: data=False
[2026-07-13T03:49:59.404284] _poll_commands: data={'0873532b3e67496d901277d59e36f805': {'command': '.vision', 'id': '14c18f3ca15c49d0831437e7272f6222', 'timestamp': '2026-07-13T03:47:50', 'type': 'rift_command'}, '456c2ba7c9bd452b9fba76e202bc639a': {'command': '.vision', 'id': '314e1004cdda4e2dac36d566e34f9370', 'timestamp': '2026-07-13T03:48:20', 'type': 'rift_command'}, 'b0fdf7085c3f4866b3d7822b363d3fbc': {'command': '.vision', 'id': '8c0834e1a02b452392a93b42722d4832', 'timestamp': '2026-07-13T03:47:50', 'type': 'rift_command'}, 'dee53b0dd2744ebb8e01a5a39fe51a2e': {'command': '.scan', 'id': '70a3a45842204ec284bb30b87605e973', 'timestamp': '2026-07-13T03:48:50', 'type': 'rift_command'}}, paused=False
[2026-07-13T03:50:00.278690] _poll_chat: data=False
[2026-07-13T03:50:01.480927] _poll_chat: data=False
[2026-07-13T03:50:01.594123] _poll_commands: data={'0873532b3e67496d901277d59e36f805': {'command': '.vision', 'id': '14c18f3ca15c49d0831437e7272f6222', 'timestamp': '2026-07-13T03:47:50', 'type': 'rift_command'}, '456c2ba7c9bd452b9fba76e202bc639a': {'command': '.vision', 'id': '314e1004cdda4e2dac36d566e34f9370', 'timestamp': '2026-07-13T03:48:20', 'type': 'rift_command'}, 'b0fdf7085c3f4866b3d7822b363d3fbc': {'command': '.vision', 'id': '8c0834e1a02b452392a93b42722d4832', 'timestamp': '2026-07-13T03:47:50', 'type': 'rift_command'}, 'dee53b0dd2744ebb8e01a5a39fe51a2e': {'command': '.scan', 'id': '70a3a45842204ec284bb30b87605e973', 'timestamp': '2026-07-13T03:48:50', 'type': 'rift_command'}}, paused=False
[2026-07-13T03:50:02.670381] _poll_chat: data=False
[2026-07-13T03:50:03.789804] _poll_commands: data={'0873532b3e67496d901277d59e36f805': {'command': '.vision', 'id': '14c18f3ca15c49d0831437e7272f6222', 'timestamp': '2026-07-13T03:47:50', 'type': 'rift_command'}, '456c2ba7c9bd452b9fba76e202bc639a': {'command': '.vision', 'id': '314e1004cdda4e2dac36d566e34f9370', 'timestamp': '2026-07-13T03:48:20', 'type': 'rift_command'}, 'b0fdf7085c3f4866b3d7822b363d3fbc': {'command': '.vision', 'id': '8c0834e1a02b452392a93b42722d4832', 'timestamp': '2026-07-13T03:47:50', 'type': 'rift_command'}, 'dee53b0dd2744ebb8e01a5a39fe51a2e': {'command': '.scan', 'id': '70a3a45842204ec284bb30b87605e973', 'timestamp': '2026-07-13T03:48:50', 'type': 'rift_command'}}, paused=False
[2026-07-13T03:50:03.858466] _poll_chat: data=False
[2026-07-13T03:50:05.049568] _poll_chat: data=False
[2026-07-13T03:50:10.905319] _backend_init started
[2026-07-13T03:50:11.095677] _poll_commands: data=None, paused=False
[2026-07-13T03:50:11.098112] _register_session: sessions/portal-9f017de64922 ok=True
[2026-07-13T03:50:11.102036] _poll_chat: data=False
[2026-07-13T03:50:11.333612] _post_to_discord: status=204, ok=True
[2026-07-13T03:50:11.526779] _wait_for_webhook poll: data={'card_state': 'waiting', 'folder': '/home/ubuntu/repos/rift-debug', 'host': 'devin-box', 'id': 'portal-9f017de64922', 'last_seen': '2026-07-13 03:50', 'name': 'unknown@devin-box', 'opened_at': '2026-07-13 03:50', 'orb_state': 'idle', 'portal_connected': False, 'status': 'open', 'user': 'unknown', 'version': '2.1.0'}
[2026-07-13T03:50:12.291449] _poll_chat: data=False
[2026-07-13T03:50:12.716373] _wait_for_webhook poll: data={'card_state': 'waiting', 'folder': '/home/ubuntu/repos/rift-debug', 'host': 'devin-box', 'id': 'portal-9f017de64922', 'last_seen': '2026-07-13 03:50', 'name': 'unknown@devin-box', 'opened_at': '2026-07-13 03:50', 'orb_state': 'idle', 'portal_connected': False, 'status': 'open', 'user': 'unknown', 'version': '2.1.0'}
[2026-07-13T03:50:13.297493] _poll_commands: data=None, paused=False
[2026-07-13T03:50:13.480621] _poll_chat: data=False
[2026-07-13T03:50:13.908094] _wait_for_webhook poll: data={'card_state': 'waiting', 'folder': '/home/ubuntu/repos/rift-debug', 'host': 'devin-box', 'id': 'portal-9f017de64922', 'last_seen': '2026-07-13 03:50', 'name': 'unknown@devin-box', 'opened_at': '2026-07-13 03:50', 'orb_state': 'idle', 'portal_connected': False, 'status': 'open', 'user': 'unknown', 'version': '2.1.0'}
[2026-07-13T03:50:14.669224] _poll_chat: data=False
[2026-07-13T03:50:15.107428] _wait_for_webhook poll: data={'card_state': 'waiting', 'folder': '/home/ubuntu/repos/rift-debug', 'host': 'devin-box', 'id': 'portal-9f017de64922', 'last_seen': '2026-07-13 03:50', 'name': 'unknown@devin-box', 'opened_at': '2026-07-13 03:50', 'orb_state': 'idle', 'portal_connected': False, 'status': 'open', 'user': 'unknown', 'version': '2.1.0'}
[2026-07-13T03:50:15.493927] _poll_commands: data=None, paused=False
[2026-07-13T03:50:15.862826] _poll_chat: data=False
[2026-07-13T03:50:16.301544] _wait_for_webhook poll: data={'card_state': 'waiting', 'folder': '/home/ubuntu/repos/rift-debug', 'host': 'devin-box', 'id': 'portal-9f017de64922', 'last_seen': '2026-07-13 03:50', 'name': 'unknown@devin-box', 'opened_at': '2026-07-13 03:50', 'orb_state': 'idle', 'portal_connected': False, 'status': 'open', 'user': 'unknown', 'version': '2.1.0'}
[2026-07-13T03:50:17.048982] _poll_chat: data=False
[2026-07-13T03:50:17.495448] _wait_for_webhook poll: data={'card_state': 'waiting', 'folder': '/home/ubuntu/repos/rift-debug', 'host': 'devin-box', 'id': 'portal-9f017de64922', 'last_seen': '2026-07-13 03:50', 'name': 'unknown@devin-box', 'opened_at': '2026-07-13 03:50', 'orb_state': 'idle', 'portal_connected': False, 'status': 'open', 'user': 'unknown', 'version': '2.1.0'}
[2026-07-13T03:50:17.693758] _poll_commands: data=None, paused=False
[2026-07-13T03:50:18.237180] _poll_chat: data=False
[2026-07-13T03:50:18.678473] _wait_for_webhook poll: data={'card_state': 'waiting', 'folder': '/home/ubuntu/repos/rift-debug', 'host': 'devin-box', 'id': 'portal-9f017de64922', 'last_seen': '2026-07-13 03:50', 'name': 'unknown@devin-box', 'opened_at': '2026-07-13 03:50', 'orb_state': 'idle', 'portal_connected': False, 'status': 'open', 'user': 'unknown', 'version': '2.1.0'}
[2026-07-13T03:50:19.427108] _poll_chat: data=False
[2026-07-13T03:50:19.864737] _wait_for_webhook poll: data={'card_state': 'waiting', 'folder': '/home/ubuntu/repos/rift-debug', 'host': 'devin-box', 'id': 'portal-9f017de64922', 'last_seen': '2026-07-13 03:50', 'name': 'unknown@devin-box', 'opened_at': '2026-07-13 03:50', 'orb_state': 'idle', 'portal_connected': False, 'status': 'open', 'user': 'unknown', 'version': '2.1.0'}
[2026-07-13T03:50:19.892800] _poll_commands: data=None, paused=False
[2026-07-13T03:50:20.618760] _poll_chat: data=False
[2026-07-13T03:50:21.049445] _wait_for_webhook poll: data={'card_state': 'waiting', 'folder': '/home/ubuntu/repos/rift-debug', 'host': 'devin-box', 'id': 'portal-9f017de64922', 'last_seen': '2026-07-13 03:50', 'name': 'unknown@devin-box', 'opened_at': '2026-07-13 03:50', 'orb_state': 'idle', 'portal_connected': False, 'status': 'open', 'user': 'unknown', 'version': '2.1.0'}
[2026-07-13T03:50:21.813217] _poll_chat: data=False
[2026-07-13T03:50:22.092364] _poll_commands: data=None, paused=False
[2026-07-13T03:50:22.243241] _wait_for_webhook poll: data={'card_state': 'waiting', 'folder': '/home/ubuntu/repos/rift-debug', 'host': 'devin-box', 'id': 'portal-9f017de64922', 'last_seen': '2026-07-13 03:50', 'name': 'unknown@devin-box', 'opened_at': '2026-07-13 03:50', 'orb_state': 'idle', 'portal_connected': False, 'status': 'open', 'user': 'unknown', 'version': '2.1.0'}
[2026-07-13T03:50:22.997689] _poll_chat: data=False
[2026-07-13T03:50:23.432388] _wait_for_webhook poll: data={'card_state': 'waiting', 'folder': '/home/ubuntu/repos/rift-debug', 'host': 'devin-box', 'id': 'portal-9f017de64922', 'last_seen': '2026-07-13 03:50', 'name': 'unknown@devin-box', 'opened_at': '2026-07-13 03:50', 'orb_state': 'idle', 'portal_connected': False, 'status': 'open', 'user': 'unknown', 'version': '2.1.0'}
[2026-07-13T03:50:24.186124] _poll_chat: data=False
[2026-07-13T03:50:24.281469] _poll_commands: data=None, paused=False
[2026-07-13T03:50:24.621351] _wait_for_webhook poll: data={'card_state': 'waiting', 'folder': '/home/ubuntu/repos/rift-debug', 'host': 'devin-box', 'id': 'portal-9f017de64922', 'last_seen': '2026-07-13 03:50', 'name': 'unknown@devin-box', 'opened_at': '2026-07-13 03:50', 'orb_state': 'idle', 'portal_connected': False, 'status': 'open', 'user': 'unknown', 'version': '2.1.0'}
[2026-07-13T03:50:25.370358] _poll_chat: data=False
[2026-07-13T03:50:25.810560] _wait_for_webhook poll: data={'card_state': 'waiting', 'folder': '/home/ubuntu/repos/rift-debug', 'host': 'devin-box', 'id': 'portal-9f017de64922', 'last_seen': '2026-07-13 03:50', 'name': 'unknown@devin-box', 'opened_at': '2026-07-13 03:50', 'orb_state': 'idle', 'portal_connected': False, 'status': 'open', 'user': 'unknown', 'version': '2.1.0'}
[2026-07-13T03:50:26.479028] _poll_commands: data=None, paused=False
[2026-07-13T03:50:26.554281] _poll_chat: data=False
[2026-07-13T03:50:26.995413] _wait_for_webhook poll: data={'card_state': 'waiting', 'folder': '/home/ubuntu/repos/rift-debug', 'host': 'devin-box', 'id': 'portal-9f017de64922', 'last_seen': '2026-07-13 03:50', 'name': 'unknown@devin-box', 'opened_at': '2026-07-13 03:50', 'orb_state': 'idle', 'portal_connected': False, 'status': 'open', 'user': 'unknown', 'version': '2.1.0'}
[2026-07-13T03:50:27.739831] _poll_chat: data=False
[2026-07-13T03:50:28.186199] _wait_for_webhook poll: data={'card_state': 'waiting', 'folder': '/home/ubuntu/repos/rift-debug', 'host': 'devin-box', 'id': 'portal-9f017de64922', 'last_seen': '2026-07-13 03:50', 'name': 'unknown@devin-box', 'opened_at': '2026-07-13 03:50', 'orb_state': 'idle', 'portal_connected': False, 'status': 'open', 'user': 'unknown', 'version': '2.1.0'}
[2026-07-13T03:50:28.675719] _poll_commands: data=None, paused=False
[2026-07-13T03:50:28.943464] _poll_chat: data=False
[2026-07-13T03:50:29.381401] _wait_for_webhook poll: data={'card_state': 'waiting', 'folder': '/home/ubuntu/repos/rift-debug', 'host': 'devin-box', 'id': 'portal-9f017de64922', 'last_seen': '2026-07-13 03:50', 'name': 'unknown@devin-box', 'opened_at': '2026-07-13 03:50', 'orb_state': 'idle', 'portal_connected': False, 'status': 'open', 'user': 'unknown', 'version': '2.1.0'}
[2026-07-13T03:50:30.132555] _poll_chat: data=False
[2026-07-13T03:50:30.567087] _wait_for_webhook poll: data={'card_state': 'waiting', 'folder': '/home/ubuntu/repos/rift-debug', 'host': 'devin-box', 'id': 'portal-9f017de64922', 'last_seen': '2026-07-13 03:50', 'name': 'unknown@devin-box', 'opened_at': '2026-07-13 03:50', 'orb_state': 'idle', 'portal_connected': False, 'status': 'open', 'user': 'unknown', 'version': '2.1.0'}
[2026-07-13T03:50:30.870919] _poll_commands: data=None, paused=False
[2026-07-13T03:50:31.320978] _poll_chat: data=False
[2026-07-13T03:50:31.757742] _wait_for_webhook poll: data={'card_state': 'waiting', 'folder': '/home/ubuntu/repos/rift-debug', 'host': 'devin-box', 'id': 'portal-9f017de64922', 'last_seen': '2026-07-13 03:50', 'name': 'unknown@devin-box', 'opened_at': '2026-07-13 03:50', 'orb_state': 'idle', 'portal_connected': False, 'status': 'open', 'user': 'unknown', 'version': '2.1.0'}
[2026-07-13T03:50:32.511990] _poll_chat: data=False
[2026-07-13T03:50:32.941099] _wait_for_webhook poll: data={'card_state': 'waiting', 'folder': '/home/ubuntu/repos/rift-debug', 'host': 'devin-box', 'id': 'portal-9f017de64922', 'last_seen': '2026-07-13 03:50', 'name': 'unknown@devin-box', 'opened_at': '2026-07-13 03:50', 'orb_state': 'idle', 'portal_connected': False, 'status': 'open', 'user': 'unknown', 'version': '2.1.0'}
[2026-07-13T03:50:33.070836] _poll_commands: data=None, paused=False
[2026-07-13T03:50:33.699365] _poll_chat: data=False
[2026-07-13T03:50:34.131315] _wait_for_webhook poll: data={'card_state': 'waiting', 'commands': {'db8cabece1d64823a1fc229dfd6b3887': {'command': '.vision', 'id': '2b78a20f03a54d778deb518b1ba99e48', 'timestamp': '2026-07-13T03:50:00', 'type': 'rift_command'}}, 'folder': '/home/ubuntu/repos/rift-debug', 'host': 'devin-box', 'id': 'portal-9f017de64922', 'last_seen': '2026-07-13 03:50', 'name': 'unknown@devin-box', 'opened_at': '2026-07-13 03:50', 'orb_state': 'idle', 'portal_connected': False, 'status': 'open', 'user': 'unknown', 'version': '2.1.0'}
[2026-07-13T03:50:34.890231] _poll_chat: data=False
[2026-07-13T03:50:35.262991] _poll_commands: data={'db8cabece1d64823a1fc229dfd6b3887': {'command': '.vision', 'id': '2b78a20f03a54d778deb518b1ba99e48', 'timestamp': '2026-07-13T03:50:00', 'type': 'rift_command'}}, paused=False
[2026-07-13T03:50:35.263175] _poll_commands: new cmd id=2b78a20f03a54d778deb518b1ba99e48 type=rift_command
[2026-07-13T03:50:35.263397] _on_new_command: id=2b78a20f03a54d778deb518b1ba99e48 type=rift_command
[2026-07-13T03:50:35.263574] _on_new_command: ok=True, result=Vision active
[2026-07-13T03:50:35.317144] _wait_for_webhook poll: data={'card_state': 'waiting', 'commands': {'db8cabece1d64823a1fc229dfd6b3887': {'command': '.vision', 'id': '2b78a20f03a54d778deb518b1ba99e48', 'timestamp': '2026-07-13T03:50:00', 'type': 'rift_command'}}, 'folder': '/home/ubuntu/repos/rift-debug', 'host': 'devin-box', 'id': 'portal-9f017de64922', 'last_seen': '2026-07-13 03:50', 'name': 'unknown@devin-box', 'opened_at': '2026-07-13 03:50', 'orb_state': 'idle', 'portal_connected': False, 'status': 'open', 'user': 'unknown', 'version': '2.1.0'}
[2026-07-13T03:50:36.085440] _poll_chat: data=False
[2026-07-13T03:50:36.509268] _wait_for_webhook poll: data={'card_state': 'waiting', 'commands': {'db8cabece1d64823a1fc229dfd6b3887': {'command': '.vision', 'id': '2b78a20f03a54d778deb518b1ba99e48', 'timestamp': '2026-07-13T03:50:00', 'type': 'rift_command'}}, 'folder': '/home/ubuntu/repos/rift-debug', 'host': 'devin-box', 'id': 'portal-9f017de64922', 'last_seen': '2026-07-13 03:50', 'name': 'unknown@devin-box', 'opened_at': '2026-07-13 03:50', 'orb_state': 'idle', 'portal_connected': False, 'results': {'2b78a20f03a54d778deb518b1ba99e48': {'id': '2b78a20f03a54d778deb518b1ba99e48', 'ok': True, 'result': 'Vision active', 'timestamp': '2026-07-13 03:50', 'type': 'rift_command'}}, 'status': 'open', 'user': 'unknown', 'version': '2.1.0'}
[2026-07-13T03:50:37.272784] _poll_chat: data=False
[2026-07-13T03:50:37.455717] _poll_commands: data={'db8cabece1d64823a1fc229dfd6b3887': {'command': '.vision', 'id': '2b78a20f03a54d778deb518b1ba99e48', 'timestamp': '2026-07-13T03:50:00', 'type': 'rift_command'}}, paused=False
[2026-07-13T03:50:37.703891] _wait_for_webhook poll: data={'card_state': 'waiting', 'commands': {'db8cabece1d64823a1fc229dfd6b3887': {'command': '.vision', 'id': '2b78a20f03a54d778deb518b1ba99e48', 'timestamp': '2026-07-13T03:50:00', 'type': 'rift_command'}}, 'folder': '/home/ubuntu/repos/rift-debug', 'host': 'devin-box', 'id': 'portal-9f017de64922', 'last_seen': '2026-07-13 03:50', 'name': 'unknown@devin-box', 'opened_at': '2026-07-13 03:50', 'orb_state': 'idle', 'portal_connected': False, 'results': {'2b78a20f03a54d778deb518b1ba99e48': {'id': '2b78a20f03a54d778deb518b1ba99e48', 'ok': True, 'result': 'Vision active', 'timestamp': '2026-07-13 03:50', 'type': 'rift_command'}}, 'status': 'open', 'user': 'unknown', 'version': '2.1.0'}
[2026-07-13T03:50:38.460229] _poll_chat: data=False
[2026-07-13T03:50:38.892914] _wait_for_webhook poll: data={'card_state': 'waiting', 'commands': {'db8cabece1d64823a1fc229dfd6b3887': {'command': '.vision', 'id': '2b78a20f03a54d778deb518b1ba99e48', 'timestamp': '2026-07-13T03:50:00', 'type': 'rift_command'}}, 'folder': '/home/ubuntu/repos/rift-debug', 'host': 'devin-box', 'id': 'portal-9f017de64922', 'last_seen': '2026-07-13 03:50', 'name': 'unknown@devin-box', 'opened_at': '2026-07-13 03:50', 'orb_state': 'idle', 'portal_connected': False, 'results': {'2b78a20f03a54d778deb518b1ba99e48': {'id': '2b78a20f03a54d778deb518b1ba99e48', 'ok': True, 'result': 'Vision active', 'timestamp': '2026-07-13 03:50', 'type': 'rift_command'}}, 'status': 'open', 'user': 'unknown', 'version': '2.1.0'}
[2026-07-13T03:50:39.652472] _poll_chat: data=False
[2026-07-13T03:50:39.658224] _poll_commands: data={'db8cabece1d64823a1fc229dfd6b3887': {'command': '.vision', 'id': '2b78a20f03a54d778deb518b1ba99e48', 'timestamp': '2026-07-13T03:50:00', 'type': 'rift_command'}}, paused=False
[2026-07-13T03:50:40.086321] _wait_for_webhook poll: data={'card_state': 'waiting', 'commands': {'db8cabece1d64823a1fc229dfd6b3887': {'command': '.vision', 'id': '2b78a20f03a54d778deb518b1ba99e48', 'timestamp': '2026-07-13T03:50:00', 'type': 'rift_command'}}, 'folder': '/home/ubuntu/repos/rift-debug', 'host': 'devin-box', 'id': 'portal-9f017de64922', 'last_seen': '2026-07-13 03:50', 'name': 'unknown@devin-box', 'opened_at': '2026-07-13 03:50', 'orb_state': 'idle', 'portal_connected': False, 'results': {'2b78a20f03a54d778deb518b1ba99e48': {'id': '2b78a20f03a54d778deb518b1ba99e48', 'ok': True, 'result': 'Vision active', 'timestamp': '2026-07-13 03:50', 'type': 'rift_command'}}, 'status': 'open', 'user': 'unknown', 'version': '2.1.0'}
[2026-07-13T03:50:40.842163] _poll_chat: data=False
[2026-07-13T03:50:41.274599] _wait_for_webhook poll: data={'card_state': 'waiting', 'commands': {'db8cabece1d64823a1fc229dfd6b3887': {'command': '.vision', 'id': '2b78a20f03a54d778deb518b1ba99e48', 'timestamp': '2026-07-13T03:50:00', 'type': 'rift_command'}}, 'folder': '/home/ubuntu/repos/rift-debug', 'host': 'devin-box', 'id': 'portal-9f017de64922', 'last_seen': '2026-07-13 03:50', 'name': 'unknown@devin-box', 'opened_at': '2026-07-13 03:50', 'orb_state': 'idle', 'portal_connected': False, 'results': {'2b78a20f03a54d778deb518b1ba99e48': {'id': '2b78a20f03a54d778deb518b1ba99e48', 'ok': True, 'result': 'Vision active', 'timestamp': '2026-07-13 03:50', 'type': 'rift_command'}}, 'status': 'open', 'user': 'unknown', 'version': '2.1.0'}
[2026-07-13T03:50:41.853831] _poll_commands: data={'db8cabece1d64823a1fc229dfd6b3887': {'command': '.vision', 'id': '2b78a20f03a54d778deb518b1ba99e48', 'timestamp': '2026-07-13T03:50:00', 'type': 'rift_command'}}, paused=False
[2026-07-13T03:50:42.028335] _poll_chat: data=False
[2026-07-13T03:50:42.276253] _wait_for_webhook: timed out, using default webhook
[2026-07-13T03:50:42.276330] _backend_init finished
[2026-07-13T03:50:43.217746] _poll_chat: data=False
[2026-07-13T03:50:44.048900] _poll_commands: data=None, paused=False
[2026-07-13T03:50:44.410965] _poll_chat: data=False
[2026-07-13T03:50:45.602469] _poll_chat: data=False
[2026-07-13T03:50:46.242612] _poll_commands: data=None, paused=False
[2026-07-13T03:50:46.797491] _poll_chat: data=False
[2026-07-13T03:50:47.989243] _poll_chat: data=False
[2026-07-13T03:50:48.438002] _poll_commands: data=None, paused=False
[2026-07-13T03:50:49.178834] _poll_chat: data=False
[2026-07-13T03:50:50.368931] _poll_chat: data=False
[2026-07-13T03:50:50.631546] _poll_commands: data=None, paused=False
[2026-07-13T03:50:51.557421] _poll_chat: data=False
[2026-07-13T03:50:52.746696] _poll_chat: data=False
[2026-07-13T03:50:52.833529] _poll_commands: data={'1d4b5dfd6fa546eabf7b0fceccec629b': {'command': '.scan', 'id': 'd5edcd97c5074036b664d11dcfd8fc70', 'timestamp': '2026-07-13T03:50:20', 'type': 'rift_command'}}, paused=False
[2026-07-13T03:50:52.833721] _poll_commands: new cmd id=d5edcd97c5074036b664d11dcfd8fc70 type=rift_command
[2026-07-13T03:50:52.833934] _on_new_command: id=d5edcd97c5074036b664d11dcfd8fc70 type=rift_command
[2026-07-13T03:50:52.836215] _on_new_command: ok=True, result=Files:
.portal_executed.json (393 bytes)
requirements.txt (15 bytes)
Python Portal for Atlas v2.pyw (150070 bytes)
.portal_v2_debug.log (216672 bytes)
Rift Admin Console.pyw (237895 bytes)
README.md (1100 bytes)
__pycache__/Python Portal for Atlas v2.cpython-310.pyc (93222 bytes)
__pycache__/Rift Admin Console.cpython-310.pyc (151868 bytes)
[2026-07-13T03:50:53.938095] _poll_chat: data=False
[2026-07-13T03:50:55.027790] _poll_commands: data={'1d4b5dfd6fa546eabf7b0fceccec629b': {'command': '.scan', 'id': 'd5edcd97c5074036b664d11dcfd8fc70', 'timestamp': '2026-07-13T03:50:20', 'type': 'rift_command'}}, paused=False
[2026-07-13T03:50:55.127329] _poll_chat: data=False
[2026-07-13T03:50:56.315284] _poll_chat: data=False
[2026-07-13T03:50:57.215303] _poll_commands: data={'1d4b5dfd6fa546eabf7b0fceccec629b': {'command': '.scan', 'id': 'd5edcd97c5074036b664d11dcfd8fc70', 'timestamp': '2026-07-13T03:50:20', 'type': 'rift_command'}}, paused=False
[2026-07-13T03:50:57.506907] _poll_chat: data=False
[2026-07-13T03:50:58.697093] _poll_chat: data=False
[2026-07-13T03:50:59.413372] _poll_commands: data={'1d4b5dfd6fa546eabf7b0fceccec629b': {'command': '.scan', 'id': 'd5edcd97c5074036b664d11dcfd8fc70', 'timestamp': '2026-07-13T03:50:20', 'type': 'rift_command'}}, paused=False
[2026-07-13T03:50:59.884835] _poll_chat: data=False
[2026-07-13T03:51:01.075666] _poll_chat: data=False
[2026-07-13T03:51:01.606335] _poll_commands: data={'1d4b5dfd6fa546eabf7b0fceccec629b': {'command': '.scan', 'id': 'd5edcd97c5074036b664d11dcfd8fc70', 'timestamp': '2026-07-13T03:50:20', 'type': 'rift_command'}}, paused=False
[2026-07-13T03:51:02.264522] _poll_chat: data=False
[2026-07-13T03:51:03.460082] _poll_chat: data=False
[2026-07-13T03:51:03.804877] _poll_commands: data={'1d4b5dfd6fa546eabf7b0fceccec629b': {'command': '.scan', 'id': 'd5edcd97c5074036b664d11dcfd8fc70', 'timestamp': '2026-07-13T03:50:20', 'type': 'rift_command'}}, paused=False
[2026-07-13T03:51:04.649521] _poll_chat: data=False
[2026-07-13T03:51:05.844885] _poll_chat: data=False
[2026-07-13T03:51:06.004212] _poll_commands: data={'1d4b5dfd6fa546eabf7b0fceccec629b': {'command': '.scan', 'id': 'd5edcd97c5074036b664d11dcfd8fc70', 'timestamp': '2026-07-13T03:50:20', 'type': 'rift_command'}}, paused=False
[2026-07-13T03:51:07.043945] _poll_chat: data=False
[2026-07-13T03:51:08.196686] _poll_commands: data={'1d4b5dfd6fa546eabf7b0fceccec629b': {'command': '.scan', 'id': 'd5edcd97c5074036b664d11dcfd8fc70', 'timestamp': '2026-07-13T03:50:20', 'type': 'rift_command'}}, paused=False
[2026-07-13T03:51:08.230371] _poll_chat: data=False
[2026-07-13T03:51:09.422553] _poll_chat: data=False
[2026-07-13T03:51:10.397813] _poll_commands: data={'1d4b5dfd6fa546eabf7b0fceccec629b': {'command': '.scan', 'id': 'd5edcd97c5074036b664d11dcfd8fc70', 'timestamp': '2026-07-13T03:50:20', 'type': 'rift_command'}}, paused=False
[2026-07-13T03:51:10.612998] _poll_chat: data=False
[2026-07-13T03:51:11.798867] _poll_chat: data=False
[2026-07-13T03:51:12.594790] _poll_commands: data={'1d4b5dfd6fa546eabf7b0fceccec629b': {'command': '.scan', 'id': 'd5edcd97c5074036b664d11dcfd8fc70', 'timestamp': '2026-07-13T03:50:20', 'type': 'rift_command'}}, paused=False
[2026-07-13T03:51:12.987683] _poll_chat: data=False
[2026-07-13T03:51:14.175719] _poll_chat: data=False
[2026-07-13T03:51:14.798374] _poll_commands: data={'1d4b5dfd6fa546eabf7b0fceccec629b': {'command': '.scan', 'id': 'd5edcd97c5074036b664d11dcfd8fc70', 'timestamp': '2026-07-13T03:50:20', 'type': 'rift_command'}}, paused=False
[2026-07-13T03:51:15.363421] _poll_chat: data=False
[2026-07-13T03:51:16.651807] _poll_chat: data=False
[2026-07-13T03:51:16.991515] _poll_commands: data={'1d4b5dfd6fa546eabf7b0fceccec629b': {'command': '.scan', 'id': 'd5edcd97c5074036b664d11dcfd8fc70', 'timestamp': '2026-07-13T03:50:20', 'type': 'rift_command'}}, paused=False
[2026-07-13T03:51:17.843247] _poll_chat: data=False
[2026-07-13T03:51:19.029760] _poll_chat: data=False
[2026-07-13T03:51:19.190091] _poll_commands: data={'1d4b5dfd6fa546eabf7b0fceccec629b': {'command': '.scan', 'id': 'd5edcd97c5074036b664d11dcfd8fc70', 'timestamp': '2026-07-13T03:50:20', 'type': 'rift_command'}}, paused=False
[2026-07-13T03:51:20.214709] _poll_chat: data=False
[2026-07-13T03:51:21.381950] _poll_commands: data={'1d4b5dfd6fa546eabf7b0fceccec629b': {'command': '.scan', 'id': 'd5edcd97c5074036b664d11dcfd8fc70', 'timestamp': '2026-07-13T03:50:20', 'type': 'rift_command'}}, paused=False
[2026-07-13T03:51:21.399834] _poll_chat: data=False
[2026-07-13T03:51:22.588739] _poll_chat: data=False
[2026-07-13T03:51:23.573292] _poll_commands: data={'1d4b5dfd6fa546eabf7b0fceccec629b': {'command': '.scan', 'id': 'd5edcd97c5074036b664d11dcfd8fc70', 'timestamp': '2026-07-13T03:50:20', 'type': 'rift_command'}}, paused=False
[2026-07-13T03:51:23.778745] _poll_chat: data=False
[2026-07-13T03:51:24.967581] _poll_chat: data=False
[2026-07-13T03:51:25.758558] _poll_commands: data={'1d4b5dfd6fa546eabf7b0fceccec629b': {'command': '.scan', 'id': 'd5edcd97c5074036b664d11dcfd8fc70', 'timestamp': '2026-07-13T03:50:20', 'type': 'rift_command'}}, paused=False
[2026-07-13T03:51:26.159109] _poll_chat: data=False
[2026-07-13T03:51:27.345656] _poll_chat: data=False
[2026-07-13T03:51:27.954658] _poll_commands: data={'1d4b5dfd6fa546eabf7b0fceccec629b': {'command': '.scan', 'id': 'd5edcd97c5074036b664d11dcfd8fc70', 'timestamp': '2026-07-13T03:50:20', 'type': 'rift_command'}}, paused=False
[2026-07-13T03:51:28.539618] _poll_chat: data=False
[2026-07-13T03:51:29.734863] _poll_chat: data=False
[2026-07-13T03:51:30.145104] _poll_commands: data={'1d4b5dfd6fa546eabf7b0fceccec629b': {'command': '.scan', 'id': 'd5edcd97c5074036b664d11dcfd8fc70', 'timestamp': '2026-07-13T03:50:20', 'type': 'rift_command'}}, paused=False
[2026-07-13T03:51:30.931104] _poll_chat: data=False
[2026-07-13T03:51:32.124038] _poll_chat: data=False
[2026-07-13T03:51:32.333499] _poll_commands: data={'1d4b5dfd6fa546eabf7b0fceccec629b': {'command': '.scan', 'id': 'd5edcd97c5074036b664d11dcfd8fc70', 'timestamp': '2026-07-13T03:50:20', 'type': 'rift_command'}}, paused=False
[2026-07-13T03:51:33.321686] _poll_chat: data=False
[2026-07-13T03:51:34.509050] _poll_chat: data=False
[2026-07-13T03:51:34.525879] _poll_commands: data={'1d4b5dfd6fa546eabf7b0fceccec629b': {'command': '.scan', 'id': 'd5edcd97c5074036b664d11dcfd8fc70', 'timestamp': '2026-07-13T03:50:20', 'type': 'rift_command'}}, paused=False
[2026-07-13T03:51:35.698424] _poll_chat: data=False
[2026-07-13T03:51:36.710642] _poll_commands: data={'1d4b5dfd6fa546eabf7b0fceccec629b': {'command': '.scan', 'id': 'd5edcd97c5074036b664d11dcfd8fc70', 'timestamp': '2026-07-13T03:50:20', 'type': 'rift_command'}}, paused=False
[2026-07-13T03:51:36.889169] _poll_chat: data=False
[2026-07-13T03:51:38.081323] _poll_chat: data=False
[2026-07-13T03:51:38.902856] _poll_commands: data={'1d4b5dfd6fa546eabf7b0fceccec629b': {'command': '.scan', 'id': 'd5edcd97c5074036b664d11dcfd8fc70', 'timestamp': '2026-07-13T03:50:20', 'type': 'rift_command'}}, paused=False
[2026-07-13T03:51:39.271354] _poll_chat: data=False
[2026-07-13T03:51:40.461138] _poll_chat: data=False
[2026-07-13T03:51:41.101484] _poll_commands: data={'1d4b5dfd6fa546eabf7b0fceccec629b': {'command': '.scan', 'id': 'd5edcd97c5074036b664d11dcfd8fc70', 'timestamp': '2026-07-13T03:50:20', 'type': 'rift_command'}, 'f3ca26254f6143a7bc480159171476ca': {'command': '.vision', 'id': 'e4ed75597ff54024a9be2f40a2f5ae79', 'timestamp': '2026-07-13T03:50:50', 'type': 'rift_command'}}, paused=False
[2026-07-13T03:51:41.101679] _poll_commands: new cmd id=e4ed75597ff54024a9be2f40a2f5ae79 type=rift_command
[2026-07-13T03:51:41.102117] _on_new_command: id=e4ed75597ff54024a9be2f40a2f5ae79 type=rift_command
[2026-07-13T03:51:41.102306] _on_new_command: ok=True, result=Vision deactivated
[2026-07-13T03:51:41.652201] _poll_chat: data=False
[2026-07-13T03:51:42.845064] _poll_chat: data=False
[2026-07-13T03:51:43.301645] _poll_commands: data={'1d4b5dfd6fa546eabf7b0fceccec629b': {'command': '.scan', 'id': 'd5edcd97c5074036b664d11dcfd8fc70', 'timestamp': '2026-07-13T03:50:20', 'type': 'rift_command'}, 'f3ca26254f6143a7bc480159171476ca': {'command': '.vision', 'id': 'e4ed75597ff54024a9be2f40a2f5ae79', 'timestamp': '2026-07-13T03:50:50', 'type': 'rift_command'}}, paused=False
[2026-07-13T03:51:44.032106] _poll_chat: data=False
[2026-07-13T03:51:45.227885] _poll_chat: data=False
[2026-07-13T03:51:45.492277] _poll_commands: data={'1d4b5dfd6fa546eabf7b0fceccec629b': {'command': '.scan', 'id': 'd5edcd97c5074036b664d11dcfd8fc70', 'timestamp': '2026-07-13T03:50:20', 'type': 'rift_command'}, 'f3ca26254f6143a7bc480159171476ca': {'command': '.vision', 'id': 'e4ed75597ff54024a9be2f40a2f5ae79', 'timestamp': '2026-07-13T03:50:50', 'type': 'rift_command'}}, paused=False
[2026-07-13T03:51:46.418929] _poll_chat: data=False
[2026-07-13T03:51:47.607519] _poll_chat: data=False
[2026-07-13T03:51:47.694519] _poll_commands: data={'1d4b5dfd6fa546eabf7b0fceccec629b': {'command': '.scan', 'id': 'd5edcd97c5074036b664d11dcfd8fc70', 'timestamp': '2026-07-13T03:50:20', 'type': 'rift_command'}, 'f3ca26254f6143a7bc480159171476ca': {'command': '.vision', 'id': 'e4ed75597ff54024a9be2f40a2f5ae79', 'timestamp': '2026-07-13T03:50:50', 'type': 'rift_command'}}, paused=False
[2026-07-13T03:51:48.795884] _poll_chat: data=False
[2026-07-13T03:51:49.884415] _poll_commands: data={'1d4b5dfd6fa546eabf7b0fceccec629b': {'command': '.scan', 'id': 'd5edcd97c5074036b664d11dcfd8fc70', 'timestamp': '2026-07-13T03:50:20', 'type': 'rift_command'}, 'f3ca26254f6143a7bc480159171476ca': {'command': '.vision', 'id': 'e4ed75597ff54024a9be2f40a2f5ae79', 'timestamp': '2026-07-13T03:50:50', 'type': 'rift_command'}}, paused=False
[2026-07-13T03:51:49.986340] _poll_chat: data=False
[2026-07-13T03:51:51.241762] _poll_chat: data=False
[2026-07-13T03:51:52.069472] _poll_commands: data={'1d4b5dfd6fa546eabf7b0fceccec629b': {'command': '.scan', 'id': 'd5edcd97c5074036b664d11dcfd8fc70', 'timestamp': '2026-07-13T03:50:20', 'type': 'rift_command'}, 'f3ca26254f6143a7bc480159171476ca': {'command': '.vision', 'id': 'e4ed75597ff54024a9be2f40a2f5ae79', 'timestamp': '2026-07-13T03:50:50', 'type': 'rift_command'}}, paused=False
[2026-07-13T03:51:52.431423] _poll_chat: data=False
[2026-07-13T03:51:53.620619] _poll_chat: data=False
[2026-07-13T03:51:54.266564] _poll_commands: data={'1d4b5dfd6fa546eabf7b0fceccec629b': {'command': '.scan', 'id': 'd5edcd97c5074036b664d11dcfd8fc70', 'timestamp': '2026-07-13T03:50:20', 'type': 'rift_command'}, 'f3ca26254f6143a7bc480159171476ca': {'command': '.vision', 'id': 'e4ed75597ff54024a9be2f40a2f5ae79', 'timestamp': '2026-07-13T03:50:50', 'type': 'rift_command'}}, paused=False
[2026-07-13T03:51:54.810762] _poll_chat: data=False
[2026-07-13T03:51:55.994985] _poll_chat: data=False
[2026-07-13T03:51:56.459648] _poll_commands: data={'1d4b5dfd6fa546eabf7b0fceccec629b': {'command': '.scan', 'id': 'd5edcd97c5074036b664d11dcfd8fc70', 'timestamp': '2026-07-13T03:50:20', 'type': 'rift_command'}, 'f3ca26254f6143a7bc480159171476ca': {'command': '.vision', 'id': 'e4ed75597ff54024a9be2f40a2f5ae79', 'timestamp': '2026-07-13T03:50:50', 'type': 'rift_command'}}, paused=False
[2026-07-13T03:51:57.184285] _poll_chat: data=False
[2026-07-13T03:51:58.375958] _poll_chat: data=False
[2026-07-13T03:51:58.656513] _poll_commands: data={'1d4b5dfd6fa546eabf7b0fceccec629b': {'command': '.scan', 'id': 'd5edcd97c5074036b664d11dcfd8fc70', 'timestamp': '2026-07-13T03:50:20', 'type': 'rift_command'}, 'f3ca26254f6143a7bc480159171476ca': {'command': '.vision', 'id': 'e4ed75597ff54024a9be2f40a2f5ae79', 'timestamp': '2026-07-13T03:50:50', 'type': 'rift_command'}}, paused=False
[2026-07-13T03:51:59.568267] _poll_chat: data=False
[2026-07-13T03:52:00.760796] _poll_chat: data=False
[2026-07-13T03:52:00.851675] _poll_commands: data={'1d4b5dfd6fa546eabf7b0fceccec629b': {'command': '.scan', 'id': 'd5edcd97c5074036b664d11dcfd8fc70', 'timestamp': '2026-07-13T03:50:20', 'type': 'rift_command'}, '270fa59f99ec4a42a5e88780f93a2708': {'command': '.scan', 'id': 'a80d55a0534345c6b961fd23281ec924', 'timestamp': '2026-07-13T03:51:10', 'type': 'rift_command'}, 'f3ca26254f6143a7bc480159171476ca': {'command': '.vision', 'id': 'e4ed75597ff54024a9be2f40a2f5ae79', 'timestamp': '2026-07-13T03:50:50', 'type': 'rift_command'}}, paused=False
[2026-07-13T03:52:00.852025] _poll_commands: new cmd id=a80d55a0534345c6b961fd23281ec924 type=rift_command
[2026-07-13T03:52:00.852255] _on_new_command: id=a80d55a0534345c6b961fd23281ec924 type=rift_command
[2026-07-13T03:52:00.854533] _on_new_command: ok=True, result=Files:
.portal_executed.json (465 bytes)
requirements.txt (15 bytes)
Python Portal for Atlas v2.pyw (150070 bytes)
.portal_v2_debug.log (229291 bytes)
Rift Admin Console.pyw (237895 bytes)
README.md (1100 bytes)
__pycache__/Python Portal for Atlas v2.cpython-310.pyc (93222 bytes)
__pycache__/Rift Admin Console.cpython-310.pyc (151868 bytes)
[2026-07-13T03:52:01.961303] _poll_chat: data=False
[2026-07-13T03:52:03.048470] _poll_commands: data={'1d4b5dfd6fa546eabf7b0fceccec629b': {'command': '.scan', 'id': 'd5edcd97c5074036b664d11dcfd8fc70', 'timestamp': '2026-07-13T03:50:20', 'type': 'rift_command'}, '270fa59f99ec4a42a5e88780f93a2708': {'command': '.scan', 'id': 'a80d55a0534345c6b961fd23281ec924', 'timestamp': '2026-07-13T03:51:10', 'type': 'rift_command'}, 'f3ca26254f6143a7bc480159171476ca': {'command': '.vision', 'id': 'e4ed75597ff54024a9be2f40a2f5ae79', 'timestamp': '2026-07-13T03:50:50', 'type': 'rift_command'}}, paused=False
[2026-07-13T03:52:03.149199] _poll_chat: data=False
[2026-07-13T03:52:04.335756] _poll_chat: data=False
[2026-07-13T03:52:05.255629] _poll_commands: data={'1d4b5dfd6fa546eabf7b0fceccec629b': {'command': '.scan', 'id': 'd5edcd97c5074036b664d11dcfd8fc70', 'timestamp': '2026-07-13T03:50:20', 'type': 'rift_command'}, '270fa59f99ec4a42a5e88780f93a2708': {'command': '.scan', 'id': 'a80d55a0534345c6b961fd23281ec924', 'timestamp': '2026-07-13T03:51:10', 'type': 'rift_command'}, 'f3ca26254f6143a7bc480159171476ca': {'command': '.vision', 'id': 'e4ed75597ff54024a9be2f40a2f5ae79', 'timestamp': '2026-07-13T03:50:50', 'type': 'rift_command'}}, paused=False
[2026-07-13T03:52:05.530434] _poll_chat: data=False
[2026-07-13T03:52:06.718186] _poll_chat: data=False
[2026-07-13T03:52:07.451761] _poll_commands: data={'1d4b5dfd6fa546eabf7b0fceccec629b': {'command': '.scan', 'id': 'd5edcd97c5074036b664d11dcfd8fc70', 'timestamp': '2026-07-13T03:50:20', 'type': 'rift_command'}, '270fa59f99ec4a42a5e88780f93a2708': {'command': '.scan', 'id': 'a80d55a0534345c6b961fd23281ec924', 'timestamp': '2026-07-13T03:51:10', 'type': 'rift_command'}, 'f3ca26254f6143a7bc480159171476ca': {'command': '.vision', 'id': 'e4ed75597ff54024a9be2f40a2f5ae79', 'timestamp': '2026-07-13T03:50:50', 'type': 'rift_command'}}, paused=False
[2026-07-13T03:52:07.909246] _poll_chat: data=False
[2026-07-13T03:52:09.098109] _poll_chat: data=False
[2026-07-13T03:52:09.655565] _poll_commands: data={'1d4b5dfd6fa546eabf7b0fceccec629b': {'command': '.scan', 'id': 'd5edcd97c5074036b664d11dcfd8fc70', 'timestamp': '2026-07-13T03:50:20', 'type': 'rift_command'}, '270fa59f99ec4a42a5e88780f93a2708': {'command': '.scan', 'id': 'a80d55a0534345c6b961fd23281ec924', 'timestamp': '2026-07-13T03:51:10', 'type': 'rift_command'}, 'f3ca26254f6143a7bc480159171476ca': {'command': '.vision', 'id': 'e4ed75597ff54024a9be2f40a2f5ae79', 'timestamp': '2026-07-13T03:50:50', 'type': 'rift_command'}}, paused=False
[2026-07-13T03:52:10.285445] _poll_chat: data=False
[2026-07-13T03:52:11.474410] _poll_chat: data=False
[2026-07-13T03:52:11.854105] _poll_commands: data={'1d4b5dfd6fa546eabf7b0fceccec629b': {'command': '.scan', 'id': 'd5edcd97c5074036b664d11dcfd8fc70', 'timestamp': '2026-07-13T03:50:20', 'type': 'rift_command'}, '270fa59f99ec4a42a5e88780f93a2708': {'command': '.scan', 'id': 'a80d55a0534345c6b961fd23281ec924', 'timestamp': '2026-07-13T03:51:10', 'type': 'rift_command'}, 'f3ca26254f6143a7bc480159171476ca': {'command': '.vision', 'id': 'e4ed75597ff54024a9be2f40a2f5ae79', 'timestamp': '2026-07-13T03:50:50', 'type': 'rift_command'}}, paused=False
[2026-07-13T03:52:12.664246] _poll_chat: data=False
[2026-07-13T03:52:13.856966] _poll_chat: data=False
[2026-07-13T03:52:14.052913] _poll_commands: data={'1d4b5dfd6fa546eabf7b0fceccec629b': {'command': '.scan', 'id': 'd5edcd97c5074036b664d11dcfd8fc70', 'timestamp': '2026-07-13T03:50:20', 'type': 'rift_command'}, '270fa59f99ec4a42a5e88780f93a2708': {'command': '.scan', 'id': 'a80d55a0534345c6b961fd23281ec924', 'timestamp': '2026-07-13T03:51:10', 'type': 'rift_command'}, 'f3ca26254f6143a7bc480159171476ca': {'command': '.vision', 'id': 'e4ed75597ff54024a9be2f40a2f5ae79', 'timestamp': '2026-07-13T03:50:50', 'type': 'rift_command'}}, paused=False
[2026-07-13T03:52:15.046050] _poll_chat: data=False
[2026-07-13T03:52:16.236752] _poll_chat: data=False
[2026-07-13T03:52:16.245672] _poll_commands: data={'1d4b5dfd6fa546eabf7b0fceccec629b': {'command': '.scan', 'id': 'd5edcd97c5074036b664d11dcfd8fc70', 'timestamp': '2026-07-13T03:50:20', 'type': 'rift_command'}, '270fa59f99ec4a42a5e88780f93a2708': {'command': '.scan', 'id': 'a80d55a0534345c6b961fd23281ec924', 'timestamp': '2026-07-13T03:51:10', 'type': 'rift_command'}, 'f3ca26254f6143a7bc480159171476ca': {'command': '.vision', 'id': 'e4ed75597ff54024a9be2f40a2f5ae79', 'timestamp': '2026-07-13T03:50:50', 'type': 'rift_command'}}, paused=False
[2026-07-13T03:52:17.421443] _poll_chat: data=False
[2026-07-13T03:52:18.436592] _poll_commands: data={'1d4b5dfd6fa546eabf7b0fceccec629b': {'command': '.scan', 'id': 'd5edcd97c5074036b664d11dcfd8fc70', 'timestamp': '2026-07-13T03:50:20', 'type': 'rift_command'}, '270fa59f99ec4a42a5e88780f93a2708': {'command': '.scan', 'id': 'a80d55a0534345c6b961fd23281ec924', 'timestamp': '2026-07-13T03:51:10', 'type': 'rift_command'}, 'f3ca26254f6143a7bc480159171476ca': {'command': '.vision', 'id': 'e4ed75597ff54024a9be2f40a2f5ae79', 'timestamp': '2026-07-13T03:50:50', 'type': 'rift_command'}}, paused=False
[2026-07-13T03:52:18.609275] _poll_chat: data=False
[2026-07-13T03:52:19.797317] _poll_chat: data=False
[2026-07-13T03:52:20.630875] _poll_commands: data={'1d4b5dfd6fa546eabf7b0fceccec629b': {'command': '.scan', 'id': 'd5edcd97c5074036b664d11dcfd8fc70', 'timestamp': '2026-07-13T03:50:20', 'type': 'rift_command'}, '270fa59f99ec4a42a5e88780f93a2708': {'command': '.scan', 'id': 'a80d55a0534345c6b961fd23281ec924', 'timestamp': '2026-07-13T03:51:10', 'type': 'rift_command'}, 'f3ca26254f6143a7bc480159171476ca': {'command': '.vision', 'id': 'e4ed75597ff54024a9be2f40a2f5ae79', 'timestamp': '2026-07-13T03:50:50', 'type': 'rift_command'}}, paused=False
[2026-07-13T03:52:20.983012] _poll_chat: data=False
[2026-07-13T03:52:22.172035] _poll_chat: data=False
[2026-07-13T03:52:22.825680] _poll_commands: data={'1d4b5dfd6fa546eabf7b0fceccec629b': {'command': '.scan', 'id': 'd5edcd97c5074036b664d11dcfd8fc70', 'timestamp': '2026-07-13T03:50:20', 'type': 'rift_command'}, '270fa59f99ec4a42a5e88780f93a2708': {'command': '.scan', 'id': 'a80d55a0534345c6b961fd23281ec924', 'timestamp': '2026-07-13T03:51:10', 'type': 'rift_command'}, 'f3ca26254f6143a7bc480159171476ca': {'command': '.vision', 'id': 'e4ed75597ff54024a9be2f40a2f5ae79', 'timestamp': '2026-07-13T03:50:50', 'type': 'rift_command'}}, paused=False
[2026-07-13T03:52:23.497213] _poll_chat: data=False
[2026-07-13T03:52:24.689366] _poll_chat: data=False
[2026-07-13T03:52:25.016962] _poll_commands: data={'1d4b5dfd6fa546eabf7b0fceccec629b': {'command': '.scan', 'id': 'd5edcd97c5074036b664d11dcfd8fc70', 'timestamp': '2026-07-13T03:50:20', 'type': 'rift_command'}, '270fa59f99ec4a42a5e88780f93a2708': {'command': '.scan', 'id': 'a80d55a0534345c6b961fd23281ec924', 'timestamp': '2026-07-13T03:51:10', 'type': 'rift_command'}, 'f3ca26254f6143a7bc480159171476ca': {'command': '.vision', 'id': 'e4ed75597ff54024a9be2f40a2f5ae79', 'timestamp': '2026-07-13T03:50:50', 'type': 'rift_command'}}, paused=False
[2026-07-13T03:52:25.878253] _poll_chat: data=False
[2026-07-13T03:52:27.071752] _poll_chat: data=False
[2026-07-13T03:52:27.208219] _poll_commands: data={'1d4b5dfd6fa546eabf7b0fceccec629b': {'command': '.scan', 'id': 'd5edcd97c5074036b664d11dcfd8fc70', 'timestamp': '2026-07-13T03:50:20', 'type': 'rift_command'}, '270fa59f99ec4a42a5e88780f93a2708': {'command': '.scan', 'id': 'a80d55a0534345c6b961fd23281ec924', 'timestamp': '2026-07-13T03:51:10', 'type': 'rift_command'}, 'f3ca26254f6143a7bc480159171476ca': {'command': '.vision', 'id': 'e4ed75597ff54024a9be2f40a2f5ae79', 'timestamp': '2026-07-13T03:50:50', 'type': 'rift_command'}}, paused=False
[2026-07-13T03:52:28.261989] _poll_chat: data=False
[2026-07-13T03:52:29.407108] _poll_commands: data={'1d4b5dfd6fa546eabf7b0fceccec629b': {'command': '.scan', 'id': 'd5edcd97c5074036b664d11dcfd8fc70', 'timestamp': '2026-07-13T03:50:20', 'type': 'rift_command'}, '270fa59f99ec4a42a5e88780f93a2708': {'command': '.scan', 'id': 'a80d55a0534345c6b961fd23281ec924', 'timestamp': '2026-07-13T03:51:10', 'type': 'rift_command'}, 'f3ca26254f6143a7bc480159171476ca': {'command': '.vision', 'id': 'e4ed75597ff54024a9be2f40a2f5ae79', 'timestamp': '2026-07-13T03:50:50', 'type': 'rift_command'}}, paused=False
[2026-07-13T03:52:29.452581] _poll_chat: data=False
[2026-07-13T03:52:30.647190] _poll_chat: data=False
[2026-07-13T03:52:31.611464] _poll_commands: data={'1d4b5dfd6fa546eabf7b0fceccec629b': {'command': '.scan', 'id': 'd5edcd97c5074036b664d11dcfd8fc70', 'timestamp': '2026-07-13T03:50:20', 'type': 'rift_command'}, '270fa59f99ec4a42a5e88780f93a2708': {'command': '.scan', 'id': 'a80d55a0534345c6b961fd23281ec924', 'timestamp': '2026-07-13T03:51:10', 'type': 'rift_command'}, 'f3ca26254f6143a7bc480159171476ca': {'command': '.vision', 'id': 'e4ed75597ff54024a9be2f40a2f5ae79', 'timestamp': '2026-07-13T03:50:50', 'type': 'rift_command'}}, paused=False
[2026-07-13T03:52:31.836773] _poll_chat: data=False
[2026-07-13T03:52:33.022108] _poll_chat: data=False
[2026-07-13T03:52:33.812651] _poll_commands: data={'1d4b5dfd6fa546eabf7b0fceccec629b': {'command': '.scan', 'id': 'd5edcd97c5074036b664d11dcfd8fc70', 'timestamp': '2026-07-13T03:50:20', 'type': 'rift_command'}, '270fa59f99ec4a42a5e88780f93a2708': {'command': '.scan', 'id': 'a80d55a0534345c6b961fd23281ec924', 'timestamp': '2026-07-13T03:51:10', 'type': 'rift_command'}, 'f3ca26254f6143a7bc480159171476ca': {'command': '.vision', 'id': 'e4ed75597ff54024a9be2f40a2f5ae79', 'timestamp': '2026-07-13T03:50:50', 'type': 'rift_command'}}, paused=False
[2026-07-13T03:52:34.206795] _poll_chat: data=False
[2026-07-13T03:52:35.392672] _poll_chat: data=False
[2026-07-13T03:52:36.004977] _poll_commands: data={'1d4b5dfd6fa546eabf7b0fceccec629b': {'command': '.scan', 'id': 'd5edcd97c5074036b664d11dcfd8fc70', 'timestamp': '2026-07-13T03:50:20', 'type': 'rift_command'}, '270fa59f99ec4a42a5e88780f93a2708': {'command': '.scan', 'id': 'a80d55a0534345c6b961fd23281ec924', 'timestamp': '2026-07-13T03:51:10', 'type': 'rift_command'}, 'f3ca26254f6143a7bc480159171476ca': {'command': '.vision', 'id': 'e4ed75597ff54024a9be2f40a2f5ae79', 'timestamp': '2026-07-13T03:50:50', 'type': 'rift_command'}}, paused=False
[2026-07-13T03:52:36.580409] _poll_chat: data=False
[2026-07-13T03:52:37.766809] _poll_chat: data=False
[2026-07-13T03:52:38.200684] _poll_commands: data={'1d4b5dfd6fa546eabf7b0fceccec629b': {'command': '.scan', 'id': 'd5edcd97c5074036b664d11dcfd8fc70', 'timestamp': '2026-07-13T03:50:20', 'type': 'rift_command'}, '270fa59f99ec4a42a5e88780f93a2708': {'command': '.scan', 'id': 'a80d55a0534345c6b961fd23281ec924', 'timestamp': '2026-07-13T03:51:10', 'type': 'rift_command'}, 'f3ca26254f6143a7bc480159171476ca': {'command': '.vision', 'id': 'e4ed75597ff54024a9be2f40a2f5ae79', 'timestamp': '2026-07-13T03:50:50', 'type': 'rift_command'}}, paused=False
[2026-07-13T03:52:38.956147] _poll_chat: data=False
[2026-07-13T03:52:40.148792] _poll_chat: data=False
[2026-07-13T03:52:40.394122] _poll_commands: data={'1d4b5dfd6fa546eabf7b0fceccec629b': {'command': '.scan', 'id': 'd5edcd97c5074036b664d11dcfd8fc70', 'timestamp': '2026-07-13T03:50:20', 'type': 'rift_command'}, '270fa59f99ec4a42a5e88780f93a2708': {'command': '.scan', 'id': 'a80d55a0534345c6b961fd23281ec924', 'timestamp': '2026-07-13T03:51:10', 'type': 'rift_command'}, 'f3ca26254f6143a7bc480159171476ca': {'command': '.vision', 'id': 'e4ed75597ff54024a9be2f40a2f5ae79', 'timestamp': '2026-07-13T03:50:50', 'type': 'rift_command'}}, paused=False
[2026-07-13T03:52:41.343047] _poll_chat: data=False
[2026-07-13T03:52:42.530982] _poll_chat: data=False
[2026-07-13T03:52:42.589322] _poll_commands: data={'1d4b5dfd6fa546eabf7b0fceccec629b': {'command': '.scan', 'id': 'd5edcd97c5074036b664d11dcfd8fc70', 'timestamp': '2026-07-13T03:50:20', 'type': 'rift_command'}, '270fa59f99ec4a42a5e88780f93a2708': {'command': '.scan', 'id': 'a80d55a0534345c6b961fd23281ec924', 'timestamp': '2026-07-13T03:51:10', 'type': 'rift_command'}, 'f3ca26254f6143a7bc480159171476ca': {'command': '.vision', 'id': 'e4ed75597ff54024a9be2f40a2f5ae79', 'timestamp': '2026-07-13T03:50:50', 'type': 'rift_command'}}, paused=False
[2026-07-13T03:52:43.726187] _poll_chat: data=False
[2026-07-13T03:52:44.783117] _poll_commands: data={'1d4b5dfd6fa546eabf7b0fceccec629b': {'command': '.scan', 'id': 'd5edcd97c5074036b664d11dcfd8fc70', 'timestamp': '2026-07-13T03:50:20', 'type': 'rift_command'}, '270fa59f99ec4a42a5e88780f93a2708': {'command': '.scan', 'id': 'a80d55a0534345c6b961fd23281ec924', 'timestamp': '2026-07-13T03:51:10', 'type': 'rift_command'}, 'f3ca26254f6143a7bc480159171476ca': {'command': '.vision', 'id': 'e4ed75597ff54024a9be2f40a2f5ae79', 'timestamp': '2026-07-13T03:50:50', 'type': 'rift_command'}}, paused=False
[2026-07-13T03:52:44.919889] _poll_chat: data=False
[2026-07-13T03:52:46.110769] _poll_chat: data=False
[2026-07-13T03:52:46.978348] _poll_commands: data={'1d4b5dfd6fa546eabf7b0fceccec629b': {'command': '.scan', 'id': 'd5edcd97c5074036b664d11dcfd8fc70', 'timestamp': '2026-07-13T03:50:20', 'type': 'rift_command'}, '270fa59f99ec4a42a5e88780f93a2708': {'command': '.scan', 'id': 'a80d55a0534345c6b961fd23281ec924', 'timestamp': '2026-07-13T03:51:10', 'type': 'rift_command'}, 'f3ca26254f6143a7bc480159171476ca': {'command': '.vision', 'id': 'e4ed75597ff54024a9be2f40a2f5ae79', 'timestamp': '2026-07-13T03:50:50', 'type': 'rift_command'}}, paused=False
[2026-07-13T03:52:47.302150] _poll_chat: data=False
[2026-07-13T03:52:48.497297] _poll_chat: data=False
[2026-07-13T03:52:49.172825] _poll_commands: data={'1d4b5dfd6fa546eabf7b0fceccec629b': {'command': '.scan', 'id': 'd5edcd97c5074036b664d11dcfd8fc70', 'timestamp': '2026-07-13T03:50:20', 'type': 'rift_command'}, '270fa59f99ec4a42a5e88780f93a2708': {'command': '.scan', 'id': 'a80d55a0534345c6b961fd23281ec924', 'timestamp': '2026-07-13T03:51:10', 'type': 'rift_command'}, 'f3ca26254f6143a7bc480159171476ca': {'command': '.vision', 'id': 'e4ed75597ff54024a9be2f40a2f5ae79', 'timestamp': '2026-07-13T03:50:50', 'type': 'rift_command'}}, paused=False
[2026-07-13T03:52:49.686358] _poll_chat: data=False
[2026-07-13T03:52:50.887610] _poll_chat: data=False
[2026-07-13T03:52:51.367810] _poll_commands: data={'1d4b5dfd6fa546eabf7b0fceccec629b': {'command': '.scan', 'id': 'd5edcd97c5074036b664d11dcfd8fc70', 'timestamp': '2026-07-13T03:50:20', 'type': 'rift_command'}, '270fa59f99ec4a42a5e88780f93a2708': {'command': '.scan', 'id': 'a80d55a0534345c6b961fd23281ec924', 'timestamp': '2026-07-13T03:51:10', 'type': 'rift_command'}, 'f3ca26254f6143a7bc480159171476ca': {'command': '.vision', 'id': 'e4ed75597ff54024a9be2f40a2f5ae79', 'timestamp': '2026-07-13T03:50:50', 'type': 'rift_command'}}, paused=False
[2026-07-13T03:52:52.077479] _poll_chat: data=False
[2026-07-13T03:52:53.273699] _poll_chat: data=False
[2026-07-13T03:52:53.561292] _poll_commands: data={'1d4b5dfd6fa546eabf7b0fceccec629b': {'command': '.scan', 'id': 'd5edcd97c5074036b664d11dcfd8fc70', 'timestamp': '2026-07-13T03:50:20', 'type': 'rift_command'}, '270fa59f99ec4a42a5e88780f93a2708': {'command': '.scan', 'id': 'a80d55a0534345c6b961fd23281ec924', 'timestamp': '2026-07-13T03:51:10', 'type': 'rift_command'}, 'f3ca26254f6143a7bc480159171476ca': {'command': '.vision', 'id': 'e4ed75597ff54024a9be2f40a2f5ae79', 'timestamp': '2026-07-13T03:50:50', 'type': 'rift_command'}}, paused=False
[2026-07-13T03:52:54.461279] _poll_chat: data=False
[2026-07-13T03:52:55.652159] _poll_chat: data=False
[2026-07-13T03:52:55.754280] _poll_commands: data={'1d4b5dfd6fa546eabf7b0fceccec629b': {'command': '.scan', 'id': 'd5edcd97c5074036b664d11dcfd8fc70', 'timestamp': '2026-07-13T03:50:20', 'type': 'rift_command'}, '270fa59f99ec4a42a5e88780f93a2708': {'command': '.scan', 'id': 'a80d55a0534345c6b961fd23281ec924', 'timestamp': '2026-07-13T03:51:10', 'type': 'rift_command'}, 'f3ca26254f6143a7bc480159171476ca': {'command': '.vision', 'id': 'e4ed75597ff54024a9be2f40a2f5ae79', 'timestamp': '2026-07-13T03:50:50', 'type': 'rift_command'}}, paused=False
[2026-07-13T03:52:56.845649] _poll_chat: data=False
[2026-07-13T03:52:57.944146] _poll_commands: data={'1d4b5dfd6fa546eabf7b0fceccec629b': {'command': '.scan', 'id': 'd5edcd97c5074036b664d11dcfd8fc70', 'timestamp': '2026-07-13T03:50:20', 'type': 'rift_command'}, '270fa59f99ec4a42a5e88780f93a2708': {'command': '.scan', 'id': 'a80d55a0534345c6b961fd23281ec924', 'timestamp': '2026-07-13T03:51:10', 'type': 'rift_command'}, 'f3ca26254f6143a7bc480159171476ca': {'command': '.vision', 'id': 'e4ed75597ff54024a9be2f40a2f5ae79', 'timestamp': '2026-07-13T03:50:50', 'type': 'rift_command'}}, paused=False
[2026-07-13T03:52:58.035830] _poll_chat: data=False
[2026-07-13T03:52:59.226051] _poll_chat: data=False
[2026-07-13T03:53:00.138940] _poll_commands: data={'1d4b5dfd6fa546eabf7b0fceccec629b': {'command': '.scan', 'id': 'd5edcd97c5074036b664d11dcfd8fc70', 'timestamp': '2026-07-13T03:50:20', 'type': 'rift_command'}, '270fa59f99ec4a42a5e88780f93a2708': {'command': '.scan', 'id': 'a80d55a0534345c6b961fd23281ec924', 'timestamp': '2026-07-13T03:51:10', 'type': 'rift_command'}, 'f3ca26254f6143a7bc480159171476ca': {'command': '.vision', 'id': 'e4ed75597ff54024a9be2f40a2f5ae79', 'timestamp': '2026-07-13T03:50:50', 'type': 'rift_command'}}, paused=False
[2026-07-13T03:53:00.412678] _poll_chat: data=False
[2026-07-13T03:53:01.600056] _poll_chat: data=False
[2026-07-13T03:53:02.343981] _poll_commands: data={'1d4b5dfd6fa546eabf7b0fceccec629b': {'command': '.scan', 'id': 'd5edcd97c5074036b664d11dcfd8fc70', 'timestamp': '2026-07-13T03:50:20', 'type': 'rift_command'}, '270fa59f99ec4a42a5e88780f93a2708': {'command': '.scan', 'id': 'a80d55a0534345c6b961fd23281ec924', 'timestamp': '2026-07-13T03:51:10', 'type': 'rift_command'}, 'f3ca26254f6143a7bc480159171476ca': {'command': '.vision', 'id': 'e4ed75597ff54024a9be2f40a2f5ae79', 'timestamp': '2026-07-13T03:50:50', 'type': 'rift_command'}}, paused=False
[2026-07-13T03:53:02.789836] _poll_chat: data=False
[2026-07-13T03:53:03.986737] _poll_chat: data=False
[2026-07-13T03:53:04.540179] _poll_commands: data={'1d4b5dfd6fa546eabf7b0fceccec629b': {'command': '.scan', 'id': 'd5edcd97c5074036b664d11dcfd8fc70', 'timestamp': '2026-07-13T03:50:20', 'type': 'rift_command'}, '270fa59f99ec4a42a5e88780f93a2708': {'command': '.scan', 'id': 'a80d55a0534345c6b961fd23281ec924', 'timestamp': '2026-07-13T03:51:10', 'type': 'rift_command'}, 'f3ca26254f6143a7bc480159171476ca': {'command': '.vision', 'id': 'e4ed75597ff54024a9be2f40a2f5ae79', 'timestamp': '2026-07-13T03:50:50', 'type': 'rift_command'}}, paused=False
[2026-07-13T03:53:05.178173] _poll_chat: data=False
[2026-07-13T03:53:06.131479] _post_to_discord: status=204, ok=True
[2026-07-13T03:53:06.368719] _poll_chat: data=False
[2026-07-13T03:53:06.733704] _poll_commands: data={'1d4b5dfd6fa546eabf7b0fceccec629b': {'command': '.scan', 'id': 'd5edcd97c5074036b664d11dcfd8fc70', 'timestamp': '2026-07-13T03:50:20', 'type': 'rift_command'}, '270fa59f99ec4a42a5e88780f93a2708': {'command': '.scan', 'id': 'a80d55a0534345c6b961fd23281ec924', 'timestamp': '2026-07-13T03:51:10', 'type': 'rift_command'}, 'f3ca26254f6143a7bc480159171476ca': {'command': '.vision', 'id': 'e4ed75597ff54024a9be2f40a2f5ae79', 'timestamp': '2026-07-13T03:50:50', 'type': 'rift_command'}}, paused=False
[2026-07-13T03:53:07.559268] _poll_chat: data=False
[2026-07-13T03:53:08.748604] _poll_chat: data=False
[2026-07-13T03:53:08.925470] _poll_commands: data={'1d4b5dfd6fa546eabf7b0fceccec629b': {'command': '.scan', 'id': 'd5edcd97c5074036b664d11dcfd8fc70', 'timestamp': '2026-07-13T03:50:20', 'type': 'rift_command'}, '270fa59f99ec4a42a5e88780f93a2708': {'command': '.scan', 'id': 'a80d55a0534345c6b961fd23281ec924', 'timestamp': '2026-07-13T03:51:10', 'type': 'rift_command'}, 'f3ca26254f6143a7bc480159171476ca': {'command': '.vision', 'id': 'e4ed75597ff54024a9be2f40a2f5ae79', 'timestamp': '2026-07-13T03:50:50', 'type': 'rift_command'}}, paused=False
[2026-07-13T03:53:09.935505] _poll_chat: data=False
[2026-07-13T03:53:11.115991] _poll_chat: data=False
[2026-07-13T03:53:11.124049] _poll_commands: data={'1d4b5dfd6fa546eabf7b0fceccec629b': {'command': '.scan', 'id': 'd5edcd97c5074036b664d11dcfd8fc70', 'timestamp': '2026-07-13T03:50:20', 'type': 'rift_command'}, '270fa59f99ec4a42a5e88780f93a2708': {'command': '.scan', 'id': 'a80d55a0534345c6b961fd23281ec924', 'timestamp': '2026-07-13T03:51:10', 'type': 'rift_command'}, 'f3ca26254f6143a7bc480159171476ca': {'command': '.vision', 'id': 'e4ed75597ff54024a9be2f40a2f5ae79', 'timestamp': '2026-07-13T03:50:50', 'type': 'rift_command'}}, paused=False
[2026-07-13T03:53:12.302216] _poll_chat: data=False
[2026-07-13T03:53:13.321033] _poll_commands: data={'1d4b5dfd6fa546eabf7b0fceccec629b': {'command': '.scan', 'id': 'd5edcd97c5074036b664d11dcfd8fc70', 'timestamp': '2026-07-13T03:50:20', 'type': 'rift_command'}, '270fa59f99ec4a42a5e88780f93a2708': {'command': '.scan', 'id': 'a80d55a0534345c6b961fd23281ec924', 'timestamp': '2026-07-13T03:51:10', 'type': 'rift_command'}, 'f3ca26254f6143a7bc480159171476ca': {'command': '.vision', 'id': 'e4ed75597ff54024a9be2f40a2f5ae79', 'timestamp': '2026-07-13T03:50:50', 'type': 'rift_command'}}, paused=False
[2026-07-13T03:53:13.491640] _poll_chat: data=False
[2026-07-13T03:53:14.678053] _poll_chat: data=False
[2026-07-13T03:53:15.518957] _poll_commands: data={'1d4b5dfd6fa546eabf7b0fceccec629b': {'command': '.scan', 'id': 'd5edcd97c5074036b664d11dcfd8fc70', 'timestamp': '2026-07-13T03:50:20', 'type': 'rift_command'}, '270fa59f99ec4a42a5e88780f93a2708': {'command': '.scan', 'id': 'a80d55a0534345c6b961fd23281ec924', 'timestamp': '2026-07-13T03:51:10', 'type': 'rift_command'}, 'f3ca26254f6143a7bc480159171476ca': {'command': '.vision', 'id': 'e4ed75597ff54024a9be2f40a2f5ae79', 'timestamp': '2026-07-13T03:50:50', 'type': 'rift_command'}}, paused=False
[2026-07-13T03:53:15.869987] _poll_chat: data=False
[2026-07-13T03:53:17.063337] _poll_chat: data=False
[2026-07-13T03:53:17.713945] _poll_commands: data={'1d4b5dfd6fa546eabf7b0fceccec629b': {'command': '.scan', 'id': 'd5edcd97c5074036b664d11dcfd8fc70', 'timestamp': '2026-07-13T03:50:20', 'type': 'rift_command'}, '270fa59f99ec4a42a5e88780f93a2708': {'command': '.scan', 'id': 'a80d55a0534345c6b961fd23281ec924', 'timestamp': '2026-07-13T03:51:10', 'type': 'rift_command'}, 'f3ca26254f6143a7bc480159171476ca': {'command': '.vision', 'id': 'e4ed75597ff54024a9be2f40a2f5ae79', 'timestamp': '2026-07-13T03:50:50', 'type': 'rift_command'}}, paused=False
[2026-07-13T03:53:18.250848] _poll_chat: data=False
[2026-07-13T03:53:19.437918] _poll_chat: data=False
[2026-07-13T03:53:19.913560] _poll_commands: data={'1d4b5dfd6fa546eabf7b0fceccec629b': {'command': '.scan', 'id': 'd5edcd97c5074036b664d11dcfd8fc70', 'timestamp': '2026-07-13T03:50:20', 'type': 'rift_command'}, '270fa59f99ec4a42a5e88780f93a2708': {'command': '.scan', 'id': 'a80d55a0534345c6b961fd23281ec924', 'timestamp': '2026-07-13T03:51:10', 'type': 'rift_command'}, 'f3ca26254f6143a7bc480159171476ca': {'command': '.vision', 'id': 'e4ed75597ff54024a9be2f40a2f5ae79', 'timestamp': '2026-07-13T03:50:50', 'type': 'rift_command'}}, paused=False
[2026-07-13T03:53:20.627302] _poll_chat: data=False
[2026-07-13T03:53:21.814189] _poll_chat: data=False
[2026-07-13T03:53:22.105571] _poll_commands: data={'1d4b5dfd6fa546eabf7b0fceccec629b': {'command': '.scan', 'id': 'd5edcd97c5074036b664d11dcfd8fc70', 'timestamp': '2026-07-13T03:50:20', 'type': 'rift_command'}, '270fa59f99ec4a42a5e88780f93a2708': {'command': '.scan', 'id': 'a80d55a0534345c6b961fd23281ec924', 'timestamp': '2026-07-13T03:51:10', 'type': 'rift_command'}, 'f3ca26254f6143a7bc480159171476ca': {'command': '.vision', 'id': 'e4ed75597ff54024a9be2f40a2f5ae79', 'timestamp': '2026-07-13T03:50:50', 'type': 'rift_command'}}, paused=False
[2026-07-13T03:53:23.003045] _poll_chat: data=False
[2026-07-13T03:53:24.200618] _poll_chat: data=False
[2026-07-13T03:53:24.299786] _poll_commands: data={'1d4b5dfd6fa546eabf7b0fceccec629b': {'command': '.scan', 'id': 'd5edcd97c5074036b664d11dcfd8fc70', 'timestamp': '2026-07-13T03:50:20', 'type': 'rift_command'}, '270fa59f99ec4a42a5e88780f93a2708': {'command': '.scan', 'id': 'a80d55a0534345c6b961fd23281ec924', 'timestamp': '2026-07-13T03:51:10', 'type': 'rift_command'}, 'f3ca26254f6143a7bc480159171476ca': {'command': '.vision', 'id': 'e4ed75597ff54024a9be2f40a2f5ae79', 'timestamp': '2026-07-13T03:50:50', 'type': 'rift_command'}}, paused=False
[2026-07-13T03:53:25.384627] _poll_chat: data=False
[2026-07-13T03:53:26.488579] _poll_commands: data={'1d4b5dfd6fa546eabf7b0fceccec629b': {'command': '.scan', 'id': 'd5edcd97c5074036b664d11dcfd8fc70', 'timestamp': '2026-07-13T03:50:20', 'type': 'rift_command'}, '270fa59f99ec4a42a5e88780f93a2708': {'command': '.scan', 'id': 'a80d55a0534345c6b961fd23281ec924', 'timestamp': '2026-07-13T03:51:10', 'type': 'rift_command'}, 'f3ca26254f6143a7bc480159171476ca': {'command': '.vision', 'id': 'e4ed75597ff54024a9be2f40a2f5ae79', 'timestamp': '2026-07-13T03:50:50', 'type': 'rift_command'}}, paused=False
[2026-07-13T03:53:26.571074] _poll_chat: data=False
[2026-07-13T03:53:27.765002] _poll_chat: data=False
[2026-07-13T03:53:28.679479] _poll_commands: data={'1d4b5dfd6fa546eabf7b0fceccec629b': {'command': '.scan', 'id': 'd5edcd97c5074036b664d11dcfd8fc70', 'timestamp': '2026-07-13T03:50:20', 'type': 'rift_command'}, '270fa59f99ec4a42a5e88780f93a2708': {'command': '.scan', 'id': 'a80d55a0534345c6b961fd23281ec924', 'timestamp': '2026-07-13T03:51:10', 'type': 'rift_command'}, 'f3ca26254f6143a7bc480159171476ca': {'command': '.vision', 'id': 'e4ed75597ff54024a9be2f40a2f5ae79', 'timestamp': '2026-07-13T03:50:50', 'type': 'rift_command'}}, paused=False
[2026-07-13T03:53:28.955491] _poll_chat: data=False
[2026-07-13T03:53:30.144842] _poll_chat: data=False
[2026-07-13T03:53:30.873406] _poll_commands: data={'1d4b5dfd6fa546eabf7b0fceccec629b': {'command': '.scan', 'id': 'd5edcd97c5074036b664d11dcfd8fc70', 'timestamp': '2026-07-13T03:50:20', 'type': 'rift_command'}, '270fa59f99ec4a42a5e88780f93a2708': {'command': '.scan', 'id': 'a80d55a0534345c6b961fd23281ec924', 'timestamp': '2026-07-13T03:51:10', 'type': 'rift_command'}, 'f3ca26254f6143a7bc480159171476ca': {'command': '.vision', 'id': 'e4ed75597ff54024a9be2f40a2f5ae79', 'timestamp': '2026-07-13T03:50:50', 'type': 'rift_command'}}, paused=False
[2026-07-13T03:53:31.329731] _poll_chat: data=False
[2026-07-13T03:53:32.522791] _poll_chat: data=False
[2026-07-13T03:53:33.061690] _poll_commands: data={'1d4b5dfd6fa546eabf7b0fceccec629b': {'command': '.scan', 'id': 'd5edcd97c5074036b664d11dcfd8fc70', 'timestamp': '2026-07-13T03:50:20', 'type': 'rift_command'}, '270fa59f99ec4a42a5e88780f93a2708': {'command': '.scan', 'id': 'a80d55a0534345c6b961fd23281ec924', 'timestamp': '2026-07-13T03:51:10', 'type': 'rift_command'}, 'f3ca26254f6143a7bc480159171476ca': {'command': '.vision', 'id': 'e4ed75597ff54024a9be2f40a2f5ae79', 'timestamp': '2026-07-13T03:50:50', 'type': 'rift_command'}}, paused=False
[2026-07-13T03:53:33.710241] _poll_chat: data=False
[2026-07-13T03:53:34.895111] _poll_chat: data=False
[2026-07-13T03:53:35.251370] _poll_commands: data={'1d4b5dfd6fa546eabf7b0fceccec629b': {'command': '.scan', 'id': 'd5edcd97c5074036b664d11dcfd8fc70', 'timestamp': '2026-07-13T03:50:20', 'type': 'rift_command'}, '270fa59f99ec4a42a5e88780f93a2708': {'command': '.scan', 'id': 'a80d55a0534345c6b961fd23281ec924', 'timestamp': '2026-07-13T03:51:10', 'type': 'rift_command'}, 'f3ca26254f6143a7bc480159171476ca': {'command': '.vision', 'id': 'e4ed75597ff54024a9be2f40a2f5ae79', 'timestamp': '2026-07-13T03:50:50', 'type': 'rift_command'}}, paused=False
[2026-07-13T03:53:36.084824] _poll_chat: data=False
[2026-07-13T03:53:37.274119] _poll_chat: data=False
[2026-07-13T03:53:37.440505] _poll_commands: data={'1d4b5dfd6fa546eabf7b0fceccec629b': {'command': '.scan', 'id': 'd5edcd97c5074036b664d11dcfd8fc70', 'timestamp': '2026-07-13T03:50:20', 'type': 'rift_command'}, '270fa59f99ec4a42a5e88780f93a2708': {'command': '.scan', 'id': 'a80d55a0534345c6b961fd23281ec924', 'timestamp': '2026-07-13T03:51:10', 'type': 'rift_command'}, 'f3ca26254f6143a7bc480159171476ca': {'command': '.vision', 'id': 'e4ed75597ff54024a9be2f40a2f5ae79', 'timestamp': '2026-07-13T03:50:50', 'type': 'rift_command'}}, paused=False
[2026-07-13T03:53:38.459201] _poll_chat: data=False
[2026-07-13T03:53:39.634779] _poll_commands: data={'1d4b5dfd6fa546eabf7b0fceccec629b': {'command': '.scan', 'id': 'd5edcd97c5074036b664d11dcfd8fc70', 'timestamp': '2026-07-13T03:50:20', 'type': 'rift_command'}, '270fa59f99ec4a42a5e88780f93a2708': {'command': '.scan', 'id': 'a80d55a0534345c6b961fd23281ec924', 'timestamp': '2026-07-13T03:51:10', 'type': 'rift_command'}, 'f3ca26254f6143a7bc480159171476ca': {'command': '.vision', 'id': 'e4ed75597ff54024a9be2f40a2f5ae79', 'timestamp': '2026-07-13T03:50:50', 'type': 'rift_command'}}, paused=False
[2026-07-13T03:53:39.648785] _poll_chat: data=False
[2026-07-13T03:53:40.838353] _poll_chat: data=False
[2026-07-13T03:53:41.831012] _poll_commands: data={'1d4b5dfd6fa546eabf7b0fceccec629b': {'command': '.scan', 'id': 'd5edcd97c5074036b664d11dcfd8fc70', 'timestamp': '2026-07-13T03:50:20', 'type': 'rift_command'}, '270fa59f99ec4a42a5e88780f93a2708': {'command': '.scan', 'id': 'a80d55a0534345c6b961fd23281ec924', 'timestamp': '2026-07-13T03:51:10', 'type': 'rift_command'}, 'f3ca26254f6143a7bc480159171476ca': {'command': '.vision', 'id': 'e4ed75597ff54024a9be2f40a2f5ae79', 'timestamp': '2026-07-13T03:50:50', 'type': 'rift_command'}}, paused=False
[2026-07-13T03:53:42.029632] _poll_chat: data=False
[2026-07-13T03:53:43.218098] _poll_chat: data=False
[2026-07-13T03:53:44.025154] _poll_commands: data={'1d4b5dfd6fa546eabf7b0fceccec629b': {'command': '.scan', 'id': 'd5edcd97c5074036b664d11dcfd8fc70', 'timestamp': '2026-07-13T03:50:20', 'type': 'rift_command'}, '270fa59f99ec4a42a5e88780f93a2708': {'command': '.scan', 'id': 'a80d55a0534345c6b961fd23281ec924', 'timestamp': '2026-07-13T03:51:10', 'type': 'rift_command'}, 'f3ca26254f6143a7bc480159171476ca': {'command': '.vision', 'id': 'e4ed75597ff54024a9be2f40a2f5ae79', 'timestamp': '2026-07-13T03:50:50', 'type': 'rift_command'}}, paused=False
[2026-07-13T03:53:44.403708] _poll_chat: data=False
[2026-07-13T03:53:45.594411] _poll_chat: data=False
[2026-07-13T03:53:46.221331] _poll_commands: data={'1d4b5dfd6fa546eabf7b0fceccec629b': {'command': '.scan', 'id': 'd5edcd97c5074036b664d11dcfd8fc70', 'timestamp': '2026-07-13T03:50:20', 'type': 'rift_command'}, '270fa59f99ec4a42a5e88780f93a2708': {'command': '.scan', 'id': 'a80d55a0534345c6b961fd23281ec924', 'timestamp': '2026-07-13T03:51:10', 'type': 'rift_command'}, 'f3ca26254f6143a7bc480159171476ca': {'command': '.vision', 'id': 'e4ed75597ff54024a9be2f40a2f5ae79', 'timestamp': '2026-07-13T03:50:50', 'type': 'rift_command'}}, paused=False
[2026-07-13T03:53:46.780716] _poll_chat: data=False
[2026-07-13T03:53:47.972198] _poll_chat: data=False
[2026-07-13T03:53:48.412250] _poll_commands: data={'1d4b5dfd6fa546eabf7b0fceccec629b': {'command': '.scan', 'id': 'd5edcd97c5074036b664d11dcfd8fc70', 'timestamp': '2026-07-13T03:50:20', 'type': 'rift_command'}, '270fa59f99ec4a42a5e88780f93a2708': {'command': '.scan', 'id': 'a80d55a0534345c6b961fd23281ec924', 'timestamp': '2026-07-13T03:51:10', 'type': 'rift_command'}, 'f3ca26254f6143a7bc480159171476ca': {'command': '.vision', 'id': 'e4ed75597ff54024a9be2f40a2f5ae79', 'timestamp': '2026-07-13T03:50:50', 'type': 'rift_command'}}, paused=False
[2026-07-13T03:53:49.156686] _poll_chat: data=False
[2026-07-13T03:53:50.346834] _poll_chat: data=False
[2026-07-13T03:53:50.606347] _poll_commands: data={'1d4b5dfd6fa546eabf7b0fceccec629b': {'command': '.scan', 'id': 'd5edcd97c5074036b664d11dcfd8fc70', 'timestamp': '2026-07-13T03:50:20', 'type': 'rift_command'}, '270fa59f99ec4a42a5e88780f93a2708': {'command': '.scan', 'id': 'a80d55a0534345c6b961fd23281ec924', 'timestamp': '2026-07-13T03:51:10', 'type': 'rift_command'}, 'f3ca26254f6143a7bc480159171476ca': {'command': '.vision', 'id': 'e4ed75597ff54024a9be2f40a2f5ae79', 'timestamp': '2026-07-13T03:50:50', 'type': 'rift_command'}}, paused=False
[2026-07-13T03:53:51.535069] _poll_chat: data=False
[2026-07-13T03:53:52.723153] _poll_chat: data=False
[2026-07-13T03:53:52.801601] _poll_commands: data={'1d4b5dfd6fa546eabf7b0fceccec629b': {'command': '.scan', 'id': 'd5edcd97c5074036b664d11dcfd8fc70', 'timestamp': '2026-07-13T03:50:20', 'type': 'rift_command'}, '270fa59f99ec4a42a5e88780f93a2708': {'command': '.scan', 'id': 'a80d55a0534345c6b961fd23281ec924', 'timestamp': '2026-07-13T03:51:10', 'type': 'rift_command'}, 'f3ca26254f6143a7bc480159171476ca': {'command': '.vision', 'id': 'e4ed75597ff54024a9be2f40a2f5ae79', 'timestamp': '2026-07-13T03:50:50', 'type': 'rift_command'}}, paused=False
[2026-07-13T03:53:53.912621] _poll_chat: data=False
[2026-07-13T03:53:54.994801] _poll_commands: data={'1d4b5dfd6fa546eabf7b0fceccec629b': {'command': '.scan', 'id': 'd5edcd97c5074036b664d11dcfd8fc70', 'timestamp': '2026-07-13T03:50:20', 'type': 'rift_command'}, '270fa59f99ec4a42a5e88780f93a2708': {'command': '.scan', 'id': 'a80d55a0534345c6b961fd23281ec924', 'timestamp': '2026-07-13T03:51:10', 'type': 'rift_command'}, 'f3ca26254f6143a7bc480159171476ca': {'command': '.vision', 'id': 'e4ed75597ff54024a9be2f40a2f5ae79', 'timestamp': '2026-07-13T03:50:50', 'type': 'rift_command'}}, paused=False
[2026-07-13T03:53:55.100913] _poll_chat: data=False
[2026-07-13T03:53:56.287454] _poll_chat: data=False
[2026-07-13T03:53:57.194219] _poll_commands: data={'1d4b5dfd6fa546eabf7b0fceccec629b': {'command': '.scan', 'id': 'd5edcd97c5074036b664d11dcfd8fc70', 'timestamp': '2026-07-13T03:50:20', 'type': 'rift_command'}, '270fa59f99ec4a42a5e88780f93a2708': {'command': '.scan', 'id': 'a80d55a0534345c6b961fd23281ec924', 'timestamp': '2026-07-13T03:51:10', 'type': 'rift_command'}, 'f3ca26254f6143a7bc480159171476ca': {'command': '.vision', 'id': 'e4ed75597ff54024a9be2f40a2f5ae79', 'timestamp': '2026-07-13T03:50:50', 'type': 'rift_command'}}, paused=False
[2026-07-13T03:53:57.476542] _poll_chat: data=False
[2026-07-13T03:53:58.665272] _poll_chat: data=False
[2026-07-13T03:53:59.388313] _poll_commands: data={'1d4b5dfd6fa546eabf7b0fceccec629b': {'command': '.scan', 'id': 'd5edcd97c5074036b664d11dcfd8fc70', 'timestamp': '2026-07-13T03:50:20', 'type': 'rift_command'}, '270fa59f99ec4a42a5e88780f93a2708': {'command': '.scan', 'id': 'a80d55a0534345c6b961fd23281ec924', 'timestamp': '2026-07-13T03:51:10', 'type': 'rift_command'}, 'f3ca26254f6143a7bc480159171476ca': {'command': '.vision', 'id': 'e4ed75597ff54024a9be2f40a2f5ae79', 'timestamp': '2026-07-13T03:50:50', 'type': 'rift_command'}}, paused=False
[2026-07-13T03:53:59.848054] _poll_chat: data=False
[2026-07-13T03:54:01.039716] _poll_chat: data=False
[2026-07-13T03:54:01.582277] _poll_commands: data={'1d4b5dfd6fa546eabf7b0fceccec629b': {'command': '.scan', 'id': 'd5edcd97c5074036b664d11dcfd8fc70', 'timestamp': '2026-07-13T03:50:20', 'type': 'rift_command'}, '270fa59f99ec4a42a5e88780f93a2708': {'command': '.scan', 'id': 'a80d55a0534345c6b961fd23281ec924', 'timestamp': '2026-07-13T03:51:10', 'type': 'rift_command'}, 'f3ca26254f6143a7bc480159171476ca': {'command': '.vision', 'id': 'e4ed75597ff54024a9be2f40a2f5ae79', 'timestamp': '2026-07-13T03:50:50', 'type': 'rift_command'}}, paused=False
[2026-07-13T03:54:02.233867] _poll_chat: data=False
[2026-07-13T03:54:03.415468] _poll_chat: data=False
[2026-07-13T03:54:03.776817] _poll_commands: data={'1d4b5dfd6fa546eabf7b0fceccec629b': {'command': '.scan', 'id': 'd5edcd97c5074036b664d11dcfd8fc70', 'timestamp': '2026-07-13T03:50:20', 'type': 'rift_command'}, '270fa59f99ec4a42a5e88780f93a2708': {'command': '.scan', 'id': 'a80d55a0534345c6b961fd23281ec924', 'timestamp': '2026-07-13T03:51:10', 'type': 'rift_command'}, 'f3ca26254f6143a7bc480159171476ca': {'command': '.vision', 'id': 'e4ed75597ff54024a9be2f40a2f5ae79', 'timestamp': '2026-07-13T03:50:50', 'type': 'rift_command'}}, paused=False
[2026-07-13T03:54:04.603095] _poll_chat: data=False
[2026-07-13T03:54:05.800327] _poll_chat: data=False
[2026-07-13T03:54:05.968231] _poll_commands: data={'1d4b5dfd6fa546eabf7b0fceccec629b': {'command': '.scan', 'id': 'd5edcd97c5074036b664d11dcfd8fc70', 'timestamp': '2026-07-13T03:50:20', 'type': 'rift_command'}, '270fa59f99ec4a42a5e88780f93a2708': {'command': '.scan', 'id': 'a80d55a0534345c6b961fd23281ec924', 'timestamp': '2026-07-13T03:51:10', 'type': 'rift_command'}, 'f3ca26254f6143a7bc480159171476ca': {'command': '.vision', 'id': 'e4ed75597ff54024a9be2f40a2f5ae79', 'timestamp': '2026-07-13T03:50:50', 'type': 'rift_command'}}, paused=False
[2026-07-13T03:54:06.987632] _poll_chat: data=False
[2026-07-13T03:54:08.156036] _poll_commands: data={'1d4b5dfd6fa546eabf7b0fceccec629b': {'command': '.scan', 'id': 'd5edcd97c5074036b664d11dcfd8fc70', 'timestamp': '2026-07-13T03:50:20', 'type': 'rift_command'}, '270fa59f99ec4a42a5e88780f93a2708': {'command': '.scan', 'id': 'a80d55a0534345c6b961fd23281ec924', 'timestamp': '2026-07-13T03:51:10', 'type': 'rift_command'}, 'f3ca26254f6143a7bc480159171476ca': {'command': '.vision', 'id': 'e4ed75597ff54024a9be2f40a2f5ae79', 'timestamp': '2026-07-13T03:50:50', 'type': 'rift_command'}}, paused=False
[2026-07-13T03:54:08.177427] _poll_chat: data=False
[2026-07-13T03:54:09.368425] _poll_chat: data=False
[2026-07-13T03:54:10.348311] _poll_commands: data={'1d4b5dfd6fa546eabf7b0fceccec629b': {'command': '.scan', 'id': 'd5edcd97c5074036b664d11dcfd8fc70', 'timestamp': '2026-07-13T03:50:20', 'type': 'rift_command'}, '270fa59f99ec4a42a5e88780f93a2708': {'command': '.scan', 'id': 'a80d55a0534345c6b961fd23281ec924', 'timestamp': '2026-07-13T03:51:10', 'type': 'rift_command'}, 'f3ca26254f6143a7bc480159171476ca': {'command': '.vision', 'id': 'e4ed75597ff54024a9be2f40a2f5ae79', 'timestamp': '2026-07-13T03:50:50', 'type': 'rift_command'}}, paused=False
[2026-07-13T03:54:10.558622] _poll_chat: data=False
[2026-07-13T03:54:11.749381] _poll_chat: data=False
[2026-07-13T03:54:12.544078] _poll_commands: data={'1d4b5dfd6fa546eabf7b0fceccec629b': {'command': '.scan', 'id': 'd5edcd97c5074036b664d11dcfd8fc70', 'timestamp': '2026-07-13T03:50:20', 'type': 'rift_command'}, '270fa59f99ec4a42a5e88780f93a2708': {'command': '.scan', 'id': 'a80d55a0534345c6b961fd23281ec924', 'timestamp': '2026-07-13T03:51:10', 'type': 'rift_command'}, 'f3ca26254f6143a7bc480159171476ca': {'command': '.vision', 'id': 'e4ed75597ff54024a9be2f40a2f5ae79', 'timestamp': '2026-07-13T03:50:50', 'type': 'rift_command'}}, paused=False
[2026-07-13T03:54:12.939771] _poll_chat: data=False
[2026-07-13T03:54:14.130225] _poll_chat: data=False
[2026-07-13T03:54:14.741986] _poll_commands: data={'1d4b5dfd6fa546eabf7b0fceccec629b': {'command': '.scan', 'id': 'd5edcd97c5074036b664d11dcfd8fc70', 'timestamp': '2026-07-13T03:50:20', 'type': 'rift_command'}, '270fa59f99ec4a42a5e88780f93a2708': {'command': '.scan', 'id': 'a80d55a0534345c6b961fd23281ec924', 'timestamp': '2026-07-13T03:51:10', 'type': 'rift_command'}, 'f3ca26254f6143a7bc480159171476ca': {'command': '.vision', 'id': 'e4ed75597ff54024a9be2f40a2f5ae79', 'timestamp': '2026-07-13T03:50:50', 'type': 'rift_command'}}, paused=False
[2026-07-13T03:54:15.316766] _poll_chat: data=False
[2026-07-13T03:54:16.504252] _poll_chat: data=False
[2026-07-13T03:54:16.931971] _poll_commands: data={'1d4b5dfd6fa546eabf7b0fceccec629b': {'command': '.scan', 'id': 'd5edcd97c5074036b664d11dcfd8fc70', 'timestamp': '2026-07-13T03:50:20', 'type': 'rift_command'}, '270fa59f99ec4a42a5e88780f93a2708': {'command': '.scan', 'id': 'a80d55a0534345c6b961fd23281ec924', 'timestamp': '2026-07-13T03:51:10', 'type': 'rift_command'}, 'f3ca26254f6143a7bc480159171476ca': {'command': '.vision', 'id': 'e4ed75597ff54024a9be2f40a2f5ae79', 'timestamp': '2026-07-13T03:50:50', 'type': 'rift_command'}}, paused=False
[2026-07-13T03:54:17.693270] _poll_chat: data=False
[2026-07-13T03:54:18.884636] _poll_chat: data=False
[2026-07-13T03:54:19.127928] _poll_commands: data={'1d4b5dfd6fa546eabf7b0fceccec629b': {'command': '.scan', 'id': 'd5edcd97c5074036b664d11dcfd8fc70', 'timestamp': '2026-07-13T03:50:20', 'type': 'rift_command'}, '270fa59f99ec4a42a5e88780f93a2708': {'command': '.scan', 'id': 'a80d55a0534345c6b961fd23281ec924', 'timestamp': '2026-07-13T03:51:10', 'type': 'rift_command'}, 'f3ca26254f6143a7bc480159171476ca': {'command': '.vision', 'id': 'e4ed75597ff54024a9be2f40a2f5ae79', 'timestamp': '2026-07-13T03:50:50', 'type': 'rift_command'}}, paused=False
[2026-07-13T03:54:20.075161] _poll_chat: data=False
[2026-07-13T03:54:21.263893] _poll_chat: data=False
[2026-07-13T03:54:21.318829] _poll_commands: data={'1d4b5dfd6fa546eabf7b0fceccec629b': {'command': '.scan', 'id': 'd5edcd97c5074036b664d11dcfd8fc70', 'timestamp': '2026-07-13T03:50:20', 'type': 'rift_command'}, '270fa59f99ec4a42a5e88780f93a2708': {'command': '.scan', 'id': 'a80d55a0534345c6b961fd23281ec924', 'timestamp': '2026-07-13T03:51:10', 'type': 'rift_command'}, 'f3ca26254f6143a7bc480159171476ca': {'command': '.vision', 'id': 'e4ed75597ff54024a9be2f40a2f5ae79', 'timestamp': '2026-07-13T03:50:50', 'type': 'rift_command'}}, paused=False
[2026-07-13T03:54:22.451983] _poll_chat: data=False
[2026-07-13T03:54:23.509682] _poll_commands: data={'1d4b5dfd6fa546eabf7b0fceccec629b': {'command': '.scan', 'id': 'd5edcd97c5074036b664d11dcfd8fc70', 'timestamp': '2026-07-13T03:50:20', 'type': 'rift_command'}, '270fa59f99ec4a42a5e88780f93a2708': {'command': '.scan', 'id': 'a80d55a0534345c6b961fd23281ec924', 'timestamp': '2026-07-13T03:51:10', 'type': 'rift_command'}, 'f3ca26254f6143a7bc480159171476ca': {'command': '.vision', 'id': 'e4ed75597ff54024a9be2f40a2f5ae79', 'timestamp': '2026-07-13T03:50:50', 'type': 'rift_command'}}, paused=False
[2026-07-13T03:54:23.641307] _poll_chat: data=False
[2026-07-13T03:54:24.834954] _poll_chat: data=False
[2026-07-13T03:54:25.704446] _poll_commands: data={'1d4b5dfd6fa546eabf7b0fceccec629b': {'command': '.scan', 'id': 'd5edcd97c5074036b664d11dcfd8fc70', 'timestamp': '2026-07-13T03:50:20', 'type': 'rift_command'}, '270fa59f99ec4a42a5e88780f93a2708': {'command': '.scan', 'id': 'a80d55a0534345c6b961fd23281ec924', 'timestamp': '2026-07-13T03:51:10', 'type': 'rift_command'}, 'f3ca26254f6143a7bc480159171476ca': {'command': '.vision', 'id': 'e4ed75597ff54024a9be2f40a2f5ae79', 'timestamp': '2026-07-13T03:50:50', 'type': 'rift_command'}}, paused=False
[2026-07-13T03:54:26.034904] _poll_chat: data=False
[2026-07-13T03:54:27.247317] _poll_chat: data=False
[2026-07-13T03:54:27.901879] _poll_commands: data={'1d4b5dfd6fa546eabf7b0fceccec629b': {'command': '.scan', 'id': 'd5edcd97c5074036b664d11dcfd8fc70', 'timestamp': '2026-07-13T03:50:20', 'type': 'rift_command'}, '270fa59f99ec4a42a5e88780f93a2708': {'command': '.scan', 'id': 'a80d55a0534345c6b961fd23281ec924', 'timestamp': '2026-07-13T03:51:10', 'type': 'rift_command'}, 'f3ca26254f6143a7bc480159171476ca': {'command': '.vision', 'id': 'e4ed75597ff54024a9be2f40a2f5ae79', 'timestamp': '2026-07-13T03:50:50', 'type': 'rift_command'}}, paused=False
[2026-07-13T03:54:28.440716] _poll_chat: data=False
[2026-07-13T03:54:29.625954] _poll_chat: data=False
[2026-07-13T03:54:30.098182] _poll_commands: data={'1d4b5dfd6fa546eabf7b0fceccec629b': {'command': '.scan', 'id': 'd5edcd97c5074036b664d11dcfd8fc70', 'timestamp': '2026-07-13T03:50:20', 'type': 'rift_command'}, '270fa59f99ec4a42a5e88780f93a2708': {'command': '.scan', 'id': 'a80d55a0534345c6b961fd23281ec924', 'timestamp': '2026-07-13T03:51:10', 'type': 'rift_command'}, 'f3ca26254f6143a7bc480159171476ca': {'command': '.vision', 'id': 'e4ed75597ff54024a9be2f40a2f5ae79', 'timestamp': '2026-07-13T03:50:50', 'type': 'rift_command'}}, paused=False
[2026-07-13T03:54:30.817459] _poll_chat: data=False
[2026-07-13T03:54:32.003111] _poll_chat: data=False
[2026-07-13T03:54:32.293274] _poll_commands: data={'1d4b5dfd6fa546eabf7b0fceccec629b': {'command': '.scan', 'id': 'd5edcd97c5074036b664d11dcfd8fc70', 'timestamp': '2026-07-13T03:50:20', 'type': 'rift_command'}, '270fa59f99ec4a42a5e88780f93a2708': {'command': '.scan', 'id': 'a80d55a0534345c6b961fd23281ec924', 'timestamp': '2026-07-13T03:51:10', 'type': 'rift_command'}, 'f3ca26254f6143a7bc480159171476ca': {'command': '.vision', 'id': 'e4ed75597ff54024a9be2f40a2f5ae79', 'timestamp': '2026-07-13T03:50:50', 'type': 'rift_command'}}, paused=False
[2026-07-13T03:54:33.190160] _poll_chat: data=False
[2026-07-13T03:54:34.377305] _poll_chat: data=False
[2026-07-13T03:54:34.488085] _poll_commands: data={'1d4b5dfd6fa546eabf7b0fceccec629b': {'command': '.scan', 'id': 'd5edcd97c5074036b664d11dcfd8fc70', 'timestamp': '2026-07-13T03:50:20', 'type': 'rift_command'}, '270fa59f99ec4a42a5e88780f93a2708': {'command': '.scan', 'id': 'a80d55a0534345c6b961fd23281ec924', 'timestamp': '2026-07-13T03:51:10', 'type': 'rift_command'}, 'f3ca26254f6143a7bc480159171476ca': {'command': '.vision', 'id': 'e4ed75597ff54024a9be2f40a2f5ae79', 'timestamp': '2026-07-13T03:50:50', 'type': 'rift_command'}}, paused=False
[2026-07-13T03:54:35.567879] _poll_chat: data=False
[2026-07-13T03:54:35.783334] _backend_init started
[2026-07-13T03:54:35.972641] _register_session: sessions/portal-218fa509c3aa ok=True
[2026-07-13T03:54:35.973918] _poll_chat: data=False
[2026-07-13T03:54:35.976223] _poll_commands: data=None, paused=False
[2026-07-13T03:54:36.172247] _post_to_discord: status=204, ok=True
[2026-07-13T03:54:36.357331] _wait_for_webhook poll: data={'card_state': 'waiting', 'folder': '/home/ubuntu/repos/rift-debug', 'host': 'devin-box', 'id': 'portal-218fa509c3aa', 'last_seen': '2026-07-13 03:54', 'name': 'unknown@devin-box', 'opened_at': '2026-07-13 03:54', 'orb_state': 'idle', 'portal_connected': False, 'status': 'open', 'user': 'unknown', 'version': '2.1.0'}
[2026-07-13T03:54:36.679376] _poll_commands: data={'1d4b5dfd6fa546eabf7b0fceccec629b': {'command': '.scan', 'id': 'd5edcd97c5074036b664d11dcfd8fc70', 'timestamp': '2026-07-13T03:50:20', 'type': 'rift_command'}, '270fa59f99ec4a42a5e88780f93a2708': {'command': '.scan', 'id': 'a80d55a0534345c6b961fd23281ec924', 'timestamp': '2026-07-13T03:51:10', 'type': 'rift_command'}, 'f3ca26254f6143a7bc480159171476ca': {'command': '.vision', 'id': 'e4ed75597ff54024a9be2f40a2f5ae79', 'timestamp': '2026-07-13T03:50:50', 'type': 'rift_command'}}, paused=False
[2026-07-13T03:54:36.756070] _poll_chat: data=False
[2026-07-13T03:54:37.168497] _poll_chat: data=False
[2026-07-13T03:54:37.546574] _wait_for_webhook poll: data={'card_state': 'waiting', 'folder': '/home/ubuntu/repos/rift-debug', 'host': 'devin-box', 'id': 'portal-218fa509c3aa', 'last_seen': '2026-07-13 03:54', 'name': 'unknown@devin-box', 'opened_at': '2026-07-13 03:54', 'orb_state': 'idle', 'portal_connected': False, 'status': 'open', 'user': 'unknown', 'version': '2.1.0'}
[2026-07-13T03:54:37.946386] _poll_chat: data=False
[2026-07-13T03:54:38.170295] _poll_commands: data=None, paused=False
[2026-07-13T03:54:38.354742] _poll_chat: data=False
[2026-07-13T03:54:38.737665] _wait_for_webhook poll: data={'card_state': 'waiting', 'folder': '/home/ubuntu/repos/rift-debug', 'host': 'devin-box', 'id': 'portal-218fa509c3aa', 'last_seen': '2026-07-13 03:54', 'name': 'unknown@devin-box', 'opened_at': '2026-07-13 03:54', 'orb_state': 'idle', 'portal_connected': False, 'status': 'open', 'user': 'unknown', 'version': '2.1.0'}
[2026-07-13T03:54:38.862749] _poll_commands: data={'1d4b5dfd6fa546eabf7b0fceccec629b': {'command': '.scan', 'id': 'd5edcd97c5074036b664d11dcfd8fc70', 'timestamp': '2026-07-13T03:50:20', 'type': 'rift_command'}, '270fa59f99ec4a42a5e88780f93a2708': {'command': '.scan', 'id': 'a80d55a0534345c6b961fd23281ec924', 'timestamp': '2026-07-13T03:51:10', 'type': 'rift_command'}, 'f3ca26254f6143a7bc480159171476ca': {'command': '.vision', 'id': 'e4ed75597ff54024a9be2f40a2f5ae79', 'timestamp': '2026-07-13T03:50:50', 'type': 'rift_command'}}, paused=False
[2026-07-13T03:54:39.130791] _poll_chat: data=False
[2026-07-13T03:54:39.548779] _poll_chat: data=False
[2026-07-13T03:54:39.924987] _wait_for_webhook poll: data={'card_state': 'waiting', 'folder': '/home/ubuntu/repos/rift-debug', 'host': 'devin-box', 'id': 'portal-218fa509c3aa', 'last_seen': '2026-07-13 03:54', 'name': 'unknown@devin-box', 'opened_at': '2026-07-13 03:54', 'orb_state': 'idle', 'portal_connected': False, 'status': 'open', 'user': 'unknown', 'version': '2.1.0'}
[2026-07-13T03:54:40.318237] _poll_chat: data=False
[2026-07-13T03:54:40.363705] _poll_commands: data=None, paused=False
[2026-07-13T03:54:40.743023] _poll_chat: data=False
[2026-07-13T03:54:41.061812] _poll_commands: data={'1d4b5dfd6fa546eabf7b0fceccec629b': {'command': '.scan', 'id': 'd5edcd97c5074036b664d11dcfd8fc70', 'timestamp': '2026-07-13T03:50:20', 'type': 'rift_command'}, '270fa59f99ec4a42a5e88780f93a2708': {'command': '.scan', 'id': 'a80d55a0534345c6b961fd23281ec924', 'timestamp': '2026-07-13T03:51:10', 'type': 'rift_command'}, 'f3ca26254f6143a7bc480159171476ca': {'command': '.vision', 'id': 'e4ed75597ff54024a9be2f40a2f5ae79', 'timestamp': '2026-07-13T03:50:50', 'type': 'rift_command'}}, paused=False
[2026-07-13T03:54:41.122269] _wait_for_webhook poll: data={'card_state': 'waiting', 'folder': '/home/ubuntu/repos/rift-debug', 'host': 'devin-box', 'id': 'portal-218fa509c3aa', 'last_seen': '2026-07-13 03:54', 'name': 'unknown@devin-box', 'opened_at': '2026-07-13 03:54', 'orb_state': 'idle', 'portal_connected': False, 'status': 'open', 'user': 'unknown', 'version': '2.1.0'}
[2026-07-13T03:54:41.512161] _poll_chat: data=False
[2026-07-13T03:54:41.937462] _poll_chat: data=False
[2026-07-13T03:54:42.325423] _wait_for_webhook poll: data={'card_state': 'waiting', 'folder': '/home/ubuntu/repos/rift-debug', 'host': 'devin-box', 'id': 'portal-218fa509c3aa', 'last_seen': '2026-07-13 03:54', 'name': 'unknown@devin-box', 'opened_at': '2026-07-13 03:54', 'orb_state': 'idle', 'portal_connected': False, 'status': 'open', 'user': 'unknown', 'version': '2.1.0'}
[2026-07-13T03:54:42.555373] _poll_commands: data=None, paused=False
[2026-07-13T03:54:42.700167] _poll_chat: data=False
[2026-07-13T03:54:43.125050] _poll_chat: data=False
[2026-07-13T03:54:43.250068] _poll_commands: data={'1d4b5dfd6fa546eabf7b0fceccec629b': {'command': '.scan', 'id': 'd5edcd97c5074036b664d11dcfd8fc70', 'timestamp': '2026-07-13T03:50:20', 'type': 'rift_command'}, '270fa59f99ec4a42a5e88780f93a2708': {'command': '.scan', 'id': 'a80d55a0534345c6b961fd23281ec924', 'timestamp': '2026-07-13T03:51:10', 'type': 'rift_command'}, 'f3ca26254f6143a7bc480159171476ca': {'command': '.vision', 'id': 'e4ed75597ff54024a9be2f40a2f5ae79', 'timestamp': '2026-07-13T03:50:50', 'type': 'rift_command'}}, paused=False
[2026-07-13T03:54:43.519536] _wait_for_webhook poll: data={'card_state': 'waiting', 'folder': '/home/ubuntu/repos/rift-debug', 'host': 'devin-box', 'id': 'portal-218fa509c3aa', 'last_seen': '2026-07-13 03:54', 'name': 'unknown@devin-box', 'opened_at': '2026-07-13 03:54', 'orb_state': 'idle', 'portal_connected': False, 'status': 'open', 'user': 'unknown', 'version': '2.1.0'}
[2026-07-13T03:54:43.887854] _poll_chat: data=False
[2026-07-13T03:54:44.321245] _poll_chat: data=False
[2026-07-13T03:54:44.709213] _wait_for_webhook poll: data={'card_state': 'waiting', 'folder': '/home/ubuntu/repos/rift-debug', 'host': 'devin-box', 'id': 'portal-218fa509c3aa', 'last_seen': '2026-07-13 03:54', 'name': 'unknown@devin-box', 'opened_at': '2026-07-13 03:54', 'orb_state': 'idle', 'portal_connected': False, 'status': 'open', 'user': 'unknown', 'version': '2.1.0'}
[2026-07-13T03:54:44.753414] _poll_commands: data=None, paused=False
[2026-07-13T03:54:45.071824] _poll_chat: data=False
[2026-07-13T03:54:45.447236] _poll_commands: data={'1d4b5dfd6fa546eabf7b0fceccec629b': {'command': '.scan', 'id': 'd5edcd97c5074036b664d11dcfd8fc70', 'timestamp': '2026-07-13T03:50:20', 'type': 'rift_command'}, '270fa59f99ec4a42a5e88780f93a2708': {'command': '.scan', 'id': 'a80d55a0534345c6b961fd23281ec924', 'timestamp': '2026-07-13T03:51:10', 'type': 'rift_command'}, 'f3ca26254f6143a7bc480159171476ca': {'command': '.vision', 'id': 'e4ed75597ff54024a9be2f40a2f5ae79', 'timestamp': '2026-07-13T03:50:50', 'type': 'rift_command'}}, paused=False
[2026-07-13T03:54:45.502625] _poll_chat: data=False
[2026-07-13T03:54:45.895156] _wait_for_webhook poll: data={'card_state': 'waiting', 'folder': '/home/ubuntu/repos/rift-debug', 'host': 'devin-box', 'id': 'portal-218fa509c3aa', 'last_seen': '2026-07-13 03:54', 'name': 'unknown@devin-box', 'opened_at': '2026-07-13 03:54', 'orb_state': 'idle', 'portal_connected': False, 'status': 'open', 'user': 'unknown', 'version': '2.1.0'}
[2026-07-13T03:54:46.257930] _poll_chat: data=False
[2026-07-13T03:54:46.691029] _poll_chat: data=False
[2026-07-13T03:54:46.950091] _poll_commands: data=None, paused=False
[2026-07-13T03:54:47.084865] _wait_for_webhook poll: data={'card_state': 'waiting', 'folder': '/home/ubuntu/repos/rift-debug', 'host': 'devin-box', 'id': 'portal-218fa509c3aa', 'last_seen': '2026-07-13 03:54', 'name': 'unknown@devin-box', 'opened_at': '2026-07-13 03:54', 'orb_state': 'idle', 'portal_connected': False, 'status': 'open', 'user': 'unknown', 'version': '2.1.0'}
[2026-07-13T03:54:47.444392] _poll_chat: data=False
[2026-07-13T03:54:47.639350] _poll_commands: data={'1d4b5dfd6fa546eabf7b0fceccec629b': {'command': '.scan', 'id': 'd5edcd97c5074036b664d11dcfd8fc70', 'timestamp': '2026-07-13T03:50:20', 'type': 'rift_command'}, '270fa59f99ec4a42a5e88780f93a2708': {'command': '.scan', 'id': 'a80d55a0534345c6b961fd23281ec924', 'timestamp': '2026-07-13T03:51:10', 'type': 'rift_command'}, 'f3ca26254f6143a7bc480159171476ca': {'command': '.vision', 'id': 'e4ed75597ff54024a9be2f40a2f5ae79', 'timestamp': '2026-07-13T03:50:50', 'type': 'rift_command'}}, paused=False
[2026-07-13T03:54:47.876355] _poll_chat: data=False
[2026-07-13T03:54:48.275953] _wait_for_webhook poll: data={'card_state': 'waiting', 'folder': '/home/ubuntu/repos/rift-debug', 'host': 'devin-box', 'id': 'portal-218fa509c3aa', 'last_seen': '2026-07-13 03:54', 'name': 'unknown@devin-box', 'opened_at': '2026-07-13 03:54', 'orb_state': 'idle', 'portal_connected': False, 'status': 'open', 'user': 'unknown', 'version': '2.1.0'}
[2026-07-13T03:54:48.637451] _poll_chat: data=False
[2026-07-13T03:54:49.063957] _poll_chat: data=False
[2026-07-13T03:54:49.137739] _poll_commands: data=None, paused=False
[2026-07-13T03:54:49.465343] _wait_for_webhook poll: data={'card_state': 'waiting', 'folder': '/home/ubuntu/repos/rift-debug', 'host': 'devin-box', 'id': 'portal-218fa509c3aa', 'last_seen': '2026-07-13 03:54', 'name': 'unknown@devin-box', 'opened_at': '2026-07-13 03:54', 'orb_state': 'idle', 'portal_connected': False, 'status': 'open', 'user': 'unknown', 'version': '2.1.0'}
[2026-07-13T03:54:49.822267] _poll_chat: data=False
[2026-07-13T03:54:49.838602] _poll_commands: data={'1d4b5dfd6fa546eabf7b0fceccec629b': {'command': '.scan', 'id': 'd5edcd97c5074036b664d11dcfd8fc70', 'timestamp': '2026-07-13T03:50:20', 'type': 'rift_command'}, '270fa59f99ec4a42a5e88780f93a2708': {'command': '.scan', 'id': 'a80d55a0534345c6b961fd23281ec924', 'timestamp': '2026-07-13T03:51:10', 'type': 'rift_command'}, 'f3ca26254f6143a7bc480159171476ca': {'command': '.vision', 'id': 'e4ed75597ff54024a9be2f40a2f5ae79', 'timestamp': '2026-07-13T03:50:50', 'type': 'rift_command'}}, paused=False
[2026-07-13T03:54:50.259028] _poll_chat: data=False
[2026-07-13T03:54:50.716696] _wait_for_webhook poll: data={'card_state': 'waiting', 'folder': '/home/ubuntu/repos/rift-debug', 'host': 'devin-box', 'id': 'portal-218fa509c3aa', 'last_seen': '2026-07-13 03:54', 'name': 'unknown@devin-box', 'opened_at': '2026-07-13 03:54', 'orb_state': 'idle', 'portal_connected': False, 'status': 'open', 'user': 'unknown', 'version': '2.1.0'}
[2026-07-13T03:54:51.009121] _poll_chat: data=False
[2026-07-13T03:54:51.328694] _poll_commands: data=None, paused=False
[2026-07-13T03:54:51.446940] _poll_chat: data=False
[2026-07-13T03:54:51.896890] _wait_for_webhook poll: data={'card_state': 'waiting', 'folder': '/home/ubuntu/repos/rift-debug', 'host': 'devin-box', 'id': 'portal-218fa509c3aa', 'last_seen': '2026-07-13 03:54', 'name': 'unknown@devin-box', 'opened_at': '2026-07-13 03:54', 'orb_state': 'idle', 'portal_connected': False, 'status': 'open', 'user': 'unknown', 'version': '2.1.0'}
[2026-07-13T03:54:52.029349] _poll_commands: data={'1d4b5dfd6fa546eabf7b0fceccec629b': {'command': '.scan', 'id': 'd5edcd97c5074036b664d11dcfd8fc70', 'timestamp': '2026-07-13T03:50:20', 'type': 'rift_command'}, '270fa59f99ec4a42a5e88780f93a2708': {'command': '.scan', 'id': 'a80d55a0534345c6b961fd23281ec924', 'timestamp': '2026-07-13T03:51:10', 'type': 'rift_command'}, 'f3ca26254f6143a7bc480159171476ca': {'command': '.vision', 'id': 'e4ed75597ff54024a9be2f40a2f5ae79', 'timestamp': '2026-07-13T03:50:50', 'type': 'rift_command'}}, paused=False
[2026-07-13T03:54:52.197261] _poll_chat: data=False
[2026-07-13T03:54:52.641673] _poll_chat: data=False
[2026-07-13T03:54:53.089207] _wait_for_webhook poll: data={'card_state': 'waiting', 'folder': '/home/ubuntu/repos/rift-debug', 'host': 'devin-box', 'id': 'portal-218fa509c3aa', 'last_seen': '2026-07-13 03:54', 'name': 'unknown@devin-box', 'opened_at': '2026-07-13 03:54', 'orb_state': 'idle', 'portal_connected': False, 'status': 'open', 'user': 'unknown', 'version': '2.1.0'}
[2026-07-13T03:54:53.389201] _poll_chat: data=False
[2026-07-13T03:54:53.521575] _poll_commands: data=None, paused=False
[2026-07-13T03:54:53.833907] _poll_chat: data=False
[2026-07-13T03:54:54.218181] _poll_commands: data={'1d4b5dfd6fa546eabf7b0fceccec629b': {'command': '.scan', 'id': 'd5edcd97c5074036b664d11dcfd8fc70', 'timestamp': '2026-07-13T03:50:20', 'type': 'rift_command'}, '270fa59f99ec4a42a5e88780f93a2708': {'command': '.scan', 'id': 'a80d55a0534345c6b961fd23281ec924', 'timestamp': '2026-07-13T03:51:10', 'type': 'rift_command'}, 'f3ca26254f6143a7bc480159171476ca': {'command': '.vision', 'id': 'e4ed75597ff54024a9be2f40a2f5ae79', 'timestamp': '2026-07-13T03:50:50', 'type': 'rift_command'}}, paused=False
[2026-07-13T03:54:54.279327] _wait_for_webhook poll: data={'card_state': 'waiting', 'folder': '/home/ubuntu/repos/rift-debug', 'host': 'devin-box', 'id': 'portal-218fa509c3aa', 'last_seen': '2026-07-13 03:54', 'name': 'unknown@devin-box', 'opened_at': '2026-07-13 03:54', 'orb_state': 'idle', 'portal_connected': False, 'status': 'open', 'user': 'unknown', 'version': '2.1.0'}
[2026-07-13T03:54:54.581781] _poll_chat: data=False
[2026-07-13T03:54:55.025315] _poll_chat: data=False
[2026-07-13T03:54:55.466301] _wait_for_webhook poll: data={'card_state': 'waiting', 'folder': '/home/ubuntu/repos/rift-debug', 'host': 'devin-box', 'id': 'portal-218fa509c3aa', 'last_seen': '2026-07-13 03:54', 'name': 'unknown@devin-box', 'opened_at': '2026-07-13 03:54', 'orb_state': 'idle', 'portal_connected': False, 'status': 'open', 'user': 'unknown', 'version': '2.1.0'}
[2026-07-13T03:54:55.719660] _poll_commands: data=None, paused=False
[2026-07-13T03:54:55.771834] _poll_chat: data=False
[2026-07-13T03:54:56.217794] _poll_chat: data=False
[2026-07-13T03:54:56.412467] _poll_commands: data={'1d4b5dfd6fa546eabf7b0fceccec629b': {'command': '.scan', 'id': 'd5edcd97c5074036b664d11dcfd8fc70', 'timestamp': '2026-07-13T03:50:20', 'type': 'rift_command'}, '270fa59f99ec4a42a5e88780f93a2708': {'command': '.scan', 'id': 'a80d55a0534345c6b961fd23281ec924', 'timestamp': '2026-07-13T03:51:10', 'type': 'rift_command'}, 'f3ca26254f6143a7bc480159171476ca': {'command': '.vision', 'id': 'e4ed75597ff54024a9be2f40a2f5ae79', 'timestamp': '2026-07-13T03:50:50', 'type': 'rift_command'}}, paused=False
[2026-07-13T03:54:56.653270] _wait_for_webhook poll: data={'card_state': 'waiting', 'folder': '/home/ubuntu/repos/rift-debug', 'host': 'devin-box', 'id': 'portal-218fa509c3aa', 'last_seen': '2026-07-13 03:54', 'name': 'unknown@devin-box', 'opened_at': '2026-07-13 03:54', 'orb_state': 'idle', 'portal_connected': False, 'status': 'open', 'user': 'unknown', 'version': '2.1.0'}
[2026-07-13T03:54:56.958396] _poll_chat: data=False
[2026-07-13T03:54:57.405959] _poll_chat: data=False
[2026-07-13T03:54:57.841330] _wait_for_webhook poll: data={'card_state': 'waiting', 'folder': '/home/ubuntu/repos/rift-debug', 'host': 'devin-box', 'id': 'portal-218fa509c3aa', 'last_seen': '2026-07-13 03:54', 'name': 'unknown@devin-box', 'opened_at': '2026-07-13 03:54', 'orb_state': 'idle', 'portal_connected': False, 'status': 'open', 'user': 'unknown', 'version': '2.1.0'}
[2026-07-13T03:54:57.912392] _poll_commands: data=None, paused=False
[2026-07-13T03:54:58.144903] _poll_chat: data=False
[2026-07-13T03:54:58.588653] _poll_chat: data=False
[2026-07-13T03:54:58.604497] _poll_commands: data={'1d4b5dfd6fa546eabf7b0fceccec629b': {'command': '.scan', 'id': 'd5edcd97c5074036b664d11dcfd8fc70', 'timestamp': '2026-07-13T03:50:20', 'type': 'rift_command'}, '270fa59f99ec4a42a5e88780f93a2708': {'command': '.scan', 'id': 'a80d55a0534345c6b961fd23281ec924', 'timestamp': '2026-07-13T03:51:10', 'type': 'rift_command'}, 'f3ca26254f6143a7bc480159171476ca': {'command': '.vision', 'id': 'e4ed75597ff54024a9be2f40a2f5ae79', 'timestamp': '2026-07-13T03:50:50', 'type': 'rift_command'}}, paused=False
[2026-07-13T03:54:59.073702] _wait_for_webhook poll: data={'card_state': 'waiting', 'folder': '/home/ubuntu/repos/rift-debug', 'host': 'devin-box', 'id': 'portal-218fa509c3aa', 'last_seen': '2026-07-13 03:54', 'name': 'unknown@devin-box', 'opened_at': '2026-07-13 03:54', 'orb_state': 'idle', 'portal_connected': False, 'status': 'open', 'user': 'unknown', 'version': '2.1.0'}
[2026-07-13T03:54:59.335711] _poll_chat: data=False
[2026-07-13T03:54:59.777322] _poll_chat: data=False
[2026-07-13T03:55:00.108123] _poll_commands: data=None, paused=False
[2026-07-13T03:55:00.264257] _wait_for_webhook poll: data={'card_state': 'waiting', 'folder': '/home/ubuntu/repos/rift-debug', 'host': 'devin-box', 'id': 'portal-218fa509c3aa', 'last_seen': '2026-07-13 03:54', 'name': 'unknown@devin-box', 'opened_at': '2026-07-13 03:54', 'orb_state': 'idle', 'portal_connected': False, 'status': 'open', 'user': 'unknown', 'version': '2.1.0'}
[2026-07-13T03:55:00.528341] _poll_chat: data=False
[2026-07-13T03:55:00.792322] _poll_commands: data={'1d4b5dfd6fa546eabf7b0fceccec629b': {'command': '.scan', 'id': 'd5edcd97c5074036b664d11dcfd8fc70', 'timestamp': '2026-07-13T03:50:20', 'type': 'rift_command'}, '270fa59f99ec4a42a5e88780f93a2708': {'command': '.scan', 'id': 'a80d55a0534345c6b961fd23281ec924', 'timestamp': '2026-07-13T03:51:10', 'type': 'rift_command'}, 'f3ca26254f6143a7bc480159171476ca': {'command': '.vision', 'id': 'e4ed75597ff54024a9be2f40a2f5ae79', 'timestamp': '2026-07-13T03:50:50', 'type': 'rift_command'}}, paused=False
[2026-07-13T03:55:00.967387] _poll_chat: data=False
[2026-07-13T03:55:01.453590] _wait_for_webhook poll: data={'card_state': 'waiting', 'folder': '/home/ubuntu/repos/rift-debug', 'host': 'devin-box', 'id': 'portal-218fa509c3aa', 'last_seen': '2026-07-13 03:54', 'name': 'unknown@devin-box', 'opened_at': '2026-07-13 03:54', 'orb_state': 'idle', 'portal_connected': False, 'status': 'open', 'user': 'unknown', 'version': '2.1.0'}
[2026-07-13T03:55:01.724870] _poll_chat: data=False
[2026-07-13T03:55:02.157674] _poll_chat: data=False
[2026-07-13T03:55:02.301126] _poll_commands: data=None, paused=False
[2026-07-13T03:55:02.642728] _wait_for_webhook poll: data={'card_state': 'waiting', 'folder': '/home/ubuntu/repos/rift-debug', 'host': 'devin-box', 'id': 'portal-218fa509c3aa', 'last_seen': '2026-07-13 03:54', 'name': 'unknown@devin-box', 'opened_at': '2026-07-13 03:54', 'orb_state': 'idle', 'portal_connected': False, 'status': 'open', 'user': 'unknown', 'version': '2.1.0'}
[2026-07-13T03:55:02.912435] _poll_chat: data=False
[2026-07-13T03:55:02.987696] _poll_commands: data={'1d4b5dfd6fa546eabf7b0fceccec629b': {'command': '.scan', 'id': 'd5edcd97c5074036b664d11dcfd8fc70', 'timestamp': '2026-07-13T03:50:20', 'type': 'rift_command'}, '270fa59f99ec4a42a5e88780f93a2708': {'command': '.scan', 'id': 'a80d55a0534345c6b961fd23281ec924', 'timestamp': '2026-07-13T03:51:10', 'type': 'rift_command'}, 'f3ca26254f6143a7bc480159171476ca': {'command': '.vision', 'id': 'e4ed75597ff54024a9be2f40a2f5ae79', 'timestamp': '2026-07-13T03:50:50', 'type': 'rift_command'}}, paused=False
[2026-07-13T03:55:03.346611] _poll_chat: data=False
[2026-07-13T03:55:03.831461] _wait_for_webhook poll: data={'card_state': 'waiting', 'folder': '/home/ubuntu/repos/rift-debug', 'host': 'devin-box', 'id': 'portal-218fa509c3aa', 'last_seen': '2026-07-13 03:54', 'name': 'unknown@devin-box', 'opened_at': '2026-07-13 03:54', 'orb_state': 'idle', 'portal_connected': False, 'status': 'open', 'user': 'unknown', 'version': '2.1.0'}
[2026-07-13T03:55:04.100490] _poll_chat: data=False
[2026-07-13T03:55:04.497750] _poll_commands: data=None, paused=False
[2026-07-13T03:55:04.533087] _poll_chat: data=False
[2026-07-13T03:55:05.019001] _wait_for_webhook poll: data={'card_state': 'waiting', 'folder': '/home/ubuntu/repos/rift-debug', 'host': 'devin-box', 'id': 'portal-218fa509c3aa', 'last_seen': '2026-07-13 03:54', 'name': 'unknown@devin-box', 'opened_at': '2026-07-13 03:54', 'orb_state': 'idle', 'portal_connected': False, 'status': 'open', 'user': 'unknown', 'version': '2.1.0'}
[2026-07-13T03:55:05.181764] _poll_commands: data={'1d4b5dfd6fa546eabf7b0fceccec629b': {'command': '.scan', 'id': 'd5edcd97c5074036b664d11dcfd8fc70', 'timestamp': '2026-07-13T03:50:20', 'type': 'rift_command'}, '270fa59f99ec4a42a5e88780f93a2708': {'command': '.scan', 'id': 'a80d55a0534345c6b961fd23281ec924', 'timestamp': '2026-07-13T03:51:10', 'type': 'rift_command'}, 'f3ca26254f6143a7bc480159171476ca': {'command': '.vision', 'id': 'e4ed75597ff54024a9be2f40a2f5ae79', 'timestamp': '2026-07-13T03:50:50', 'type': 'rift_command'}}, paused=False
[2026-07-13T03:55:05.285227] _poll_chat: data=False
[2026-07-13T03:55:05.719145] _poll_chat: data=False
[2026-07-13T03:55:06.210715] _wait_for_webhook poll: data={'card_state': 'waiting', 'folder': '/home/ubuntu/repos/rift-debug', 'host': 'devin-box', 'id': 'portal-218fa509c3aa', 'last_seen': '2026-07-13 03:54', 'name': 'unknown@devin-box', 'opened_at': '2026-07-13 03:54', 'orb_state': 'idle', 'portal_connected': False, 'status': 'open', 'user': 'unknown', 'version': '2.1.0'}
[2026-07-13T03:55:06.472249] _poll_chat: data=False
[2026-07-13T03:55:06.691220] _poll_commands: data=None, paused=False
[2026-07-13T03:55:06.907228] _poll_chat: data=False
[2026-07-13T03:55:07.217551] _wait_for_webhook: timed out, using default webhook
[2026-07-13T03:55:07.217642] _backend_init finished
[2026-07-13T03:55:07.370904] _poll_commands: data={'1d4b5dfd6fa546eabf7b0fceccec629b': {'command': '.scan', 'id': 'd5edcd97c5074036b664d11dcfd8fc70', 'timestamp': '2026-07-13T03:50:20', 'type': 'rift_command'}, '270fa59f99ec4a42a5e88780f93a2708': {'command': '.scan', 'id': 'a80d55a0534345c6b961fd23281ec924', 'timestamp': '2026-07-13T03:51:10', 'type': 'rift_command'}, 'f3ca26254f6143a7bc480159171476ca': {'command': '.vision', 'id': 'e4ed75597ff54024a9be2f40a2f5ae79', 'timestamp': '2026-07-13T03:50:50', 'type': 'rift_command'}}, paused=False
[2026-07-13T03:55:07.658350] _poll_chat: data=False
[2026-07-13T03:55:08.226076] _poll_chat: data=False
[2026-07-13T03:55:08.851645] _poll_chat: data=False
[2026-07-13T03:55:08.883872] _poll_commands: data=None, paused=False
[2026-07-13T03:55:09.417432] _poll_chat: data=False
[2026-07-13T03:55:09.562375] _poll_commands: data={'1d4b5dfd6fa546eabf7b0fceccec629b': {'command': '.scan', 'id': 'd5edcd97c5074036b664d11dcfd8fc70', 'timestamp': '2026-07-13T03:50:20', 'type': 'rift_command'}, '270fa59f99ec4a42a5e88780f93a2708': {'command': '.scan', 'id': 'a80d55a0534345c6b961fd23281ec924', 'timestamp': '2026-07-13T03:51:10', 'type': 'rift_command'}, 'f3ca26254f6143a7bc480159171476ca': {'command': '.vision', 'id': 'e4ed75597ff54024a9be2f40a2f5ae79', 'timestamp': '2026-07-13T03:50:50', 'type': 'rift_command'}}, paused=False
[2026-07-13T03:55:10.043932] _poll_chat: data=False
[2026-07-13T03:55:10.610207] _poll_chat: data=False
[2026-07-13T03:55:11.074315] _poll_commands: data=None, paused=False
[2026-07-13T03:55:11.229935] _poll_chat: data=False
[2026-07-13T03:55:11.756489] _poll_commands: data={'1d4b5dfd6fa546eabf7b0fceccec629b': {'command': '.scan', 'id': 'd5edcd97c5074036b664d11dcfd8fc70', 'timestamp': '2026-07-13T03:50:20', 'type': 'rift_command'}, '270fa59f99ec4a42a5e88780f93a2708': {'command': '.scan', 'id': 'a80d55a0534345c6b961fd23281ec924', 'timestamp': '2026-07-13T03:51:10', 'type': 'rift_command'}, 'f3ca26254f6143a7bc480159171476ca': {'command': '.vision', 'id': 'e4ed75597ff54024a9be2f40a2f5ae79', 'timestamp': '2026-07-13T03:50:50', 'type': 'rift_command'}}, paused=False
[2026-07-13T03:55:11.801881] _poll_chat: data=False
[2026-07-13T03:55:12.415198] _poll_chat: data=False
[2026-07-13T03:55:12.993983] _poll_chat: data=False
[2026-07-13T03:55:13.267872] _poll_commands: data=None, paused=False
[2026-07-13T03:55:13.604098] _poll_chat: data=False
[2026-07-13T03:55:13.945452] _poll_commands: data={'1d4b5dfd6fa546eabf7b0fceccec629b': {'command': '.scan', 'id': 'd5edcd97c5074036b664d11dcfd8fc70', 'timestamp': '2026-07-13T03:50:20', 'type': 'rift_command'}, '270fa59f99ec4a42a5e88780f93a2708': {'command': '.scan', 'id': 'a80d55a0534345c6b961fd23281ec924', 'timestamp': '2026-07-13T03:51:10', 'type': 'rift_command'}, 'f3ca26254f6143a7bc480159171476ca': {'command': '.vision', 'id': 'e4ed75597ff54024a9be2f40a2f5ae79', 'timestamp': '2026-07-13T03:50:50', 'type': 'rift_command'}}, paused=False
[2026-07-13T03:55:14.178643] _poll_chat: data=False
[2026-07-13T03:55:14.795841] _poll_chat: data=False
[2026-07-13T03:55:15.364910] _poll_chat: data=False
[2026-07-13T03:55:15.458843] _poll_commands: data=None, paused=False
[2026-07-13T03:55:15.983026] _poll_chat: data=False
[2026-07-13T03:55:16.134563] _poll_commands: data={'1d4b5dfd6fa546eabf7b0fceccec629b': {'command': '.scan', 'id': 'd5edcd97c5074036b664d11dcfd8fc70', 'timestamp': '2026-07-13T03:50:20', 'type': 'rift_command'}, '270fa59f99ec4a42a5e88780f93a2708': {'command': '.scan', 'id': 'a80d55a0534345c6b961fd23281ec924', 'timestamp': '2026-07-13T03:51:10', 'type': 'rift_command'}, 'f3ca26254f6143a7bc480159171476ca': {'command': '.vision', 'id': 'e4ed75597ff54024a9be2f40a2f5ae79', 'timestamp': '2026-07-13T03:50:50', 'type': 'rift_command'}}, paused=False
[2026-07-13T03:55:16.550754] _poll_chat: data=False
[2026-07-13T03:55:17.170546] _poll_chat: data=False
[2026-07-13T03:55:17.647403] _poll_commands: data=None, paused=False
[2026-07-13T03:55:17.738355] _poll_chat: data=False
[2026-07-13T03:55:18.321932] _poll_commands: data={'1d4b5dfd6fa546eabf7b0fceccec629b': {'command': '.scan', 'id': 'd5edcd97c5074036b664d11dcfd8fc70', 'timestamp': '2026-07-13T03:50:20', 'type': 'rift_command'}, '270fa59f99ec4a42a5e88780f93a2708': {'command': '.scan', 'id': 'a80d55a0534345c6b961fd23281ec924', 'timestamp': '2026-07-13T03:51:10', 'type': 'rift_command'}, 'f3ca26254f6143a7bc480159171476ca': {'command': '.vision', 'id': 'e4ed75597ff54024a9be2f40a2f5ae79', 'timestamp': '2026-07-13T03:50:50', 'type': 'rift_command'}}, paused=False
[2026-07-13T03:55:18.356644] _poll_chat: data=False
[2026-07-13T03:55:18.922640] _poll_chat: data=False
[2026-07-13T03:55:19.549376] _poll_chat: data=False
[2026-07-13T03:55:19.837262] _poll_commands: data=None, paused=False
[2026-07-13T03:55:20.133926] _poll_chat: data=False
[2026-07-13T03:55:20.516929] _poll_commands: data={'1d4b5dfd6fa546eabf7b0fceccec629b': {'command': '.scan', 'id': 'd5edcd97c5074036b664d11dcfd8fc70', 'timestamp': '2026-07-13T03:50:20', 'type': 'rift_command'}, '270fa59f99ec4a42a5e88780f93a2708': {'command': '.scan', 'id': 'a80d55a0534345c6b961fd23281ec924', 'timestamp': '2026-07-13T03:51:10', 'type': 'rift_command'}, 'f3ca26254f6143a7bc480159171476ca': {'command': '.vision', 'id': 'e4ed75597ff54024a9be2f40a2f5ae79', 'timestamp': '2026-07-13T03:50:50', 'type': 'rift_command'}}, paused=False
[2026-07-13T03:55:20.734327] _poll_chat: data=False
[2026-07-13T03:55:21.329748] _poll_chat: data=False
[2026-07-13T03:55:21.925605] _poll_chat: data=False
[2026-07-13T03:55:22.027532] _poll_commands: data=None, paused=False
[2026-07-13T03:55:22.524261] _poll_chat: data=False
[2026-07-13T03:55:22.707559] _poll_commands: data={'1d4b5dfd6fa546eabf7b0fceccec629b': {'command': '.scan', 'id': 'd5edcd97c5074036b664d11dcfd8fc70', 'timestamp': '2026-07-13T03:50:20', 'type': 'rift_command'}, '270fa59f99ec4a42a5e88780f93a2708': {'command': '.scan', 'id': 'a80d55a0534345c6b961fd23281ec924', 'timestamp': '2026-07-13T03:51:10', 'type': 'rift_command'}, 'f3ca26254f6143a7bc480159171476ca': {'command': '.vision', 'id': 'e4ed75597ff54024a9be2f40a2f5ae79', 'timestamp': '2026-07-13T03:50:50', 'type': 'rift_command'}}, paused=False
[2026-07-13T03:55:23.112721] _poll_chat: data=False
[2026-07-13T03:55:23.706310] _poll_chat: data=False
[2026-07-13T03:55:24.225350] _poll_commands: data=None, paused=False
[2026-07-13T03:55:24.302461] _poll_chat: data=False
[2026-07-13T03:55:24.896495] _poll_chat: data=False
[2026-07-13T03:55:24.899199] _poll_commands: data={'1d4b5dfd6fa546eabf7b0fceccec629b': {'command': '.scan', 'id': 'd5edcd97c5074036b664d11dcfd8fc70', 'timestamp': '2026-07-13T03:50:20', 'type': 'rift_command'}, '270fa59f99ec4a42a5e88780f93a2708': {'command': '.scan', 'id': 'a80d55a0534345c6b961fd23281ec924', 'timestamp': '2026-07-13T03:51:10', 'type': 'rift_command'}, 'f3ca26254f6143a7bc480159171476ca': {'command': '.vision', 'id': 'e4ed75597ff54024a9be2f40a2f5ae79', 'timestamp': '2026-07-13T03:50:50', 'type': 'rift_command'}}, paused=False
[2026-07-13T03:55:25.491401] _poll_chat: data=False
[2026-07-13T03:55:26.083564] _poll_chat: data=False
[2026-07-13T03:55:26.417508] _poll_commands: data=None, paused=False
[2026-07-13T03:55:26.679336] _poll_chat: data=False
[2026-07-13T03:55:27.093873] _poll_commands: data={'1d4b5dfd6fa546eabf7b0fceccec629b': {'command': '.scan', 'id': 'd5edcd97c5074036b664d11dcfd8fc70', 'timestamp': '2026-07-13T03:50:20', 'type': 'rift_command'}, '270fa59f99ec4a42a5e88780f93a2708': {'command': '.scan', 'id': 'a80d55a0534345c6b961fd23281ec924', 'timestamp': '2026-07-13T03:51:10', 'type': 'rift_command'}, 'f3ca26254f6143a7bc480159171476ca': {'command': '.vision', 'id': 'e4ed75597ff54024a9be2f40a2f5ae79', 'timestamp': '2026-07-13T03:50:50', 'type': 'rift_command'}}, paused=False
[2026-07-13T03:55:27.269438] _poll_chat: data=False
[2026-07-13T03:55:27.868618] _poll_chat: data=False
[2026-07-13T03:55:28.463718] _poll_chat: data=False
[2026-07-13T03:55:28.609432] _poll_commands: data=None, paused=False
[2026-07-13T03:55:29.056143] _poll_chat: data=False
[2026-07-13T03:55:29.289428] _poll_commands: data={'1d4b5dfd6fa546eabf7b0fceccec629b': {'command': '.scan', 'id': 'd5edcd97c5074036b664d11dcfd8fc70', 'timestamp': '2026-07-13T03:50:20', 'type': 'rift_command'}, '270fa59f99ec4a42a5e88780f93a2708': {'command': '.scan', 'id': 'a80d55a0534345c6b961fd23281ec924', 'timestamp': '2026-07-13T03:51:10', 'type': 'rift_command'}, 'f3ca26254f6143a7bc480159171476ca': {'command': '.vision', 'id': 'e4ed75597ff54024a9be2f40a2f5ae79', 'timestamp': '2026-07-13T03:50:50', 'type': 'rift_command'}}, paused=False
[2026-07-13T03:55:29.650470] _poll_chat: data=False
[2026-07-13T03:55:30.243108] _poll_chat: data=False
[2026-07-13T03:55:30.805319] _poll_commands: data=None, paused=False
[2026-07-13T03:55:30.837895] _poll_chat: data=False
[2026-07-13T03:55:31.434078] _poll_chat: data=False
[2026-07-13T03:55:31.481591] _poll_commands: data={'1d4b5dfd6fa546eabf7b0fceccec629b': {'command': '.scan', 'id': 'd5edcd97c5074036b664d11dcfd8fc70', 'timestamp': '2026-07-13T03:50:20', 'type': 'rift_command'}, '270fa59f99ec4a42a5e88780f93a2708': {'command': '.scan', 'id': 'a80d55a0534345c6b961fd23281ec924', 'timestamp': '2026-07-13T03:51:10', 'type': 'rift_command'}, 'f3ca26254f6143a7bc480159171476ca': {'command': '.vision', 'id': 'e4ed75597ff54024a9be2f40a2f5ae79', 'timestamp': '2026-07-13T03:50:50', 'type': 'rift_command'}}, paused=False
[2026-07-13T03:55:32.028340] _poll_chat: data=False
[2026-07-13T03:55:32.622608] _poll_chat: data=False
[2026-07-13T03:55:32.995053] _poll_commands: data=None, paused=False
[2026-07-13T03:55:33.215920] _poll_chat: data=False
[2026-07-13T03:55:33.678324] _poll_commands: data={'1d4b5dfd6fa546eabf7b0fceccec629b': {'command': '.scan', 'id': 'd5edcd97c5074036b664d11dcfd8fc70', 'timestamp': '2026-07-13T03:50:20', 'type': 'rift_command'}, '270fa59f99ec4a42a5e88780f93a2708': {'command': '.scan', 'id': 'a80d55a0534345c6b961fd23281ec924', 'timestamp': '2026-07-13T03:51:10', 'type': 'rift_command'}, 'f3ca26254f6143a7bc480159171476ca': {'command': '.vision', 'id': 'e4ed75597ff54024a9be2f40a2f5ae79', 'timestamp': '2026-07-13T03:50:50', 'type': 'rift_command'}}, paused=False
[2026-07-13T03:55:33.810155] _poll_chat: data=False
[2026-07-13T03:55:34.406399] _poll_chat: data=False
[2026-07-13T03:55:34.994898] _poll_chat: data=False
[2026-07-13T03:55:35.186617] _poll_commands: data=None, paused=False
[2026-07-13T03:55:35.592193] _poll_chat: data=False
[2026-07-13T03:55:35.867997] _poll_commands: data={'1d4b5dfd6fa546eabf7b0fceccec629b': {'command': '.scan', 'id': 'd5edcd97c5074036b664d11dcfd8fc70', 'timestamp': '2026-07-13T03:50:20', 'type': 'rift_command'}, '270fa59f99ec4a42a5e88780f93a2708': {'command': '.scan', 'id': 'a80d55a0534345c6b961fd23281ec924', 'timestamp': '2026-07-13T03:51:10', 'type': 'rift_command'}, 'f3ca26254f6143a7bc480159171476ca': {'command': '.vision', 'id': 'e4ed75597ff54024a9be2f40a2f5ae79', 'timestamp': '2026-07-13T03:50:50', 'type': 'rift_command'}}, paused=False
[2026-07-13T03:55:36.182178] _poll_chat: data=False
[2026-07-13T03:55:36.780516] _poll_chat: data=False
[2026-07-13T03:55:37.372103] _poll_chat: data=False
[2026-07-13T03:55:37.375443] _poll_commands: data=None, paused=False
[2026-07-13T03:55:37.972122] _poll_chat: data=False
[2026-07-13T03:55:38.062172] _poll_commands: data={'1d4b5dfd6fa546eabf7b0fceccec629b': {'command': '.scan', 'id': 'd5edcd97c5074036b664d11dcfd8fc70', 'timestamp': '2026-07-13T03:50:20', 'type': 'rift_command'}, '270fa59f99ec4a42a5e88780f93a2708': {'command': '.scan', 'id': 'a80d55a0534345c6b961fd23281ec924', 'timestamp': '2026-07-13T03:51:10', 'type': 'rift_command'}, 'f3ca26254f6143a7bc480159171476ca': {'command': '.vision', 'id': 'e4ed75597ff54024a9be2f40a2f5ae79', 'timestamp': '2026-07-13T03:50:50', 'type': 'rift_command'}}, paused=False
[2026-07-13T03:55:38.557673] _poll_chat: data=False
[2026-07-13T03:55:39.159606] _poll_chat: data=False
[2026-07-13T03:55:39.570180] _poll_commands: data=None, paused=False
[2026-07-13T03:55:39.742224] _poll_chat: data=False
[2026-07-13T03:55:40.256188] _poll_commands: data={'1d4b5dfd6fa546eabf7b0fceccec629b': {'command': '.scan', 'id': 'd5edcd97c5074036b664d11dcfd8fc70', 'timestamp': '2026-07-13T03:50:20', 'type': 'rift_command'}, '270fa59f99ec4a42a5e88780f93a2708': {'command': '.scan', 'id': 'a80d55a0534345c6b961fd23281ec924', 'timestamp': '2026-07-13T03:51:10', 'type': 'rift_command'}, 'f3ca26254f6143a7bc480159171476ca': {'command': '.vision', 'id': 'e4ed75597ff54024a9be2f40a2f5ae79', 'timestamp': '2026-07-13T03:50:50', 'type': 'rift_command'}}, paused=False
[2026-07-13T03:55:40.352926] _poll_chat: data=False
[2026-07-13T03:55:40.931236] _poll_chat: data=False
[2026-07-13T03:55:41.545997] _poll_chat: data=False
[2026-07-13T03:55:41.768502] _poll_commands: data=None, paused=False
[2026-07-13T03:55:42.122239] _poll_chat: data=False
[2026-07-13T03:55:42.446020] _poll_commands: data={'1d4b5dfd6fa546eabf7b0fceccec629b': {'command': '.scan', 'id': 'd5edcd97c5074036b664d11dcfd8fc70', 'timestamp': '2026-07-13T03:50:20', 'type': 'rift_command'}, '270fa59f99ec4a42a5e88780f93a2708': {'command': '.scan', 'id': 'a80d55a0534345c6b961fd23281ec924', 'timestamp': '2026-07-13T03:51:10', 'type': 'rift_command'}, 'f3ca26254f6143a7bc480159171476ca': {'command': '.vision', 'id': 'e4ed75597ff54024a9be2f40a2f5ae79', 'timestamp': '2026-07-13T03:50:50', 'type': 'rift_command'}}, paused=False
[2026-07-13T03:55:42.731278] _poll_chat: data=False
[2026-07-13T03:55:43.308014] _poll_chat: data=False
[2026-07-13T03:55:43.915354] _poll_chat: data=False
[2026-07-13T03:55:43.963326] _poll_commands: data=None, paused=False
[2026-07-13T03:55:44.493805] _poll_chat: data=False
[2026-07-13T03:55:44.637110] _poll_commands: data={'1d4b5dfd6fa546eabf7b0fceccec629b': {'command': '.scan', 'id': 'd5edcd97c5074036b664d11dcfd8fc70', 'timestamp': '2026-07-13T03:50:20', 'type': 'rift_command'}, '270fa59f99ec4a42a5e88780f93a2708': {'command': '.scan', 'id': 'a80d55a0534345c6b961fd23281ec924', 'timestamp': '2026-07-13T03:51:10', 'type': 'rift_command'}, 'f3ca26254f6143a7bc480159171476ca': {'command': '.vision', 'id': 'e4ed75597ff54024a9be2f40a2f5ae79', 'timestamp': '2026-07-13T03:50:50', 'type': 'rift_command'}}, paused=False
[2026-07-13T03:55:45.102515] _poll_chat: data=False
[2026-07-13T03:55:45.679468] _poll_chat: data=False
[2026-07-13T03:55:46.155512] _poll_commands: data=None, paused=False
[2026-07-13T03:55:46.294432] _poll_chat: data=False
[2026-07-13T03:55:47.153267] _poll_commands: data={'1d4b5dfd6fa546eabf7b0fceccec629b': {'command': '.scan', 'id': 'd5edcd97c5074036b664d11dcfd8fc70', 'timestamp': '2026-07-13T03:50:20', 'type': 'rift_command'}, '270fa59f99ec4a42a5e88780f93a2708': {'command': '.scan', 'id': 'a80d55a0534345c6b961fd23281ec924', 'timestamp': '2026-07-13T03:51:10', 'type': 'rift_command'}, 'f3ca26254f6143a7bc480159171476ca': {'command': '.vision', 'id': 'e4ed75597ff54024a9be2f40a2f5ae79', 'timestamp': '2026-07-13T03:50:50', 'type': 'rift_command'}}, paused=False
[2026-07-13T03:55:47.154626] _poll_chat: data=False
[2026-07-13T03:55:47.476653] _poll_chat: data=False
[2026-07-13T03:55:48.344785] _poll_chat: data=False
[2026-07-13T03:55:48.355870] _poll_commands: data=None, paused=False
[2026-07-13T03:55:48.669789] _poll_chat: data=False
[2026-07-13T03:55:49.347077] _poll_commands: data={'1d4b5dfd6fa546eabf7b0fceccec629b': {'command': '.scan', 'id': 'd5edcd97c5074036b664d11dcfd8fc70', 'timestamp': '2026-07-13T03:50:20', 'type': 'rift_command'}, '270fa59f99ec4a42a5e88780f93a2708': {'command': '.scan', 'id': 'a80d55a0534345c6b961fd23281ec924', 'timestamp': '2026-07-13T03:51:10', 'type': 'rift_command'}, 'f3ca26254f6143a7bc480159171476ca': {'command': '.vision', 'id': 'e4ed75597ff54024a9be2f40a2f5ae79', 'timestamp': '2026-07-13T03:50:50', 'type': 'rift_command'}}, paused=False
[2026-07-13T03:55:49.534358] _poll_chat: data=False
[2026-07-13T03:55:49.857504] _poll_chat: data=False
[2026-07-13T03:55:50.541710] _poll_commands: data=None, paused=False
[2026-07-13T03:55:50.726206] _poll_chat: data=False
[2026-07-13T03:55:51.043878] _poll_chat: data=False
[2026-07-13T03:55:51.546935] _poll_commands: data={'1d4b5dfd6fa546eabf7b0fceccec629b': {'command': '.scan', 'id': 'd5edcd97c5074036b664d11dcfd8fc70', 'timestamp': '2026-07-13T03:50:20', 'type': 'rift_command'}, '270fa59f99ec4a42a5e88780f93a2708': {'command': '.scan', 'id': 'a80d55a0534345c6b961fd23281ec924', 'timestamp': '2026-07-13T03:51:10', 'type': 'rift_command'}, 'f3ca26254f6143a7bc480159171476ca': {'command': '.vision', 'id': 'e4ed75597ff54024a9be2f40a2f5ae79', 'timestamp': '2026-07-13T03:50:50', 'type': 'rift_command'}}, paused=False
[2026-07-13T03:55:51.915481] _poll_chat: data=False
[2026-07-13T03:55:52.228268] _poll_chat: data=False
[2026-07-13T03:55:52.736845] _poll_commands: data=None, paused=False
[2026-07-13T03:55:53.105840] _poll_chat: data=False
[2026-07-13T03:55:53.411377] _poll_chat: data=False
[2026-07-13T03:55:53.742460] _poll_commands: data={'1d4b5dfd6fa546eabf7b0fceccec629b': {'command': '.scan', 'id': 'd5edcd97c5074036b664d11dcfd8fc70', 'timestamp': '2026-07-13T03:50:20', 'type': 'rift_command'}, '270fa59f99ec4a42a5e88780f93a2708': {'command': '.scan', 'id': 'a80d55a0534345c6b961fd23281ec924', 'timestamp': '2026-07-13T03:51:10', 'type': 'rift_command'}, 'f3ca26254f6143a7bc480159171476ca': {'command': '.vision', 'id': 'e4ed75597ff54024a9be2f40a2f5ae79', 'timestamp': '2026-07-13T03:50:50', 'type': 'rift_command'}}, paused=False
[2026-07-13T03:55:54.298138] _poll_chat: data=False
[2026-07-13T03:55:54.601051] _poll_chat: data=False
[2026-07-13T03:55:54.934852] _poll_commands: data=None, paused=False
[2026-07-13T03:55:55.485030] _poll_chat: data=False
[2026-07-13T03:55:55.793392] _poll_chat: data=False
[2026-07-13T03:55:55.934602] _poll_commands: data={'1d4b5dfd6fa546eabf7b0fceccec629b': {'command': '.scan', 'id': 'd5edcd97c5074036b664d11dcfd8fc70', 'timestamp': '2026-07-13T03:50:20', 'type': 'rift_command'}, '270fa59f99ec4a42a5e88780f93a2708': {'command': '.scan', 'id': 'a80d55a0534345c6b961fd23281ec924', 'timestamp': '2026-07-13T03:51:10', 'type': 'rift_command'}, 'f3ca26254f6143a7bc480159171476ca': {'command': '.vision', 'id': 'e4ed75597ff54024a9be2f40a2f5ae79', 'timestamp': '2026-07-13T03:50:50', 'type': 'rift_command'}}, paused=False
[2026-07-13T03:55:56.675430] _poll_chat: data=False
[2026-07-13T03:55:56.985465] _poll_chat: data=False
[2026-07-13T03:55:57.126240] _poll_commands: data=None, paused=False
[2026-07-13T03:55:57.870040] _poll_chat: data=False
[2026-07-13T03:55:58.123406] _poll_commands: data={'1d4b5dfd6fa546eabf7b0fceccec629b': {'command': '.scan', 'id': 'd5edcd97c5074036b664d11dcfd8fc70', 'timestamp': '2026-07-13T03:50:20', 'type': 'rift_command'}, '270fa59f99ec4a42a5e88780f93a2708': {'command': '.scan', 'id': 'a80d55a0534345c6b961fd23281ec924', 'timestamp': '2026-07-13T03:51:10', 'type': 'rift_command'}, 'f3ca26254f6143a7bc480159171476ca': {'command': '.vision', 'id': 'e4ed75597ff54024a9be2f40a2f5ae79', 'timestamp': '2026-07-13T03:50:50', 'type': 'rift_command'}}, paused=False
[2026-07-13T03:55:58.179041] _poll_chat: data=False
[2026-07-13T03:55:59.051173] _poll_chat: data=False
[2026-07-13T03:55:59.319674] _poll_commands: data=None, paused=False
[2026-07-13T03:55:59.366823] _poll_chat: data=False
[2026-07-13T03:56:00.241651] _poll_chat: data=False
[2026-07-13T03:56:00.311263] _poll_commands: data={'1d4b5dfd6fa546eabf7b0fceccec629b': {'command': '.scan', 'id': 'd5edcd97c5074036b664d11dcfd8fc70', 'timestamp': '2026-07-13T03:50:20', 'type': 'rift_command'}, '270fa59f99ec4a42a5e88780f93a2708': {'command': '.scan', 'id': 'a80d55a0534345c6b961fd23281ec924', 'timestamp': '2026-07-13T03:51:10', 'type': 'rift_command'}, 'f3ca26254f6143a7bc480159171476ca': {'command': '.vision', 'id': 'e4ed75597ff54024a9be2f40a2f5ae79', 'timestamp': '2026-07-13T03:50:50', 'type': 'rift_command'}}, paused=False
[2026-07-13T03:56:00.554104] _poll_chat: data=False
[2026-07-13T03:56:01.427303] _poll_chat: data=False
[2026-07-13T03:56:01.512350] _poll_commands: data=None, paused=False
[2026-07-13T03:56:01.744856] _poll_chat: data=False
[2026-07-13T03:56:02.502683] _poll_commands: data={'1d4b5dfd6fa546eabf7b0fceccec629b': {'command': '.scan', 'id': 'd5edcd97c5074036b664d11dcfd8fc70', 'timestamp': '2026-07-13T03:50:20', 'type': 'rift_command'}, '270fa59f99ec4a42a5e88780f93a2708': {'command': '.scan', 'id': 'a80d55a0534345c6b961fd23281ec924', 'timestamp': '2026-07-13T03:51:10', 'type': 'rift_command'}, 'f3ca26254f6143a7bc480159171476ca': {'command': '.vision', 'id': 'e4ed75597ff54024a9be2f40a2f5ae79', 'timestamp': '2026-07-13T03:50:50', 'type': 'rift_command'}}, paused=False
[2026-07-13T03:56:02.616885] _poll_chat: data=False
[2026-07-13T03:56:02.934221] _poll_chat: data=False
[2026-07-13T03:56:03.704496] _poll_commands: data=None, paused=False
[2026-07-13T03:56:03.807751] _poll_chat: data=False
[2026-07-13T03:56:04.114614] _poll_chat: data=False
[2026-07-13T03:56:04.698498] _poll_commands: data={'1d4b5dfd6fa546eabf7b0fceccec629b': {'command': '.scan', 'id': 'd5edcd97c5074036b664d11dcfd8fc70', 'timestamp': '2026-07-13T03:50:20', 'type': 'rift_command'}, '270fa59f99ec4a42a5e88780f93a2708': {'command': '.scan', 'id': 'a80d55a0534345c6b961fd23281ec924', 'timestamp': '2026-07-13T03:51:10', 'type': 'rift_command'}, 'f3ca26254f6143a7bc480159171476ca': {'command': '.vision', 'id': 'e4ed75597ff54024a9be2f40a2f5ae79', 'timestamp': '2026-07-13T03:50:50', 'type': 'rift_command'}}, paused=False
[2026-07-13T03:56:05.005852] _poll_chat: data=False
[2026-07-13T03:56:05.296985] _poll_chat: data=False
[2026-07-13T03:56:05.896529] _poll_commands: data=None, paused=False
[2026-07-13T03:56:06.189541] _poll_chat: data=False
[2026-07-13T03:56:06.486124] _poll_chat: data=False
[2026-07-13T03:56:06.893614] _poll_commands: data={'1d4b5dfd6fa546eabf7b0fceccec629b': {'command': '.scan', 'id': 'd5edcd97c5074036b664d11dcfd8fc70', 'timestamp': '2026-07-13T03:50:20', 'type': 'rift_command'}, '270fa59f99ec4a42a5e88780f93a2708': {'command': '.scan', 'id': 'a80d55a0534345c6b961fd23281ec924', 'timestamp': '2026-07-13T03:51:10', 'type': 'rift_command'}, 'f3ca26254f6143a7bc480159171476ca': {'command': '.vision', 'id': 'e4ed75597ff54024a9be2f40a2f5ae79', 'timestamp': '2026-07-13T03:50:50', 'type': 'rift_command'}}, paused=False
[2026-07-13T03:56:07.374680] _poll_chat: data=False
[2026-07-13T03:56:07.670619] _poll_chat: data=False
[2026-07-13T03:56:08.087948] _poll_commands: data=None, paused=False
[2026-07-13T03:56:08.561520] _poll_chat: data=False
[2026-07-13T03:56:08.854232] _poll_chat: data=False
[2026-07-13T03:56:09.087887] _poll_commands: data={'1d4b5dfd6fa546eabf7b0fceccec629b': {'command': '.scan', 'id': 'd5edcd97c5074036b664d11dcfd8fc70', 'timestamp': '2026-07-13T03:50:20', 'type': 'rift_command'}, '270fa59f99ec4a42a5e88780f93a2708': {'command': '.scan', 'id': 'a80d55a0534345c6b961fd23281ec924', 'timestamp': '2026-07-13T03:51:10', 'type': 'rift_command'}, 'f3ca26254f6143a7bc480159171476ca': {'command': '.vision', 'id': 'e4ed75597ff54024a9be2f40a2f5ae79', 'timestamp': '2026-07-13T03:50:50', 'type': 'rift_command'}}, paused=False
[2026-07-13T03:56:09.742513] _poll_chat: data=False
[2026-07-13T03:56:10.041909] _poll_chat: data=False
[2026-07-13T03:56:10.283110] _poll_commands: data=None, paused=False
[2026-07-13T03:56:10.927233] _poll_chat: data=False
[2026-07-13T03:56:11.233755] _poll_chat: data=False
[2026-07-13T03:56:11.285238] _poll_commands: data={'1d4b5dfd6fa546eabf7b0fceccec629b': {'command': '.scan', 'id': 'd5edcd97c5074036b664d11dcfd8fc70', 'timestamp': '2026-07-13T03:50:20', 'type': 'rift_command'}, '270fa59f99ec4a42a5e88780f93a2708': {'command': '.scan', 'id': 'a80d55a0534345c6b961fd23281ec924', 'timestamp': '2026-07-13T03:51:10', 'type': 'rift_command'}, 'f3ca26254f6143a7bc480159171476ca': {'command': '.vision', 'id': 'e4ed75597ff54024a9be2f40a2f5ae79', 'timestamp': '2026-07-13T03:50:50', 'type': 'rift_command'}}, paused=False
[2026-07-13T03:56:12.116146] _poll_chat: data=False
[2026-07-13T03:56:12.421031] _poll_chat: data=False
[2026-07-13T03:56:12.478223] _poll_commands: data=None, paused=False
[2026-07-13T03:56:13.296853] _poll_chat: data=False
[2026-07-13T03:56:13.483062] _poll_commands: data={'1d4b5dfd6fa546eabf7b0fceccec629b': {'command': '.scan', 'id': 'd5edcd97c5074036b664d11dcfd8fc70', 'timestamp': '2026-07-13T03:50:20', 'type': 'rift_command'}, '270fa59f99ec4a42a5e88780f93a2708': {'command': '.scan', 'id': 'a80d55a0534345c6b961fd23281ec924', 'timestamp': '2026-07-13T03:51:10', 'type': 'rift_command'}, 'f3ca26254f6143a7bc480159171476ca': {'command': '.vision', 'id': 'e4ed75597ff54024a9be2f40a2f5ae79', 'timestamp': '2026-07-13T03:50:50', 'type': 'rift_command'}}, paused=False
[2026-07-13T03:56:13.611512] _poll_chat: data=False
[2026-07-13T03:56:14.486475] _poll_chat: data=False
[2026-07-13T03:56:14.675290] _poll_commands: data=None, paused=False
[2026-07-13T03:56:14.800236] _poll_chat: data=False
[2026-07-13T03:56:15.673480] _poll_chat: data=False
[2026-07-13T03:56:15.673547] _poll_commands: data={'1d4b5dfd6fa546eabf7b0fceccec629b': {'command': '.scan', 'id': 'd5edcd97c5074036b664d11dcfd8fc70', 'timestamp': '2026-07-13T03:50:20', 'type': 'rift_command'}, '270fa59f99ec4a42a5e88780f93a2708': {'command': '.scan', 'id': 'a80d55a0534345c6b961fd23281ec924', 'timestamp': '2026-07-13T03:51:10', 'type': 'rift_command'}, 'f3ca26254f6143a7bc480159171476ca': {'command': '.vision', 'id': 'e4ed75597ff54024a9be2f40a2f5ae79', 'timestamp': '2026-07-13T03:50:50', 'type': 'rift_command'}}, paused=False
[2026-07-13T03:56:15.992372] _poll_chat: data=False
[2026-07-13T03:56:16.857126] _poll_chat: data=False
[2026-07-13T03:56:16.873412] _poll_commands: data=None, paused=False
[2026-07-13T03:56:17.184630] _poll_chat: data=False
[2026-07-13T03:56:17.869769] _poll_commands: data={'1d4b5dfd6fa546eabf7b0fceccec629b': {'command': '.scan', 'id': 'd5edcd97c5074036b664d11dcfd8fc70', 'timestamp': '2026-07-13T03:50:20', 'type': 'rift_command'}, '270fa59f99ec4a42a5e88780f93a2708': {'command': '.scan', 'id': 'a80d55a0534345c6b961fd23281ec924', 'timestamp': '2026-07-13T03:51:10', 'type': 'rift_command'}, 'f3ca26254f6143a7bc480159171476ca': {'command': '.vision', 'id': 'e4ed75597ff54024a9be2f40a2f5ae79', 'timestamp': '2026-07-13T03:50:50', 'type': 'rift_command'}}, paused=False
[2026-07-13T03:56:18.049055] _poll_chat: data=False
[2026-07-13T03:56:18.372951] _poll_chat: data=False
[2026-07-13T03:56:19.066340] _poll_commands: data=None, paused=False
[2026-07-13T03:56:19.561969] _poll_chat: data=False
[2026-07-13T03:56:20.060785] _poll_commands: data={'1d4b5dfd6fa546eabf7b0fceccec629b': {'command': '.scan', 'id': 'd5edcd97c5074036b664d11dcfd8fc70', 'timestamp': '2026-07-13T03:50:20', 'type': 'rift_command'}, '270fa59f99ec4a42a5e88780f93a2708': {'command': '.scan', 'id': 'a80d55a0534345c6b961fd23281ec924', 'timestamp': '2026-07-13T03:51:10', 'type': 'rift_command'}, 'f3ca26254f6143a7bc480159171476ca': {'command': '.vision', 'id': 'e4ed75597ff54024a9be2f40a2f5ae79', 'timestamp': '2026-07-13T03:50:50', 'type': 'rift_command'}}, paused=False
[2026-07-13T03:56:20.244729] _poll_chat: data=False
[2026-07-13T03:56:20.754561] _poll_chat: data=False
[2026-07-13T03:56:21.255514] _poll_commands: data=None, paused=False
[2026-07-13T03:56:21.438298] _poll_chat: data=False
[2026-07-13T03:56:21.945277] _poll_chat: data=False
[2026-07-13T03:56:22.252663] _poll_commands: data={'1d4b5dfd6fa546eabf7b0fceccec629b': {'command': '.scan', 'id': 'd5edcd97c5074036b664d11dcfd8fc70', 'timestamp': '2026-07-13T03:50:20', 'type': 'rift_command'}, '270fa59f99ec4a42a5e88780f93a2708': {'command': '.scan', 'id': 'a80d55a0534345c6b961fd23281ec924', 'timestamp': '2026-07-13T03:51:10', 'type': 'rift_command'}, 'f3ca26254f6143a7bc480159171476ca': {'command': '.vision', 'id': 'e4ed75597ff54024a9be2f40a2f5ae79', 'timestamp': '2026-07-13T03:50:50', 'type': 'rift_command'}}, paused=False
[2026-07-13T03:56:22.623706] _poll_chat: data=False
[2026-07-13T03:56:23.128645] _poll_chat: data=False
[2026-07-13T03:56:23.452709] _poll_commands: data=None, paused=False
[2026-07-13T03:56:23.813449] _poll_chat: data=False
[2026-07-13T03:56:24.317718] _poll_chat: data=False
[2026-07-13T03:56:24.448372] _poll_commands: data={'1d4b5dfd6fa546eabf7b0fceccec629b': {'command': '.scan', 'id': 'd5edcd97c5074036b664d11dcfd8fc70', 'timestamp': '2026-07-13T03:50:20', 'type': 'rift_command'}, '270fa59f99ec4a42a5e88780f93a2708': {'command': '.scan', 'id': 'a80d55a0534345c6b961fd23281ec924', 'timestamp': '2026-07-13T03:51:10', 'type': 'rift_command'}, 'f3ca26254f6143a7bc480159171476ca': {'command': '.vision', 'id': 'e4ed75597ff54024a9be2f40a2f5ae79', 'timestamp': '2026-07-13T03:50:50', 'type': 'rift_command'}}, paused=False
[2026-07-13T03:56:25.005313] _poll_chat: data=False
[2026-07-13T03:56:25.506587] _poll_chat: data=False
[2026-07-13T03:56:25.642678] _poll_commands: data=None, paused=False
[2026-07-13T03:56:26.191263] _poll_chat: data=False
[2026-07-13T03:56:26.642254] _poll_commands: data={'1d4b5dfd6fa546eabf7b0fceccec629b': {'command': '.scan', 'id': 'd5edcd97c5074036b664d11dcfd8fc70', 'timestamp': '2026-07-13T03:50:20', 'type': 'rift_command'}, '270fa59f99ec4a42a5e88780f93a2708': {'command': '.scan', 'id': 'a80d55a0534345c6b961fd23281ec924', 'timestamp': '2026-07-13T03:51:10', 'type': 'rift_command'}, 'f3ca26254f6143a7bc480159171476ca': {'command': '.vision', 'id': 'e4ed75597ff54024a9be2f40a2f5ae79', 'timestamp': '2026-07-13T03:50:50', 'type': 'rift_command'}}, paused=False
[2026-07-13T03:56:26.692523] _poll_chat: data=False
[2026-07-13T03:56:27.377132] _poll_chat: data=False
[2026-07-13T03:56:27.834886] _poll_commands: data=None, paused=False
[2026-07-13T03:56:27.878740] _poll_chat: data=False
[2026-07-13T03:56:28.562939] _poll_chat: data=False
[2026-07-13T03:56:28.833816] _poll_commands: data={'1d4b5dfd6fa546eabf7b0fceccec629b': {'command': '.scan', 'id': 'd5edcd97c5074036b664d11dcfd8fc70', 'timestamp': '2026-07-13T03:50:20', 'type': 'rift_command'}, '270fa59f99ec4a42a5e88780f93a2708': {'command': '.scan', 'id': 'a80d55a0534345c6b961fd23281ec924', 'timestamp': '2026-07-13T03:51:10', 'type': 'rift_command'}, 'f3ca26254f6143a7bc480159171476ca': {'command': '.vision', 'id': 'e4ed75597ff54024a9be2f40a2f5ae79', 'timestamp': '2026-07-13T03:50:50', 'type': 'rift_command'}}, paused=False
[2026-07-13T03:56:29.065110] _poll_chat: data=False
[2026-07-13T03:56:29.752816] _poll_chat: data=False
[2026-07-13T03:56:30.034155] _poll_commands: data=None, paused=False
[2026-07-13T03:56:30.257185] _poll_chat: data=False
[2026-07-13T03:56:30.938065] _poll_chat: data=False
[2026-07-13T03:56:31.024085] _poll_commands: data={'1d4b5dfd6fa546eabf7b0fceccec629b': {'command': '.scan', 'id': 'd5edcd97c5074036b664d11dcfd8fc70', 'timestamp': '2026-07-13T03:50:20', 'type': 'rift_command'}, '270fa59f99ec4a42a5e88780f93a2708': {'command': '.scan', 'id': 'a80d55a0534345c6b961fd23281ec924', 'timestamp': '2026-07-13T03:51:10', 'type': 'rift_command'}, 'f3ca26254f6143a7bc480159171476ca': {'command': '.vision', 'id': 'e4ed75597ff54024a9be2f40a2f5ae79', 'timestamp': '2026-07-13T03:50:50', 'type': 'rift_command'}}, paused=False
[2026-07-13T03:56:31.449437] _poll_chat: data=False
[2026-07-13T03:56:32.122878] _poll_chat: data=False
[2026-07-13T03:56:32.224807] _poll_commands: data=None, paused=False
[2026-07-13T03:56:33.017313] _poll_chat: data=False
[2026-07-13T03:56:33.212949] _poll_commands: data={'1d4b5dfd6fa546eabf7b0fceccec629b': {'command': '.scan', 'id': 'd5edcd97c5074036b664d11dcfd8fc70', 'timestamp': '2026-07-13T03:50:20', 'type': 'rift_command'}, '270fa59f99ec4a42a5e88780f93a2708': {'command': '.scan', 'id': 'a80d55a0534345c6b961fd23281ec924', 'timestamp': '2026-07-13T03:51:10', 'type': 'rift_command'}, 'f3ca26254f6143a7bc480159171476ca': {'command': '.vision', 'id': 'e4ed75597ff54024a9be2f40a2f5ae79', 'timestamp': '2026-07-13T03:50:50', 'type': 'rift_command'}}, paused=False
[2026-07-13T03:56:33.314920] _poll_chat: data=False
[2026-07-13T03:56:34.206160] _poll_chat: data=False
[2026-07-13T03:56:34.413084] _poll_commands: data=None, paused=False
[2026-07-13T03:56:34.502476] _poll_chat: data=False
[2026-07-13T03:56:35.394812] _poll_chat: data=False
[2026-07-13T03:56:35.403604] _poll_commands: data={'1d4b5dfd6fa546eabf7b0fceccec629b': {'command': '.scan', 'id': 'd5edcd97c5074036b664d11dcfd8fc70', 'timestamp': '2026-07-13T03:50:20', 'type': 'rift_command'}, '270fa59f99ec4a42a5e88780f93a2708': {'command': '.scan', 'id': 'a80d55a0534345c6b961fd23281ec924', 'timestamp': '2026-07-13T03:51:10', 'type': 'rift_command'}, 'f3ca26254f6143a7bc480159171476ca': {'command': '.vision', 'id': 'e4ed75597ff54024a9be2f40a2f5ae79', 'timestamp': '2026-07-13T03:50:50', 'type': 'rift_command'}}, paused=False
[2026-07-13T03:56:35.690907] _poll_chat: data=False
[2026-07-13T03:56:36.579851] _poll_chat: data=False
[2026-07-13T03:56:36.603946] _poll_commands: data=None, paused=False
[2026-07-13T03:56:36.878121] _poll_chat: data=False
[2026-07-13T03:56:37.594058] _poll_commands: data={'1d4b5dfd6fa546eabf7b0fceccec629b': {'command': '.scan', 'id': 'd5edcd97c5074036b664d11dcfd8fc70', 'timestamp': '2026-07-13T03:50:20', 'type': 'rift_command'}, '270fa59f99ec4a42a5e88780f93a2708': {'command': '.scan', 'id': 'a80d55a0534345c6b961fd23281ec924', 'timestamp': '2026-07-13T03:51:10', 'type': 'rift_command'}, 'f3ca26254f6143a7bc480159171476ca': {'command': '.vision', 'id': 'e4ed75597ff54024a9be2f40a2f5ae79', 'timestamp': '2026-07-13T03:50:50', 'type': 'rift_command'}}, paused=False
[2026-07-13T03:56:37.768284] _poll_chat: data=False
[2026-07-13T03:56:38.067175] _poll_chat: data=False
[2026-07-13T03:56:38.800193] _poll_commands: data=None, paused=False
[2026-07-13T03:56:38.958154] _poll_chat: data=False
[2026-07-13T03:56:39.250341] _poll_chat: data=False
[2026-07-13T03:56:39.788738] _poll_commands: data={'1d4b5dfd6fa546eabf7b0fceccec629b': {'command': '.scan', 'id': 'd5edcd97c5074036b664d11dcfd8fc70', 'timestamp': '2026-07-13T03:50:20', 'type': 'rift_command'}, '270fa59f99ec4a42a5e88780f93a2708': {'command': '.scan', 'id': 'a80d55a0534345c6b961fd23281ec924', 'timestamp': '2026-07-13T03:51:10', 'type': 'rift_command'}, 'f3ca26254f6143a7bc480159171476ca': {'command': '.vision', 'id': 'e4ed75597ff54024a9be2f40a2f5ae79', 'timestamp': '2026-07-13T03:50:50', 'type': 'rift_command'}}, paused=False
[2026-07-13T03:56:40.146348] _poll_chat: data=False
[2026-07-13T03:56:40.438532] _poll_chat: data=False
[2026-07-13T03:56:40.993927] _poll_commands: data=None, paused=False
[2026-07-13T03:56:41.336305] _poll_chat: data=False
[2026-07-13T03:56:41.623281] _poll_chat: data=False
[2026-07-13T03:56:41.984371] _poll_commands: data={'1d4b5dfd6fa546eabf7b0fceccec629b': {'command': '.scan', 'id': 'd5edcd97c5074036b664d11dcfd8fc70', 'timestamp': '2026-07-13T03:50:20', 'type': 'rift_command'}, '270fa59f99ec4a42a5e88780f93a2708': {'command': '.scan', 'id': 'a80d55a0534345c6b961fd23281ec924', 'timestamp': '2026-07-13T03:51:10', 'type': 'rift_command'}, 'f3ca26254f6143a7bc480159171476ca': {'command': '.vision', 'id': 'e4ed75597ff54024a9be2f40a2f5ae79', 'timestamp': '2026-07-13T03:50:50', 'type': 'rift_command'}}, paused=False
[2026-07-13T03:56:42.525506] _poll_chat: data=False
[2026-07-13T03:56:42.812178] _poll_chat: data=False
[2026-07-13T03:56:43.185536] _poll_commands: data=None, paused=False
[2026-07-13T03:56:43.714675] _poll_chat: data=False
[2026-07-13T03:56:44.001674] _poll_chat: data=False
[2026-07-13T03:56:44.175655] _poll_commands: data={'1d4b5dfd6fa546eabf7b0fceccec629b': {'command': '.scan', 'id': 'd5edcd97c5074036b664d11dcfd8fc70', 'timestamp': '2026-07-13T03:50:20', 'type': 'rift_command'}, '270fa59f99ec4a42a5e88780f93a2708': {'command': '.scan', 'id': 'a80d55a0534345c6b961fd23281ec924', 'timestamp': '2026-07-13T03:51:10', 'type': 'rift_command'}, 'f3ca26254f6143a7bc480159171476ca': {'command': '.vision', 'id': 'e4ed75597ff54024a9be2f40a2f5ae79', 'timestamp': '2026-07-13T03:50:50', 'type': 'rift_command'}}, paused=False
[2026-07-13T03:56:44.905846] _poll_chat: data=False
[2026-07-13T03:56:45.193011] _poll_chat: data=False
[2026-07-13T03:56:45.376885] _poll_commands: data=None, paused=False
[2026-07-13T03:56:46.098488] _poll_chat: data=False
[2026-07-13T03:56:46.369197] _poll_commands: data={'1d4b5dfd6fa546eabf7b0fceccec629b': {'command': '.scan', 'id': 'd5edcd97c5074036b664d11dcfd8fc70', 'timestamp': '2026-07-13T03:50:20', 'type': 'rift_command'}, '270fa59f99ec4a42a5e88780f93a2708': {'command': '.scan', 'id': 'a80d55a0534345c6b961fd23281ec924', 'timestamp': '2026-07-13T03:51:10', 'type': 'rift_command'}, 'f3ca26254f6143a7bc480159171476ca': {'command': '.vision', 'id': 'e4ed75597ff54024a9be2f40a2f5ae79', 'timestamp': '2026-07-13T03:50:50', 'type': 'rift_command'}}, paused=False
[2026-07-13T03:56:46.378642] _poll_chat: data=False
[2026-07-13T03:56:47.293074] _poll_chat: data=False
[2026-07-13T03:56:47.565015] _poll_chat: data=False
[2026-07-13T03:56:47.568922] _poll_commands: data=None, paused=False
[2026-07-13T03:56:48.482007] _poll_chat: data=False
[2026-07-13T03:56:48.566434] _poll_commands: data={'1d4b5dfd6fa546eabf7b0fceccec629b': {'command': '.scan', 'id': 'd5edcd97c5074036b664d11dcfd8fc70', 'timestamp': '2026-07-13T03:50:20', 'type': 'rift_command'}, '270fa59f99ec4a42a5e88780f93a2708': {'command': '.scan', 'id': 'a80d55a0534345c6b961fd23281ec924', 'timestamp': '2026-07-13T03:51:10', 'type': 'rift_command'}, 'f3ca26254f6143a7bc480159171476ca': {'command': '.vision', 'id': 'e4ed75597ff54024a9be2f40a2f5ae79', 'timestamp': '2026-07-13T03:50:50', 'type': 'rift_command'}}, paused=False
[2026-07-13T03:56:48.753578] _poll_chat: data=False
[2026-07-13T03:56:49.673204] _poll_chat: data=False
[2026-07-13T03:56:49.769179] _poll_commands: data=None, paused=False
[2026-07-13T03:56:49.941183] _poll_chat: data=False
[2026-07-13T03:56:50.757399] _poll_commands: data={'1d4b5dfd6fa546eabf7b0fceccec629b': {'command': '.scan', 'id': 'd5edcd97c5074036b664d11dcfd8fc70', 'timestamp': '2026-07-13T03:50:20', 'type': 'rift_command'}, '270fa59f99ec4a42a5e88780f93a2708': {'command': '.scan', 'id': 'a80d55a0534345c6b961fd23281ec924', 'timestamp': '2026-07-13T03:51:10', 'type': 'rift_command'}, 'f3ca26254f6143a7bc480159171476ca': {'command': '.vision', 'id': 'e4ed75597ff54024a9be2f40a2f5ae79', 'timestamp': '2026-07-13T03:50:50', 'type': 'rift_command'}}, paused=False
[2026-07-13T03:56:50.865301] _poll_chat: data=False
[2026-07-13T03:56:51.130620] _poll_chat: data=False
[2026-07-13T03:56:51.963484] _poll_commands: data=None, paused=False
[2026-07-13T03:56:52.054632] _poll_chat: data=False
[2026-07-13T03:56:52.312305] _poll_chat: data=False
[2026-07-13T03:56:52.951291] _poll_commands: data={'1d4b5dfd6fa546eabf7b0fceccec629b': {'command': '.scan', 'id': 'd5edcd97c5074036b664d11dcfd8fc70', 'timestamp': '2026-07-13T03:50:20', 'type': 'rift_command'}, '270fa59f99ec4a42a5e88780f93a2708': {'command': '.scan', 'id': 'a80d55a0534345c6b961fd23281ec924', 'timestamp': '2026-07-13T03:51:10', 'type': 'rift_command'}, 'f3ca26254f6143a7bc480159171476ca': {'command': '.vision', 'id': 'e4ed75597ff54024a9be2f40a2f5ae79', 'timestamp': '2026-07-13T03:50:50', 'type': 'rift_command'}}, paused=False
[2026-07-13T03:56:53.240206] _poll_chat: data=False
[2026-07-13T03:56:53.499938] _poll_chat: data=False
[2026-07-13T03:56:54.148967] _poll_commands: data=None, paused=False
[2026-07-13T03:56:54.424791] _poll_chat: data=False
[2026-07-13T03:56:54.685951] _poll_chat: data=False
[2026-07-13T03:56:55.143973] _poll_commands: data={'1d4b5dfd6fa546eabf7b0fceccec629b': {'command': '.scan', 'id': 'd5edcd97c5074036b664d11dcfd8fc70', 'timestamp': '2026-07-13T03:50:20', 'type': 'rift_command'}, '270fa59f99ec4a42a5e88780f93a2708': {'command': '.scan', 'id': 'a80d55a0534345c6b961fd23281ec924', 'timestamp': '2026-07-13T03:51:10', 'type': 'rift_command'}, 'f3ca26254f6143a7bc480159171476ca': {'command': '.vision', 'id': 'e4ed75597ff54024a9be2f40a2f5ae79', 'timestamp': '2026-07-13T03:50:50', 'type': 'rift_command'}}, paused=False
[2026-07-13T03:56:55.611424] _poll_chat: data=False
[2026-07-13T03:56:55.868844] _poll_chat: data=False
[2026-07-13T03:56:56.346839] _poll_commands: data=None, paused=False
[2026-07-13T03:56:56.803532] _poll_chat: data=False
[2026-07-13T03:56:57.056042] _poll_chat: data=False
[2026-07-13T03:56:57.334383] _poll_commands: data={'1d4b5dfd6fa546eabf7b0fceccec629b': {'command': '.scan', 'id': 'd5edcd97c5074036b664d11dcfd8fc70', 'timestamp': '2026-07-13T03:50:20', 'type': 'rift_command'}, '270fa59f99ec4a42a5e88780f93a2708': {'command': '.scan', 'id': 'a80d55a0534345c6b961fd23281ec924', 'timestamp': '2026-07-13T03:51:10', 'type': 'rift_command'}, 'f3ca26254f6143a7bc480159171476ca': {'command': '.vision', 'id': 'e4ed75597ff54024a9be2f40a2f5ae79', 'timestamp': '2026-07-13T03:50:50', 'type': 'rift_command'}}, paused=False
[2026-07-13T03:56:57.994640] _poll_chat: data=False
[2026-07-13T03:56:58.250838] _poll_chat: data=False
[2026-07-13T03:56:58.535570] _poll_commands: data=None, paused=False
[2026-07-13T03:56:59.181480] _poll_chat: data=False
[2026-07-13T03:56:59.436115] _poll_chat: data=False
[2026-07-13T03:56:59.526856] _poll_commands: data={'1d4b5dfd6fa546eabf7b0fceccec629b': {'command': '.scan', 'id': 'd5edcd97c5074036b664d11dcfd8fc70', 'timestamp': '2026-07-13T03:50:20', 'type': 'rift_command'}, '270fa59f99ec4a42a5e88780f93a2708': {'command': '.scan', 'id': 'a80d55a0534345c6b961fd23281ec924', 'timestamp': '2026-07-13T03:51:10', 'type': 'rift_command'}, 'f3ca26254f6143a7bc480159171476ca': {'command': '.vision', 'id': 'e4ed75597ff54024a9be2f40a2f5ae79', 'timestamp': '2026-07-13T03:50:50', 'type': 'rift_command'}}, paused=False
[2026-07-13T03:57:00.369694] _poll_chat: data=False
[2026-07-13T03:57:00.626639] _poll_chat: data=False
[2026-07-13T03:57:00.727141] _poll_commands: data=None, paused=False
[2026-07-13T03:57:01.560394] _poll_chat: data=False
[2026-07-13T03:57:01.722816] _poll_commands: data={'1d4b5dfd6fa546eabf7b0fceccec629b': {'command': '.scan', 'id': 'd5edcd97c5074036b664d11dcfd8fc70', 'timestamp': '2026-07-13T03:50:20', 'type': 'rift_command'}, '270fa59f99ec4a42a5e88780f93a2708': {'command': '.scan', 'id': 'a80d55a0534345c6b961fd23281ec924', 'timestamp': '2026-07-13T03:51:10', 'type': 'rift_command'}, 'f3ca26254f6143a7bc480159171476ca': {'command': '.vision', 'id': 'e4ed75597ff54024a9be2f40a2f5ae79', 'timestamp': '2026-07-13T03:50:50', 'type': 'rift_command'}}, paused=False
[2026-07-13T03:57:01.815137] _poll_chat: data=False
[2026-07-13T03:57:02.746113] _poll_chat: data=False
[2026-07-13T03:57:02.918655] _poll_commands: data=None, paused=False
[2026-07-13T03:57:03.004551] _poll_chat: data=False
[2026-07-13T03:57:03.917200] _poll_commands: data={'1d4b5dfd6fa546eabf7b0fceccec629b': {'command': '.scan', 'id': 'd5edcd97c5074036b664d11dcfd8fc70', 'timestamp': '2026-07-13T03:50:20', 'type': 'rift_command'}, '270fa59f99ec4a42a5e88780f93a2708': {'command': '.scan', 'id': 'a80d55a0534345c6b961fd23281ec924', 'timestamp': '2026-07-13T03:51:10', 'type': 'rift_command'}, 'f3ca26254f6143a7bc480159171476ca': {'command': '.vision', 'id': 'e4ed75597ff54024a9be2f40a2f5ae79', 'timestamp': '2026-07-13T03:50:50', 'type': 'rift_command'}}, paused=False
[2026-07-13T03:57:03.936121] _poll_chat: data=False
[2026-07-13T03:57:04.194598] _poll_chat: data=False
[2026-07-13T03:57:05.114791] _poll_commands: data=None, paused=False
[2026-07-13T03:57:05.121118] _poll_chat: data=False
[2026-07-13T03:57:05.386613] _poll_chat: data=False
[2026-07-13T03:57:06.113548] _poll_commands: data={'1d4b5dfd6fa546eabf7b0fceccec629b': {'command': '.scan', 'id': 'd5edcd97c5074036b664d11dcfd8fc70', 'timestamp': '2026-07-13T03:50:20', 'type': 'rift_command'}, '270fa59f99ec4a42a5e88780f93a2708': {'command': '.scan', 'id': 'a80d55a0534345c6b961fd23281ec924', 'timestamp': '2026-07-13T03:51:10', 'type': 'rift_command'}, 'f3ca26254f6143a7bc480159171476ca': {'command': '.vision', 'id': 'e4ed75597ff54024a9be2f40a2f5ae79', 'timestamp': '2026-07-13T03:50:50', 'type': 'rift_command'}}, paused=False
[2026-07-13T03:57:06.305041] _poll_chat: data=False
[2026-07-13T03:57:06.570809] _poll_chat: data=False
[2026-07-13T03:57:07.314988] _poll_commands: data=None, paused=False
[2026-07-13T03:57:07.495167] _poll_chat: data=False
[2026-07-13T03:57:07.758515] _poll_chat: data=False
[2026-07-13T03:57:08.304193] _poll_commands: data={'1d4b5dfd6fa546eabf7b0fceccec629b': {'command': '.scan', 'id': 'd5edcd97c5074036b664d11dcfd8fc70', 'timestamp': '2026-07-13T03:50:20', 'type': 'rift_command'}, '270fa59f99ec4a42a5e88780f93a2708': {'command': '.scan', 'id': 'a80d55a0534345c6b961fd23281ec924', 'timestamp': '2026-07-13T03:51:10', 'type': 'rift_command'}, 'f3ca26254f6143a7bc480159171476ca': {'command': '.vision', 'id': 'e4ed75597ff54024a9be2f40a2f5ae79', 'timestamp': '2026-07-13T03:50:50', 'type': 'rift_command'}}, paused=False
[2026-07-13T03:57:08.682836] _poll_chat: data=False
[2026-07-13T03:57:08.947739] _poll_chat: data=False
[2026-07-13T03:57:09.513231] _poll_commands: data=None, paused=False
[2026-07-13T03:57:09.874593] _poll_chat: data=False
[2026-07-13T03:57:10.135995] _poll_chat: data=False
[2026-07-13T03:57:10.495973] _poll_commands: data={'1d4b5dfd6fa546eabf7b0fceccec629b': {'command': '.scan', 'id': 'd5edcd97c5074036b664d11dcfd8fc70', 'timestamp': '2026-07-13T03:50:20', 'type': 'rift_command'}, '270fa59f99ec4a42a5e88780f93a2708': {'command': '.scan', 'id': 'a80d55a0534345c6b961fd23281ec924', 'timestamp': '2026-07-13T03:51:10', 'type': 'rift_command'}, 'f3ca26254f6143a7bc480159171476ca': {'command': '.vision', 'id': 'e4ed75597ff54024a9be2f40a2f5ae79', 'timestamp': '2026-07-13T03:50:50', 'type': 'rift_command'}}, paused=False
[2026-07-13T03:57:11.062110] _poll_chat: data=False
[2026-07-13T03:57:11.321335] _poll_chat: data=False
[2026-07-13T03:57:11.701873] _poll_commands: data=None, paused=False
[2026-07-13T03:57:12.257688] _poll_chat: data=False
[2026-07-13T03:57:12.511945] _poll_chat: data=False
[2026-07-13T03:57:12.688851] _poll_commands: data={'1d4b5dfd6fa546eabf7b0fceccec629b': {'command': '.scan', 'id': 'd5edcd97c5074036b664d11dcfd8fc70', 'timestamp': '2026-07-13T03:50:20', 'type': 'rift_command'}, '270fa59f99ec4a42a5e88780f93a2708': {'command': '.scan', 'id': 'a80d55a0534345c6b961fd23281ec924', 'timestamp': '2026-07-13T03:51:10', 'type': 'rift_command'}, 'f3ca26254f6143a7bc480159171476ca': {'command': '.vision', 'id': 'e4ed75597ff54024a9be2f40a2f5ae79', 'timestamp': '2026-07-13T03:50:50', 'type': 'rift_command'}}, paused=False
[2026-07-13T03:57:13.444881] _poll_chat: data=False
[2026-07-13T03:57:13.697198] _poll_chat: data=False
[2026-07-13T03:57:13.896003] _poll_commands: data=None, paused=False
[2026-07-13T03:57:14.630019] _poll_chat: data=False
[2026-07-13T03:57:14.879643] _poll_commands: data={'1d4b5dfd6fa546eabf7b0fceccec629b': {'command': '.scan', 'id': 'd5edcd97c5074036b664d11dcfd8fc70', 'timestamp': '2026-07-13T03:50:20', 'type': 'rift_command'}, '270fa59f99ec4a42a5e88780f93a2708': {'command': '.scan', 'id': 'a80d55a0534345c6b961fd23281ec924', 'timestamp': '2026-07-13T03:51:10', 'type': 'rift_command'}, 'f3ca26254f6143a7bc480159171476ca': {'command': '.vision', 'id': 'e4ed75597ff54024a9be2f40a2f5ae79', 'timestamp': '2026-07-13T03:50:50', 'type': 'rift_command'}}, paused=False
[2026-07-13T03:57:14.884204] _poll_chat: data=False
[2026-07-13T03:57:15.819881] _poll_chat: data=False
[2026-07-13T03:57:16.070029] _poll_chat: data=False
[2026-07-13T03:57:16.089294] _poll_commands: data=None, paused=False
[2026-07-13T03:57:17.009621] _poll_chat: data=False
[2026-07-13T03:57:17.073762] _poll_commands: data={'1d4b5dfd6fa546eabf7b0fceccec629b': {'command': '.scan', 'id': 'd5edcd97c5074036b664d11dcfd8fc70', 'timestamp': '2026-07-13T03:50:20', 'type': 'rift_command'}, '270fa59f99ec4a42a5e88780f93a2708': {'command': '.scan', 'id': 'a80d55a0534345c6b961fd23281ec924', 'timestamp': '2026-07-13T03:51:10', 'type': 'rift_command'}, 'f3ca26254f6143a7bc480159171476ca': {'command': '.vision', 'id': 'e4ed75597ff54024a9be2f40a2f5ae79', 'timestamp': '2026-07-13T03:50:50', 'type': 'rift_command'}}, paused=False
[2026-07-13T03:57:17.257000] _poll_chat: data=False
[2026-07-13T03:57:18.199043] _poll_chat: data=False
[2026-07-13T03:57:18.274847] _poll_commands: data=None, paused=False
[2026-07-13T03:57:18.443675] _poll_chat: data=False
[2026-07-13T03:57:19.263996] _poll_commands: data={'1d4b5dfd6fa546eabf7b0fceccec629b': {'command': '.scan', 'id': 'd5edcd97c5074036b664d11dcfd8fc70', 'timestamp': '2026-07-13T03:50:20', 'type': 'rift_command'}, '270fa59f99ec4a42a5e88780f93a2708': {'command': '.scan', 'id': 'a80d55a0534345c6b961fd23281ec924', 'timestamp': '2026-07-13T03:51:10', 'type': 'rift_command'}, 'f3ca26254f6143a7bc480159171476ca': {'command': '.vision', 'id': 'e4ed75597ff54024a9be2f40a2f5ae79', 'timestamp': '2026-07-13T03:50:50', 'type': 'rift_command'}}, paused=False
[2026-07-13T03:57:19.389308] _poll_chat: data=False
[2026-07-13T03:57:19.630516] _poll_chat: data=False
[2026-07-13T03:57:20.471473] _poll_commands: data=None, paused=False
[2026-07-13T03:57:20.576772] _poll_chat: data=False
[2026-07-13T03:57:20.810688] _poll_chat: data=False
[2026-07-13T03:57:21.457299] _poll_commands: data={'1d4b5dfd6fa546eabf7b0fceccec629b': {'command': '.scan', 'id': 'd5edcd97c5074036b664d11dcfd8fc70', 'timestamp': '2026-07-13T03:50:20', 'type': 'rift_command'}, '270fa59f99ec4a42a5e88780f93a2708': {'command': '.scan', 'id': 'a80d55a0534345c6b961fd23281ec924', 'timestamp': '2026-07-13T03:51:10', 'type': 'rift_command'}, 'f3ca26254f6143a7bc480159171476ca': {'command': '.vision', 'id': 'e4ed75597ff54024a9be2f40a2f5ae79', 'timestamp': '2026-07-13T03:50:50', 'type': 'rift_command'}}, paused=False
[2026-07-13T03:57:21.765806] _poll_chat: data=False
[2026-07-13T03:57:21.996377] _poll_chat: data=False
[2026-07-13T03:57:22.670490] _poll_commands: data=None, paused=False
[2026-07-13T03:57:22.951040] _poll_chat: data=False
[2026-07-13T03:57:23.185059] _poll_chat: data=False
[2026-07-13T03:57:23.649756] _poll_commands: data={'1d4b5dfd6fa546eabf7b0fceccec629b': {'command': '.scan', 'id': 'd5edcd97c5074036b664d11dcfd8fc70', 'timestamp': '2026-07-13T03:50:20', 'type': 'rift_command'}, '270fa59f99ec4a42a5e88780f93a2708': {'command': '.scan', 'id': 'a80d55a0534345c6b961fd23281ec924', 'timestamp': '2026-07-13T03:51:10', 'type': 'rift_command'}, 'f3ca26254f6143a7bc480159171476ca': {'command': '.vision', 'id': 'e4ed75597ff54024a9be2f40a2f5ae79', 'timestamp': '2026-07-13T03:50:50', 'type': 'rift_command'}}, paused=False
[2026-07-13T03:57:24.145854] _poll_chat: data=False
[2026-07-13T03:57:24.375421] _poll_chat: data=False
[2026-07-13T03:57:24.864860] _poll_commands: data=None, paused=False
[2026-07-13T03:57:25.333858] _poll_chat: data=False
[2026-07-13T03:57:25.569127] _poll_chat: data=False
[2026-07-13T03:57:25.845493] _poll_commands: data={'1d4b5dfd6fa546eabf7b0fceccec629b': {'command': '.scan', 'id': 'd5edcd97c5074036b664d11dcfd8fc70', 'timestamp': '2026-07-13T03:50:20', 'type': 'rift_command'}, '270fa59f99ec4a42a5e88780f93a2708': {'command': '.scan', 'id': 'a80d55a0534345c6b961fd23281ec924', 'timestamp': '2026-07-13T03:51:10', 'type': 'rift_command'}, 'f3ca26254f6143a7bc480159171476ca': {'command': '.vision', 'id': 'e4ed75597ff54024a9be2f40a2f5ae79', 'timestamp': '2026-07-13T03:50:50', 'type': 'rift_command'}}, paused=False
[2026-07-13T03:57:26.523188] _poll_chat: data=False
[2026-07-13T03:57:26.754450] _poll_chat: data=False
[2026-07-13T03:57:27.054656] _poll_commands: data=None, paused=False
[2026-07-13T03:57:27.714439] _poll_chat: data=False
[2026-07-13T03:57:27.945145] _poll_chat: data=False
[2026-07-13T03:57:28.037258] _poll_commands: data={'1d4b5dfd6fa546eabf7b0fceccec629b': {'command': '.scan', 'id': 'd5edcd97c5074036b664d11dcfd8fc70', 'timestamp': '2026-07-13T03:50:20', 'type': 'rift_command'}, '270fa59f99ec4a42a5e88780f93a2708': {'command': '.scan', 'id': 'a80d55a0534345c6b961fd23281ec924', 'timestamp': '2026-07-13T03:51:10', 'type': 'rift_command'}, 'f3ca26254f6143a7bc480159171476ca': {'command': '.vision', 'id': 'e4ed75597ff54024a9be2f40a2f5ae79', 'timestamp': '2026-07-13T03:50:50', 'type': 'rift_command'}}, paused=False
[2026-07-13T03:57:28.899539] _poll_chat: data=False
[2026-07-13T03:57:29.132193] _poll_chat: data=False
[2026-07-13T03:57:29.246073] _poll_commands: data=None, paused=False
[2026-07-13T03:57:30.087506] _poll_chat: data=False
[2026-07-13T03:57:30.225099] _poll_commands: data={'1d4b5dfd6fa546eabf7b0fceccec629b': {'command': '.scan', 'id': 'd5edcd97c5074036b664d11dcfd8fc70', 'timestamp': '2026-07-13T03:50:20', 'type': 'rift_command'}, '270fa59f99ec4a42a5e88780f93a2708': {'command': '.scan', 'id': 'a80d55a0534345c6b961fd23281ec924', 'timestamp': '2026-07-13T03:51:10', 'type': 'rift_command'}, 'f3ca26254f6143a7bc480159171476ca': {'command': '.vision', 'id': 'e4ed75597ff54024a9be2f40a2f5ae79', 'timestamp': '2026-07-13T03:50:50', 'type': 'rift_command'}}, paused=False
[2026-07-13T03:57:30.323001] _poll_chat: data=False
[2026-07-13T03:57:31.273787] _poll_chat: data=False
[2026-07-13T03:57:31.435349] _poll_commands: data=None, paused=False
[2026-07-13T03:57:31.514578] _poll_chat: data=False
[2026-07-13T03:57:32.424749] _poll_commands: data={'1d4b5dfd6fa546eabf7b0fceccec629b': {'command': '.scan', 'id': 'd5edcd97c5074036b664d11dcfd8fc70', 'timestamp': '2026-07-13T03:50:20', 'type': 'rift_command'}, '270fa59f99ec4a42a5e88780f93a2708': {'command': '.scan', 'id': 'a80d55a0534345c6b961fd23281ec924', 'timestamp': '2026-07-13T03:51:10', 'type': 'rift_command'}, 'f3ca26254f6143a7bc480159171476ca': {'command': '.vision', 'id': 'e4ed75597ff54024a9be2f40a2f5ae79', 'timestamp': '2026-07-13T03:50:50', 'type': 'rift_command'}}, paused=False
[2026-07-13T03:57:32.466078] _poll_chat: data=False
[2026-07-13T03:57:32.699406] _poll_chat: data=False
[2026-07-13T03:57:33.627289] _poll_commands: data=None, paused=False
[2026-07-13T03:57:33.653573] _poll_chat: data=False
[2026-07-13T03:57:33.888062] _poll_chat: data=False
[2026-07-13T03:57:34.620999] _poll_commands: data={'1d4b5dfd6fa546eabf7b0fceccec629b': {'command': '.scan', 'id': 'd5edcd97c5074036b664d11dcfd8fc70', 'timestamp': '2026-07-13T03:50:20', 'type': 'rift_command'}, '270fa59f99ec4a42a5e88780f93a2708': {'command': '.scan', 'id': 'a80d55a0534345c6b961fd23281ec924', 'timestamp': '2026-07-13T03:51:10', 'type': 'rift_command'}, 'f3ca26254f6143a7bc480159171476ca': {'command': '.vision', 'id': 'e4ed75597ff54024a9be2f40a2f5ae79', 'timestamp': '2026-07-13T03:50:50', 'type': 'rift_command'}}, paused=False
[2026-07-13T03:57:34.848682] _poll_chat: data=False
[2026-07-13T03:57:35.074906] _poll_chat: data=False
[2026-07-13T03:57:35.819562] _poll_commands: data=None, paused=False
[2026-07-13T03:57:36.039072] _poll_chat: data=False
[2026-07-13T03:57:36.266838] _poll_chat: data=False
[2026-07-13T03:57:36.811018] _poll_commands: data={'1d4b5dfd6fa546eabf7b0fceccec629b': {'command': '.scan', 'id': 'd5edcd97c5074036b664d11dcfd8fc70', 'timestamp': '2026-07-13T03:50:20', 'type': 'rift_command'}, '270fa59f99ec4a42a5e88780f93a2708': {'command': '.scan', 'id': 'a80d55a0534345c6b961fd23281ec924', 'timestamp': '2026-07-13T03:51:10', 'type': 'rift_command'}, 'f3ca26254f6143a7bc480159171476ca': {'command': '.vision', 'id': 'e4ed75597ff54024a9be2f40a2f5ae79', 'timestamp': '2026-07-13T03:50:50', 'type': 'rift_command'}}, paused=False
[2026-07-13T03:57:37.232254] _poll_chat: data=False
[2026-07-13T03:57:37.457637] _poll_chat: data=False
[2026-07-13T03:57:38.007407] _poll_commands: data=None, paused=False
[2026-07-13T03:57:38.422716] _poll_chat: data=False
[2026-07-13T03:57:38.638595] _poll_chat: data=False
[2026-07-13T03:57:39.003453] _poll_commands: data={'1d4b5dfd6fa546eabf7b0fceccec629b': {'command': '.scan', 'id': 'd5edcd97c5074036b664d11dcfd8fc70', 'timestamp': '2026-07-13T03:50:20', 'type': 'rift_command'}, '270fa59f99ec4a42a5e88780f93a2708': {'command': '.scan', 'id': 'a80d55a0534345c6b961fd23281ec924', 'timestamp': '2026-07-13T03:51:10', 'type': 'rift_command'}, 'f3ca26254f6143a7bc480159171476ca': {'command': '.vision', 'id': 'e4ed75597ff54024a9be2f40a2f5ae79', 'timestamp': '2026-07-13T03:50:50', 'type': 'rift_command'}}, paused=False
[2026-07-13T03:57:39.608977] _poll_chat: data=False
[2026-07-13T03:57:39.824094] _poll_chat: data=False
[2026-07-13T03:57:40.199154] _poll_commands: data=None, paused=False
[2026-07-13T03:57:40.800272] _poll_chat: data=False
[2026-07-13T03:57:41.010299] _poll_chat: data=False
[2026-07-13T03:57:41.203955] _poll_commands: data={'1d4b5dfd6fa546eabf7b0fceccec629b': {'command': '.scan', 'id': 'd5edcd97c5074036b664d11dcfd8fc70', 'timestamp': '2026-07-13T03:50:20', 'type': 'rift_command'}, '270fa59f99ec4a42a5e88780f93a2708': {'command': '.scan', 'id': 'a80d55a0534345c6b961fd23281ec924', 'timestamp': '2026-07-13T03:51:10', 'type': 'rift_command'}, 'f3ca26254f6143a7bc480159171476ca': {'command': '.vision', 'id': 'e4ed75597ff54024a9be2f40a2f5ae79', 'timestamp': '2026-07-13T03:50:50', 'type': 'rift_command'}}, paused=False
[2026-07-13T03:57:41.995139] _poll_chat: data=False
[2026-07-13T03:57:42.198713] _poll_chat: data=False
[2026-07-13T03:57:42.393594] _poll_commands: data=None, paused=False
[2026-07-13T03:57:43.187955] _poll_chat: data=False
[2026-07-13T03:57:43.381983] _poll_chat: data=False
[2026-07-13T03:57:43.397843] _poll_commands: data={'1d4b5dfd6fa546eabf7b0fceccec629b': {'command': '.scan', 'id': 'd5edcd97c5074036b664d11dcfd8fc70', 'timestamp': '2026-07-13T03:50:20', 'type': 'rift_command'}, '270fa59f99ec4a42a5e88780f93a2708': {'command': '.scan', 'id': 'a80d55a0534345c6b961fd23281ec924', 'timestamp': '2026-07-13T03:51:10', 'type': 'rift_command'}, 'f3ca26254f6143a7bc480159171476ca': {'command': '.vision', 'id': 'e4ed75597ff54024a9be2f40a2f5ae79', 'timestamp': '2026-07-13T03:50:50', 'type': 'rift_command'}}, paused=False
[2026-07-13T03:57:44.380220] _poll_chat: data=False
[2026-07-13T03:57:44.570006] _poll_chat: data=False
[2026-07-13T03:57:44.578205] _poll_commands: data=None, paused=False
[2026-07-13T03:57:45.568944] _poll_chat: data=False
[2026-07-13T03:57:45.588155] _poll_commands: data={'1d4b5dfd6fa546eabf7b0fceccec629b': {'command': '.scan', 'id': 'd5edcd97c5074036b664d11dcfd8fc70', 'timestamp': '2026-07-13T03:50:20', 'type': 'rift_command'}, '270fa59f99ec4a42a5e88780f93a2708': {'command': '.scan', 'id': 'a80d55a0534345c6b961fd23281ec924', 'timestamp': '2026-07-13T03:51:10', 'type': 'rift_command'}, 'f3ca26254f6143a7bc480159171476ca': {'command': '.vision', 'id': 'e4ed75597ff54024a9be2f40a2f5ae79', 'timestamp': '2026-07-13T03:50:50', 'type': 'rift_command'}}, paused=False
[2026-07-13T03:57:45.757274] _poll_chat: data=False
[2026-07-13T03:57:46.762836] _poll_chat: data=False
[2026-07-13T03:57:46.771611] _poll_commands: data=None, paused=False
[2026-07-13T03:57:46.947480] _poll_chat: data=False
[2026-07-13T03:57:47.780353] _poll_commands: data={'1d4b5dfd6fa546eabf7b0fceccec629b': {'command': '.scan', 'id': 'd5edcd97c5074036b664d11dcfd8fc70', 'timestamp': '2026-07-13T03:50:20', 'type': 'rift_command'}, '270fa59f99ec4a42a5e88780f93a2708': {'command': '.scan', 'id': 'a80d55a0534345c6b961fd23281ec924', 'timestamp': '2026-07-13T03:51:10', 'type': 'rift_command'}, 'f3ca26254f6143a7bc480159171476ca': {'command': '.vision', 'id': 'e4ed75597ff54024a9be2f40a2f5ae79', 'timestamp': '2026-07-13T03:50:50', 'type': 'rift_command'}}, paused=False
[2026-07-13T03:57:47.955067] _poll_chat: data=False
[2026-07-13T03:57:48.133967] _poll_chat: data=False
[2026-07-13T03:57:48.970829] _poll_commands: data={'707d7799b3dd4992917b629dd1d8d805': {'id': '5bf709f52af94c71851093520ac59c95', 'timestamp': '2026-07-13T03:55:00', 'type': 'force_close'}}, paused=False
[2026-07-13T03:57:48.971023] _poll_commands: new cmd id=5bf709f52af94c71851093520ac59c95 type=force_close
[2026-07-13T03:57:48.971408] _on_new_command: id=5bf709f52af94c71851093520ac59c95 type=force_close
[2026-07-13T03:57:49.142552] _poll_chat: data=False
[2026-07-13T03:57:49.154242] _on_new_command: ok=True, result=Closing Rift
[2026-07-13T03:57:49.320350] _poll_chat: data=False
[2026-07-13T03:57:49.973222] _poll_commands: data={'1d4b5dfd6fa546eabf7b0fceccec629b': {'command': '.scan', 'id': 'd5edcd97c5074036b664d11dcfd8fc70', 'timestamp': '2026-07-13T03:50:20', 'type': 'rift_command'}, '270fa59f99ec4a42a5e88780f93a2708': {'command': '.scan', 'id': 'a80d55a0534345c6b961fd23281ec924', 'timestamp': '2026-07-13T03:51:10', 'type': 'rift_command'}, 'f3ca26254f6143a7bc480159171476ca': {'command': '.vision', 'id': 'e4ed75597ff54024a9be2f40a2f5ae79', 'timestamp': '2026-07-13T03:50:50', 'type': 'rift_command'}}, paused=False
[2026-07-13T03:57:50.510866] _poll_chat: data=False
[2026-07-13T03:57:51.696564] _poll_chat: data=False
[2026-07-13T03:57:52.166226] _poll_commands: data={'1d4b5dfd6fa546eabf7b0fceccec629b': {'command': '.scan', 'id': 'd5edcd97c5074036b664d11dcfd8fc70', 'timestamp': '2026-07-13T03:50:20', 'type': 'rift_command'}, '270fa59f99ec4a42a5e88780f93a2708': {'command': '.scan', 'id': 'a80d55a0534345c6b961fd23281ec924', 'timestamp': '2026-07-13T03:51:10', 'type': 'rift_command'}, 'f3ca26254f6143a7bc480159171476ca': {'command': '.vision', 'id': 'e4ed75597ff54024a9be2f40a2f5ae79', 'timestamp': '2026-07-13T03:50:50', 'type': 'rift_command'}}, paused=False
[2026-07-13T03:57:52.885513] _poll_chat: data=False
[2026-07-13T03:57:54.069580] _poll_chat: data=False
[2026-07-13T03:57:54.357793] _poll_commands: data={'1d4b5dfd6fa546eabf7b0fceccec629b': {'command': '.scan', 'id': 'd5edcd97c5074036b664d11dcfd8fc70', 'timestamp': '2026-07-13T03:50:20', 'type': 'rift_command'}, '270fa59f99ec4a42a5e88780f93a2708': {'command': '.scan', 'id': 'a80d55a0534345c6b961fd23281ec924', 'timestamp': '2026-07-13T03:51:10', 'type': 'rift_command'}, 'f3ca26254f6143a7bc480159171476ca': {'command': '.vision', 'id': 'e4ed75597ff54024a9be2f40a2f5ae79', 'timestamp': '2026-07-13T03:50:50', 'type': 'rift_command'}}, paused=False
[2026-07-13T03:57:55.257300] _poll_chat: data=False
[2026-07-13T03:57:56.448066] _poll_chat: data=False
[2026-07-13T03:57:56.549446] _poll_commands: data={'1d4b5dfd6fa546eabf7b0fceccec629b': {'command': '.scan', 'id': 'd5edcd97c5074036b664d11dcfd8fc70', 'timestamp': '2026-07-13T03:50:20', 'type': 'rift_command'}, '270fa59f99ec4a42a5e88780f93a2708': {'command': '.scan', 'id': 'a80d55a0534345c6b961fd23281ec924', 'timestamp': '2026-07-13T03:51:10', 'type': 'rift_command'}, 'f3ca26254f6143a7bc480159171476ca': {'command': '.vision', 'id': 'e4ed75597ff54024a9be2f40a2f5ae79', 'timestamp': '2026-07-13T03:50:50', 'type': 'rift_command'}}, paused=False
[2026-07-13T03:57:57.637005] _poll_chat: data=False
[2026-07-13T03:57:58.743082] _poll_commands: data={'1d4b5dfd6fa546eabf7b0fceccec629b': {'command': '.scan', 'id': 'd5edcd97c5074036b664d11dcfd8fc70', 'timestamp': '2026-07-13T03:50:20', 'type': 'rift_command'}, '270fa59f99ec4a42a5e88780f93a2708': {'command': '.scan', 'id': 'a80d55a0534345c6b961fd23281ec924', 'timestamp': '2026-07-13T03:51:10', 'type': 'rift_command'}, 'f3ca26254f6143a7bc480159171476ca': {'command': '.vision', 'id': 'e4ed75597ff54024a9be2f40a2f5ae79', 'timestamp': '2026-07-13T03:50:50', 'type': 'rift_command'}}, paused=False
[2026-07-13T03:57:58.822257] _poll_chat: data=False
[2026-07-13T03:58:00.008299] _poll_chat: data=False
[2026-07-13T03:58:00.935822] _poll_commands: data={'1d4b5dfd6fa546eabf7b0fceccec629b': {'command': '.scan', 'id': 'd5edcd97c5074036b664d11dcfd8fc70', 'timestamp': '2026-07-13T03:50:20', 'type': 'rift_command'}, '270fa59f99ec4a42a5e88780f93a2708': {'command': '.scan', 'id': 'a80d55a0534345c6b961fd23281ec924', 'timestamp': '2026-07-13T03:51:10', 'type': 'rift_command'}, 'f3ca26254f6143a7bc480159171476ca': {'command': '.vision', 'id': 'e4ed75597ff54024a9be2f40a2f5ae79', 'timestamp': '2026-07-13T03:50:50', 'type': 'rift_command'}}, paused=False
[2026-07-13T03:58:01.201974] _poll_chat: data=False
[2026-07-13T03:58:02.391685] _poll_chat: data=False
[2026-07-13T03:58:03.129048] _poll_commands: data={'1d4b5dfd6fa546eabf7b0fceccec629b': {'command': '.scan', 'id': 'd5edcd97c5074036b664d11dcfd8fc70', 'timestamp': '2026-07-13T03:50:20', 'type': 'rift_command'}, '270fa59f99ec4a42a5e88780f93a2708': {'command': '.scan', 'id': 'a80d55a0534345c6b961fd23281ec924', 'timestamp': '2026-07-13T03:51:10', 'type': 'rift_command'}, 'f3ca26254f6143a7bc480159171476ca': {'command': '.vision', 'id': 'e4ed75597ff54024a9be2f40a2f5ae79', 'timestamp': '2026-07-13T03:50:50', 'type': 'rift_command'}}, paused=False
[2026-07-13T03:58:03.948097] _poll_chat: data=False
[2026-07-13T03:58:05.133489] _poll_chat: data=False
[2026-07-13T03:58:05.315469] _poll_commands: data={'1d4b5dfd6fa546eabf7b0fceccec629b': {'command': '.scan', 'id': 'd5edcd97c5074036b664d11dcfd8fc70', 'timestamp': '2026-07-13T03:50:20', 'type': 'rift_command'}, '270fa59f99ec4a42a5e88780f93a2708': {'command': '.scan', 'id': 'a80d55a0534345c6b961fd23281ec924', 'timestamp': '2026-07-13T03:51:10', 'type': 'rift_command'}, 'f3ca26254f6143a7bc480159171476ca': {'command': '.vision', 'id': 'e4ed75597ff54024a9be2f40a2f5ae79', 'timestamp': '2026-07-13T03:50:50', 'type': 'rift_command'}}, paused=False
[2026-07-13T03:58:06.315054] _poll_chat: data=False
[2026-07-13T03:58:07.506388] _poll_commands: data={'1d4b5dfd6fa546eabf7b0fceccec629b': {'command': '.scan', 'id': 'd5edcd97c5074036b664d11dcfd8fc70', 'timestamp': '2026-07-13T03:50:20', 'type': 'rift_command'}, '270fa59f99ec4a42a5e88780f93a2708': {'command': '.scan', 'id': 'a80d55a0534345c6b961fd23281ec924', 'timestamp': '2026-07-13T03:51:10', 'type': 'rift_command'}, 'f3ca26254f6143a7bc480159171476ca': {'command': '.vision', 'id': 'e4ed75597ff54024a9be2f40a2f5ae79', 'timestamp': '2026-07-13T03:50:50', 'type': 'rift_command'}}, paused=False
[2026-07-13T03:58:07.506983] _poll_chat: data=False
[2026-07-13T03:58:08.695258] _poll_chat: data=False
[2026-07-13T03:58:09.702024] _poll_commands: data={'1d4b5dfd6fa546eabf7b0fceccec629b': {'command': '.scan', 'id': 'd5edcd97c5074036b664d11dcfd8fc70', 'timestamp': '2026-07-13T03:50:20', 'type': 'rift_command'}, '270fa59f99ec4a42a5e88780f93a2708': {'command': '.scan', 'id': 'a80d55a0534345c6b961fd23281ec924', 'timestamp': '2026-07-13T03:51:10', 'type': 'rift_command'}, 'f3ca26254f6143a7bc480159171476ca': {'command': '.vision', 'id': 'e4ed75597ff54024a9be2f40a2f5ae79', 'timestamp': '2026-07-13T03:50:50', 'type': 'rift_command'}}, paused=False
[2026-07-13T03:58:09.881306] _poll_chat: data=False
[2026-07-13T03:58:11.070245] _poll_chat: data=False
[2026-07-13T03:58:11.898036] _poll_commands: data={'1d4b5dfd6fa546eabf7b0fceccec629b': {'command': '.scan', 'id': 'd5edcd97c5074036b664d11dcfd8fc70', 'timestamp': '2026-07-13T03:50:20', 'type': 'rift_command'}, '270fa59f99ec4a42a5e88780f93a2708': {'command': '.scan', 'id': 'a80d55a0534345c6b961fd23281ec924', 'timestamp': '2026-07-13T03:51:10', 'type': 'rift_command'}, 'f3ca26254f6143a7bc480159171476ca': {'command': '.vision', 'id': 'e4ed75597ff54024a9be2f40a2f5ae79', 'timestamp': '2026-07-13T03:50:50', 'type': 'rift_command'}}, paused=False
[2026-07-13T03:58:12.256243] _poll_chat: data=False
[2026-07-13T03:58:13.445803] _poll_chat: data=False
[2026-07-13T03:58:14.096394] _poll_commands: data={'1d4b5dfd6fa546eabf7b0fceccec629b': {'command': '.scan', 'id': 'd5edcd97c5074036b664d11dcfd8fc70', 'timestamp': '2026-07-13T03:50:20', 'type': 'rift_command'}, '270fa59f99ec4a42a5e88780f93a2708': {'command': '.scan', 'id': 'a80d55a0534345c6b961fd23281ec924', 'timestamp': '2026-07-13T03:51:10', 'type': 'rift_command'}, 'f3ca26254f6143a7bc480159171476ca': {'command': '.vision', 'id': 'e4ed75597ff54024a9be2f40a2f5ae79', 'timestamp': '2026-07-13T03:50:50', 'type': 'rift_command'}}, paused=False
[2026-07-13T03:58:14.631811] _poll_chat: data=False
[2026-07-13T03:58:15.817393] _poll_chat: data=False
[2026-07-13T03:58:16.285302] _poll_commands: data={'1d4b5dfd6fa546eabf7b0fceccec629b': {'command': '.scan', 'id': 'd5edcd97c5074036b664d11dcfd8fc70', 'timestamp': '2026-07-13T03:50:20', 'type': 'rift_command'}, '270fa59f99ec4a42a5e88780f93a2708': {'command': '.scan', 'id': 'a80d55a0534345c6b961fd23281ec924', 'timestamp': '2026-07-13T03:51:10', 'type': 'rift_command'}, 'f3ca26254f6143a7bc480159171476ca': {'command': '.vision', 'id': 'e4ed75597ff54024a9be2f40a2f5ae79', 'timestamp': '2026-07-13T03:50:50', 'type': 'rift_command'}}, paused=False
[2026-07-13T03:58:17.005405] _poll_chat: data=False
[2026-07-13T03:58:18.192403] _poll_chat: data=False
[2026-07-13T03:58:18.475333] _poll_commands: data={'1d4b5dfd6fa546eabf7b0fceccec629b': {'command': '.scan', 'id': 'd5edcd97c5074036b664d11dcfd8fc70', 'timestamp': '2026-07-13T03:50:20', 'type': 'rift_command'}, '270fa59f99ec4a42a5e88780f93a2708': {'command': '.scan', 'id': 'a80d55a0534345c6b961fd23281ec924', 'timestamp': '2026-07-13T03:51:10', 'type': 'rift_command'}, 'f3ca26254f6143a7bc480159171476ca': {'command': '.vision', 'id': 'e4ed75597ff54024a9be2f40a2f5ae79', 'timestamp': '2026-07-13T03:50:50', 'type': 'rift_command'}}, paused=False
[2026-07-13T03:58:19.381301] _poll_chat: data=False
[2026-07-13T03:58:20.567441] _poll_chat: data=False
[2026-07-13T03:58:20.660505] _poll_commands: data={'1d4b5dfd6fa546eabf7b0fceccec629b': {'command': '.scan', 'id': 'd5edcd97c5074036b664d11dcfd8fc70', 'timestamp': '2026-07-13T03:50:20', 'type': 'rift_command'}, '270fa59f99ec4a42a5e88780f93a2708': {'command': '.scan', 'id': 'a80d55a0534345c6b961fd23281ec924', 'timestamp': '2026-07-13T03:51:10', 'type': 'rift_command'}, 'f3ca26254f6143a7bc480159171476ca': {'command': '.vision', 'id': 'e4ed75597ff54024a9be2f40a2f5ae79', 'timestamp': '2026-07-13T03:50:50', 'type': 'rift_command'}}, paused=False
[2026-07-13T03:58:21.761254] _poll_chat: data=False
[2026-07-13T03:58:22.858381] _poll_commands: data={'1d4b5dfd6fa546eabf7b0fceccec629b': {'command': '.scan', 'id': 'd5edcd97c5074036b664d11dcfd8fc70', 'timestamp': '2026-07-13T03:50:20', 'type': 'rift_command'}, '270fa59f99ec4a42a5e88780f93a2708': {'command': '.scan', 'id': 'a80d55a0534345c6b961fd23281ec924', 'timestamp': '2026-07-13T03:51:10', 'type': 'rift_command'}, 'f3ca26254f6143a7bc480159171476ca': {'command': '.vision', 'id': 'e4ed75597ff54024a9be2f40a2f5ae79', 'timestamp': '2026-07-13T03:50:50', 'type': 'rift_command'}}, paused=False
[2026-07-13T03:58:22.946954] _poll_chat: data=False
[2026-07-13T03:58:24.136403] _poll_chat: data=False
[2026-07-13T03:58:25.053254] _poll_commands: data={'1d4b5dfd6fa546eabf7b0fceccec629b': {'command': '.scan', 'id': 'd5edcd97c5074036b664d11dcfd8fc70', 'timestamp': '2026-07-13T03:50:20', 'type': 'rift_command'}, '270fa59f99ec4a42a5e88780f93a2708': {'command': '.scan', 'id': 'a80d55a0534345c6b961fd23281ec924', 'timestamp': '2026-07-13T03:51:10', 'type': 'rift_command'}, 'f3ca26254f6143a7bc480159171476ca': {'command': '.vision', 'id': 'e4ed75597ff54024a9be2f40a2f5ae79', 'timestamp': '2026-07-13T03:50:50', 'type': 'rift_command'}}, paused=False
[2026-07-13T03:58:25.326091] _poll_chat: data=False
[2026-07-13T03:58:26.519533] _poll_chat: data=False
[2026-07-13T03:58:27.249187] _poll_commands: data={'1d4b5dfd6fa546eabf7b0fceccec629b': {'command': '.scan', 'id': 'd5edcd97c5074036b664d11dcfd8fc70', 'timestamp': '2026-07-13T03:50:20', 'type': 'rift_command'}, '270fa59f99ec4a42a5e88780f93a2708': {'command': '.scan', 'id': 'a80d55a0534345c6b961fd23281ec924', 'timestamp': '2026-07-13T03:51:10', 'type': 'rift_command'}, 'f3ca26254f6143a7bc480159171476ca': {'command': '.vision', 'id': 'e4ed75597ff54024a9be2f40a2f5ae79', 'timestamp': '2026-07-13T03:50:50', 'type': 'rift_command'}}, paused=False
[2026-07-13T03:58:27.714300] _poll_chat: data=False
[2026-07-13T03:58:28.904224] _poll_chat: data=False
[2026-07-13T03:58:29.446466] _poll_commands: data={'1d4b5dfd6fa546eabf7b0fceccec629b': {'command': '.scan', 'id': 'd5edcd97c5074036b664d11dcfd8fc70', 'timestamp': '2026-07-13T03:50:20', 'type': 'rift_command'}, '270fa59f99ec4a42a5e88780f93a2708': {'command': '.scan', 'id': 'a80d55a0534345c6b961fd23281ec924', 'timestamp': '2026-07-13T03:51:10', 'type': 'rift_command'}, 'f3ca26254f6143a7bc480159171476ca': {'command': '.vision', 'id': 'e4ed75597ff54024a9be2f40a2f5ae79', 'timestamp': '2026-07-13T03:50:50', 'type': 'rift_command'}}, paused=False
[2026-07-13T03:58:30.096142] _poll_chat: data=False
[2026-07-13T03:58:31.284618] _poll_chat: data=False
[2026-07-13T03:58:31.635396] _poll_commands: data={'1d4b5dfd6fa546eabf7b0fceccec629b': {'command': '.scan', 'id': 'd5edcd97c5074036b664d11dcfd8fc70', 'timestamp': '2026-07-13T03:50:20', 'type': 'rift_command'}, '270fa59f99ec4a42a5e88780f93a2708': {'command': '.scan', 'id': 'a80d55a0534345c6b961fd23281ec924', 'timestamp': '2026-07-13T03:51:10', 'type': 'rift_command'}, 'f3ca26254f6143a7bc480159171476ca': {'command': '.vision', 'id': 'e4ed75597ff54024a9be2f40a2f5ae79', 'timestamp': '2026-07-13T03:50:50', 'type': 'rift_command'}}, paused=False
[2026-07-13T03:58:32.473408] _poll_chat: data=False
[2026-07-13T03:58:33.659232] _poll_chat: data=False
[2026-07-13T03:58:33.830877] _poll_commands: data={'1d4b5dfd6fa546eabf7b0fceccec629b': {'command': '.scan', 'id': 'd5edcd97c5074036b664d11dcfd8fc70', 'timestamp': '2026-07-13T03:50:20', 'type': 'rift_command'}, '270fa59f99ec4a42a5e88780f93a2708': {'command': '.scan', 'id': 'a80d55a0534345c6b961fd23281ec924', 'timestamp': '2026-07-13T03:51:10', 'type': 'rift_command'}, 'f3ca26254f6143a7bc480159171476ca': {'command': '.vision', 'id': 'e4ed75597ff54024a9be2f40a2f5ae79', 'timestamp': '2026-07-13T03:50:50', 'type': 'rift_command'}}, paused=False
[2026-07-13T03:58:34.851069] _poll_chat: data=False
[2026-07-13T03:58:36.026112] _poll_commands: data={'1d4b5dfd6fa546eabf7b0fceccec629b': {'command': '.scan', 'id': 'd5edcd97c5074036b664d11dcfd8fc70', 'timestamp': '2026-07-13T03:50:20', 'type': 'rift_command'}, '270fa59f99ec4a42a5e88780f93a2708': {'command': '.scan', 'id': 'a80d55a0534345c6b961fd23281ec924', 'timestamp': '2026-07-13T03:51:10', 'type': 'rift_command'}, 'f3ca26254f6143a7bc480159171476ca': {'command': '.vision', 'id': 'e4ed75597ff54024a9be2f40a2f5ae79', 'timestamp': '2026-07-13T03:50:50', 'type': 'rift_command'}}, paused=False
[2026-07-13T03:58:36.036422] _poll_chat: data=False
[2026-07-13T03:58:37.225707] _poll_chat: data=False
[2026-07-13T03:58:38.216806] _poll_commands: data={'1d4b5dfd6fa546eabf7b0fceccec629b': {'command': '.scan', 'id': 'd5edcd97c5074036b664d11dcfd8fc70', 'timestamp': '2026-07-13T03:50:20', 'type': 'rift_command'}, '270fa59f99ec4a42a5e88780f93a2708': {'command': '.scan', 'id': 'a80d55a0534345c6b961fd23281ec924', 'timestamp': '2026-07-13T03:51:10', 'type': 'rift_command'}, 'f3ca26254f6143a7bc480159171476ca': {'command': '.vision', 'id': 'e4ed75597ff54024a9be2f40a2f5ae79', 'timestamp': '2026-07-13T03:50:50', 'type': 'rift_command'}}, paused=False
[2026-07-13T03:58:38.406870] _poll_chat: data=False
[2026-07-13T03:58:39.596241] _poll_chat: data=False
[2026-07-13T03:58:40.411700] _poll_commands: data={'1d4b5dfd6fa546eabf7b0fceccec629b': {'command': '.scan', 'id': 'd5edcd97c5074036b664d11dcfd8fc70', 'timestamp': '2026-07-13T03:50:20', 'type': 'rift_command'}, '270fa59f99ec4a42a5e88780f93a2708': {'command': '.scan', 'id': 'a80d55a0534345c6b961fd23281ec924', 'timestamp': '2026-07-13T03:51:10', 'type': 'rift_command'}, 'f3ca26254f6143a7bc480159171476ca': {'command': '.vision', 'id': 'e4ed75597ff54024a9be2f40a2f5ae79', 'timestamp': '2026-07-13T03:50:50', 'type': 'rift_command'}}, paused=False
[2026-07-13T03:58:40.786832] _poll_chat: data=False
[2026-07-13T03:58:41.971386] _poll_chat: data=False
[2026-07-13T03:58:42.605594] _poll_commands: data={'1d4b5dfd6fa546eabf7b0fceccec629b': {'command': '.scan', 'id': 'd5edcd97c5074036b664d11dcfd8fc70', 'timestamp': '2026-07-13T03:50:20', 'type': 'rift_command'}, '270fa59f99ec4a42a5e88780f93a2708': {'command': '.scan', 'id': 'a80d55a0534345c6b961fd23281ec924', 'timestamp': '2026-07-13T03:51:10', 'type': 'rift_command'}, 'f3ca26254f6143a7bc480159171476ca': {'command': '.vision', 'id': 'e4ed75597ff54024a9be2f40a2f5ae79', 'timestamp': '2026-07-13T03:50:50', 'type': 'rift_command'}}, paused=False
[2026-07-13T03:58:43.163535] _poll_chat: data=False
[2026-07-13T03:58:44.352286] _poll_chat: data=False
[2026-07-13T03:58:44.793092] _poll_commands: data={'1d4b5dfd6fa546eabf7b0fceccec629b': {'command': '.scan', 'id': 'd5edcd97c5074036b664d11dcfd8fc70', 'timestamp': '2026-07-13T03:50:20', 'type': 'rift_command'}, '270fa59f99ec4a42a5e88780f93a2708': {'command': '.scan', 'id': 'a80d55a0534345c6b961fd23281ec924', 'timestamp': '2026-07-13T03:51:10', 'type': 'rift_command'}, 'f3ca26254f6143a7bc480159171476ca': {'command': '.vision', 'id': 'e4ed75597ff54024a9be2f40a2f5ae79', 'timestamp': '2026-07-13T03:50:50', 'type': 'rift_command'}}, paused=False
[2026-07-13T03:58:45.551987] _poll_chat: data=False
[2026-07-13T03:58:46.745413] _poll_chat: data=False
[2026-07-13T03:58:46.987322] _poll_commands: data={'1d4b5dfd6fa546eabf7b0fceccec629b': {'command': '.scan', 'id': 'd5edcd97c5074036b664d11dcfd8fc70', 'timestamp': '2026-07-13T03:50:20', 'type': 'rift_command'}, '270fa59f99ec4a42a5e88780f93a2708': {'command': '.scan', 'id': 'a80d55a0534345c6b961fd23281ec924', 'timestamp': '2026-07-13T03:51:10', 'type': 'rift_command'}, 'f3ca26254f6143a7bc480159171476ca': {'command': '.vision', 'id': 'e4ed75597ff54024a9be2f40a2f5ae79', 'timestamp': '2026-07-13T03:50:50', 'type': 'rift_command'}}, paused=False
[2026-07-13T03:58:47.932294] _poll_chat: data=False
[2026-07-13T03:58:49.506527] _poll_commands: data={'1d4b5dfd6fa546eabf7b0fceccec629b': {'command': '.scan', 'id': 'd5edcd97c5074036b664d11dcfd8fc70', 'timestamp': '2026-07-13T03:50:20', 'type': 'rift_command'}, '270fa59f99ec4a42a5e88780f93a2708': {'command': '.scan', 'id': 'a80d55a0534345c6b961fd23281ec924', 'timestamp': '2026-07-13T03:51:10', 'type': 'rift_command'}, 'f3ca26254f6143a7bc480159171476ca': {'command': '.vision', 'id': 'e4ed75597ff54024a9be2f40a2f5ae79', 'timestamp': '2026-07-13T03:50:50', 'type': 'rift_command'}}, paused=False
[2026-07-13T03:58:49.511365] _poll_chat: data=False
[2026-07-13T03:58:50.697079] _poll_chat: data=False
[2026-07-13T03:58:51.697957] _poll_commands: data={'1d4b5dfd6fa546eabf7b0fceccec629b': {'command': '.scan', 'id': 'd5edcd97c5074036b664d11dcfd8fc70', 'timestamp': '2026-07-13T03:50:20', 'type': 'rift_command'}, '270fa59f99ec4a42a5e88780f93a2708': {'command': '.scan', 'id': 'a80d55a0534345c6b961fd23281ec924', 'timestamp': '2026-07-13T03:51:10', 'type': 'rift_command'}, 'f3ca26254f6143a7bc480159171476ca': {'command': '.vision', 'id': 'e4ed75597ff54024a9be2f40a2f5ae79', 'timestamp': '2026-07-13T03:50:50', 'type': 'rift_command'}}, paused=False
[2026-07-13T03:58:51.885986] _poll_chat: data=False
[2026-07-13T03:58:53.077556] _poll_chat: data=False
[2026-07-13T03:58:53.884073] _poll_commands: data={'1d4b5dfd6fa546eabf7b0fceccec629b': {'command': '.scan', 'id': 'd5edcd97c5074036b664d11dcfd8fc70', 'timestamp': '2026-07-13T03:50:20', 'type': 'rift_command'}, '270fa59f99ec4a42a5e88780f93a2708': {'command': '.scan', 'id': 'a80d55a0534345c6b961fd23281ec924', 'timestamp': '2026-07-13T03:51:10', 'type': 'rift_command'}, 'f3ca26254f6143a7bc480159171476ca': {'command': '.vision', 'id': 'e4ed75597ff54024a9be2f40a2f5ae79', 'timestamp': '2026-07-13T03:50:50', 'type': 'rift_command'}}, paused=False
[2026-07-13T03:58:54.270258] _poll_chat: data=False
[2026-07-13T03:58:55.459261] _poll_chat: data=False
[2026-07-13T03:58:56.079661] _poll_commands: data={'1d4b5dfd6fa546eabf7b0fceccec629b': {'command': '.scan', 'id': 'd5edcd97c5074036b664d11dcfd8fc70', 'timestamp': '2026-07-13T03:50:20', 'type': 'rift_command'}, '270fa59f99ec4a42a5e88780f93a2708': {'command': '.scan', 'id': 'a80d55a0534345c6b961fd23281ec924', 'timestamp': '2026-07-13T03:51:10', 'type': 'rift_command'}, 'f3ca26254f6143a7bc480159171476ca': {'command': '.vision', 'id': 'e4ed75597ff54024a9be2f40a2f5ae79', 'timestamp': '2026-07-13T03:50:50', 'type': 'rift_command'}}, paused=False
[2026-07-13T03:58:56.648007] _poll_chat: data=False
[2026-07-13T03:58:57.835808] _poll_chat: data=False
[2026-07-13T03:58:58.275357] _poll_commands: data={'1d4b5dfd6fa546eabf7b0fceccec629b': {'command': '.scan', 'id': 'd5edcd97c5074036b664d11dcfd8fc70', 'timestamp': '2026-07-13T03:50:20', 'type': 'rift_command'}, '270fa59f99ec4a42a5e88780f93a2708': {'command': '.scan', 'id': 'a80d55a0534345c6b961fd23281ec924', 'timestamp': '2026-07-13T03:51:10', 'type': 'rift_command'}, 'f3ca26254f6143a7bc480159171476ca': {'command': '.vision', 'id': 'e4ed75597ff54024a9be2f40a2f5ae79', 'timestamp': '2026-07-13T03:50:50', 'type': 'rift_command'}}, paused=False
[2026-07-13T03:58:59.029560] _poll_chat: data=False
[2026-07-13T03:59:00.221022] _poll_chat: data=False
[2026-07-13T03:59:00.469991] _poll_commands: data={'1d4b5dfd6fa546eabf7b0fceccec629b': {'command': '.scan', 'id': 'd5edcd97c5074036b664d11dcfd8fc70', 'timestamp': '2026-07-13T03:50:20', 'type': 'rift_command'}, '270fa59f99ec4a42a5e88780f93a2708': {'command': '.scan', 'id': 'a80d55a0534345c6b961fd23281ec924', 'timestamp': '2026-07-13T03:51:10', 'type': 'rift_command'}, 'f3ca26254f6143a7bc480159171476ca': {'command': '.vision', 'id': 'e4ed75597ff54024a9be2f40a2f5ae79', 'timestamp': '2026-07-13T03:50:50', 'type': 'rift_command'}}, paused=False
[2026-07-13T03:59:01.413475] _poll_chat: data=False
[2026-07-13T03:59:02.608127] _poll_chat: data=False
[2026-07-13T03:59:02.663424] _poll_commands: data={'1d4b5dfd6fa546eabf7b0fceccec629b': {'command': '.scan', 'id': 'd5edcd97c5074036b664d11dcfd8fc70', 'timestamp': '2026-07-13T03:50:20', 'type': 'rift_command'}, '270fa59f99ec4a42a5e88780f93a2708': {'command': '.scan', 'id': 'a80d55a0534345c6b961fd23281ec924', 'timestamp': '2026-07-13T03:51:10', 'type': 'rift_command'}, 'f3ca26254f6143a7bc480159171476ca': {'command': '.vision', 'id': 'e4ed75597ff54024a9be2f40a2f5ae79', 'timestamp': '2026-07-13T03:50:50', 'type': 'rift_command'}}, paused=False
[2026-07-13T03:59:03.795821] _poll_chat: data=False
[2026-07-13T03:59:04.853391] _poll_commands: data={'1d4b5dfd6fa546eabf7b0fceccec629b': {'command': '.scan', 'id': 'd5edcd97c5074036b664d11dcfd8fc70', 'timestamp': '2026-07-13T03:50:20', 'type': 'rift_command'}, '270fa59f99ec4a42a5e88780f93a2708': {'command': '.scan', 'id': 'a80d55a0534345c6b961fd23281ec924', 'timestamp': '2026-07-13T03:51:10', 'type': 'rift_command'}, 'f3ca26254f6143a7bc480159171476ca': {'command': '.vision', 'id': 'e4ed75597ff54024a9be2f40a2f5ae79', 'timestamp': '2026-07-13T03:50:50', 'type': 'rift_command'}}, paused=False
[2026-07-13T03:59:04.982747] _poll_chat: data=False
[2026-07-13T03:59:06.174300] _poll_chat: data=False
[2026-07-13T03:59:07.046152] _poll_commands: data={'1d4b5dfd6fa546eabf7b0fceccec629b': {'command': '.scan', 'id': 'd5edcd97c5074036b664d11dcfd8fc70', 'timestamp': '2026-07-13T03:50:20', 'type': 'rift_command'}, '270fa59f99ec4a42a5e88780f93a2708': {'command': '.scan', 'id': 'a80d55a0534345c6b961fd23281ec924', 'timestamp': '2026-07-13T03:51:10', 'type': 'rift_command'}, 'f3ca26254f6143a7bc480159171476ca': {'command': '.vision', 'id': 'e4ed75597ff54024a9be2f40a2f5ae79', 'timestamp': '2026-07-13T03:50:50', 'type': 'rift_command'}}, paused=False
[2026-07-13T03:59:07.359483] _poll_chat: data=False
[2026-07-13T03:59:08.549609] _poll_chat: data=False
[2026-07-13T03:59:09.239745] _poll_commands: data={'1d4b5dfd6fa546eabf7b0fceccec629b': {'command': '.scan', 'id': 'd5edcd97c5074036b664d11dcfd8fc70', 'timestamp': '2026-07-13T03:50:20', 'type': 'rift_command'}, '270fa59f99ec4a42a5e88780f93a2708': {'command': '.scan', 'id': 'a80d55a0534345c6b961fd23281ec924', 'timestamp': '2026-07-13T03:51:10', 'type': 'rift_command'}, 'f3ca26254f6143a7bc480159171476ca': {'command': '.vision', 'id': 'e4ed75597ff54024a9be2f40a2f5ae79', 'timestamp': '2026-07-13T03:50:50', 'type': 'rift_command'}}, paused=False
[2026-07-13T03:59:09.730996] _poll_chat: data=False
[2026-07-13T03:59:10.924963] _poll_chat: data=False
[2026-07-13T03:59:11.431309] _poll_commands: data={'1d4b5dfd6fa546eabf7b0fceccec629b': {'command': '.scan', 'id': 'd5edcd97c5074036b664d11dcfd8fc70', 'timestamp': '2026-07-13T03:50:20', 'type': 'rift_command'}, '270fa59f99ec4a42a5e88780f93a2708': {'command': '.scan', 'id': 'a80d55a0534345c6b961fd23281ec924', 'timestamp': '2026-07-13T03:51:10', 'type': 'rift_command'}, 'f3ca26254f6143a7bc480159171476ca': {'command': '.vision', 'id': 'e4ed75597ff54024a9be2f40a2f5ae79', 'timestamp': '2026-07-13T03:50:50', 'type': 'rift_command'}}, paused=False
[2026-07-13T03:59:12.112050] _poll_chat: data=False
[2026-07-13T03:59:13.299705] _poll_chat: data=False
[2026-07-13T03:59:13.623770] _poll_commands: data={'1d4b5dfd6fa546eabf7b0fceccec629b': {'command': '.scan', 'id': 'd5edcd97c5074036b664d11dcfd8fc70', 'timestamp': '2026-07-13T03:50:20', 'type': 'rift_command'}, '270fa59f99ec4a42a5e88780f93a2708': {'command': '.scan', 'id': 'a80d55a0534345c6b961fd23281ec924', 'timestamp': '2026-07-13T03:51:10', 'type': 'rift_command'}, 'f3ca26254f6143a7bc480159171476ca': {'command': '.vision', 'id': 'e4ed75597ff54024a9be2f40a2f5ae79', 'timestamp': '2026-07-13T03:50:50', 'type': 'rift_command'}}, paused=False
[2026-07-13T03:59:14.487173] _poll_chat: data=False
[2026-07-13T03:59:15.675469] _poll_chat: data=False
[2026-07-13T03:59:15.816849] _poll_commands: data={'1d4b5dfd6fa546eabf7b0fceccec629b': {'command': '.scan', 'id': 'd5edcd97c5074036b664d11dcfd8fc70', 'timestamp': '2026-07-13T03:50:20', 'type': 'rift_command'}, '270fa59f99ec4a42a5e88780f93a2708': {'command': '.scan', 'id': 'a80d55a0534345c6b961fd23281ec924', 'timestamp': '2026-07-13T03:51:10', 'type': 'rift_command'}, 'f3ca26254f6143a7bc480159171476ca': {'command': '.vision', 'id': 'e4ed75597ff54024a9be2f40a2f5ae79', 'timestamp': '2026-07-13T03:50:50', 'type': 'rift_command'}}, paused=False
[2026-07-13T03:59:16.865070] _poll_chat: data=False
[2026-07-13T03:59:18.006071] _poll_commands: data={'1d4b5dfd6fa546eabf7b0fceccec629b': {'command': '.scan', 'id': 'd5edcd97c5074036b664d11dcfd8fc70', 'timestamp': '2026-07-13T03:50:20', 'type': 'rift_command'}, '270fa59f99ec4a42a5e88780f93a2708': {'command': '.scan', 'id': 'a80d55a0534345c6b961fd23281ec924', 'timestamp': '2026-07-13T03:51:10', 'type': 'rift_command'}, 'f3ca26254f6143a7bc480159171476ca': {'command': '.vision', 'id': 'e4ed75597ff54024a9be2f40a2f5ae79', 'timestamp': '2026-07-13T03:50:50', 'type': 'rift_command'}}, paused=False
[2026-07-13T03:59:18.047463] _poll_chat: data=False
[2026-07-13T03:59:19.239654] _poll_chat: data=False
[2026-07-13T03:59:20.197094] _poll_commands: data={'1d4b5dfd6fa546eabf7b0fceccec629b': {'command': '.scan', 'id': 'd5edcd97c5074036b664d11dcfd8fc70', 'timestamp': '2026-07-13T03:50:20', 'type': 'rift_command'}, '270fa59f99ec4a42a5e88780f93a2708': {'command': '.scan', 'id': 'a80d55a0534345c6b961fd23281ec924', 'timestamp': '2026-07-13T03:51:10', 'type': 'rift_command'}, 'f3ca26254f6143a7bc480159171476ca': {'command': '.vision', 'id': 'e4ed75597ff54024a9be2f40a2f5ae79', 'timestamp': '2026-07-13T03:50:50', 'type': 'rift_command'}}, paused=False
[2026-07-13T03:59:20.425865] _poll_chat: data=False
[2026-07-13T03:59:21.609851] _poll_chat: data=False
[2026-07-13T03:59:22.388767] _poll_commands: data={'1d4b5dfd6fa546eabf7b0fceccec629b': {'command': '.scan', 'id': 'd5edcd97c5074036b664d11dcfd8fc70', 'timestamp': '2026-07-13T03:50:20', 'type': 'rift_command'}, '270fa59f99ec4a42a5e88780f93a2708': {'command': '.scan', 'id': 'a80d55a0534345c6b961fd23281ec924', 'timestamp': '2026-07-13T03:51:10', 'type': 'rift_command'}, 'f3ca26254f6143a7bc480159171476ca': {'command': '.vision', 'id': 'e4ed75597ff54024a9be2f40a2f5ae79', 'timestamp': '2026-07-13T03:50:50', 'type': 'rift_command'}}, paused=False
[2026-07-13T03:59:22.799101] _poll_chat: data=False
[2026-07-13T03:59:23.988242] _poll_chat: data=False
[2026-07-13T03:59:24.584544] _poll_commands: data={'1d4b5dfd6fa546eabf7b0fceccec629b': {'command': '.scan', 'id': 'd5edcd97c5074036b664d11dcfd8fc70', 'timestamp': '2026-07-13T03:50:20', 'type': 'rift_command'}, '270fa59f99ec4a42a5e88780f93a2708': {'command': '.scan', 'id': 'a80d55a0534345c6b961fd23281ec924', 'timestamp': '2026-07-13T03:51:10', 'type': 'rift_command'}, 'f3ca26254f6143a7bc480159171476ca': {'command': '.vision', 'id': 'e4ed75597ff54024a9be2f40a2f5ae79', 'timestamp': '2026-07-13T03:50:50', 'type': 'rift_command'}}, paused=False
[2026-07-13T03:59:25.174519] _poll_chat: data=False
[2026-07-13T03:59:26.357286] _poll_chat: data=False
[2026-07-13T03:59:26.774965] _poll_commands: data={'1d4b5dfd6fa546eabf7b0fceccec629b': {'command': '.scan', 'id': 'd5edcd97c5074036b664d11dcfd8fc70', 'timestamp': '2026-07-13T03:50:20', 'type': 'rift_command'}, '270fa59f99ec4a42a5e88780f93a2708': {'command': '.scan', 'id': 'a80d55a0534345c6b961fd23281ec924', 'timestamp': '2026-07-13T03:51:10', 'type': 'rift_command'}, 'f3ca26254f6143a7bc480159171476ca': {'command': '.vision', 'id': 'e4ed75597ff54024a9be2f40a2f5ae79', 'timestamp': '2026-07-13T03:50:50', 'type': 'rift_command'}}, paused=False
[2026-07-13T03:59:27.546185] _poll_chat: data=False
[2026-07-13T03:59:28.738441] _poll_chat: data=False
[2026-07-13T03:59:28.966745] _poll_commands: data={'1d4b5dfd6fa546eabf7b0fceccec629b': {'command': '.scan', 'id': 'd5edcd97c5074036b664d11dcfd8fc70', 'timestamp': '2026-07-13T03:50:20', 'type': 'rift_command'}, '270fa59f99ec4a42a5e88780f93a2708': {'command': '.scan', 'id': 'a80d55a0534345c6b961fd23281ec924', 'timestamp': '2026-07-13T03:51:10', 'type': 'rift_command'}, 'f3ca26254f6143a7bc480159171476ca': {'command': '.vision', 'id': 'e4ed75597ff54024a9be2f40a2f5ae79', 'timestamp': '2026-07-13T03:50:50', 'type': 'rift_command'}}, paused=False
[2026-07-13T03:59:29.922044] _poll_chat: data=False
[2026-07-13T03:59:31.112435] _poll_chat: data=False
[2026-07-13T03:59:31.162537] _poll_commands: data={'1d4b5dfd6fa546eabf7b0fceccec629b': {'command': '.scan', 'id': 'd5edcd97c5074036b664d11dcfd8fc70', 'timestamp': '2026-07-13T03:50:20', 'type': 'rift_command'}, '270fa59f99ec4a42a5e88780f93a2708': {'command': '.scan', 'id': 'a80d55a0534345c6b961fd23281ec924', 'timestamp': '2026-07-13T03:51:10', 'type': 'rift_command'}, 'f3ca26254f6143a7bc480159171476ca': {'command': '.vision', 'id': 'e4ed75597ff54024a9be2f40a2f5ae79', 'timestamp': '2026-07-13T03:50:50', 'type': 'rift_command'}}, paused=False
[2026-07-13T03:59:32.300863] _poll_chat: data=False
[2026-07-13T03:59:33.358810] _poll_commands: data={'1d4b5dfd6fa546eabf7b0fceccec629b': {'command': '.scan', 'id': 'd5edcd97c5074036b664d11dcfd8fc70', 'timestamp': '2026-07-13T03:50:20', 'type': 'rift_command'}, '270fa59f99ec4a42a5e88780f93a2708': {'command': '.scan', 'id': 'a80d55a0534345c6b961fd23281ec924', 'timestamp': '2026-07-13T03:51:10', 'type': 'rift_command'}, 'f3ca26254f6143a7bc480159171476ca': {'command': '.vision', 'id': 'e4ed75597ff54024a9be2f40a2f5ae79', 'timestamp': '2026-07-13T03:50:50', 'type': 'rift_command'}}, paused=False
[2026-07-13T03:59:33.490247] _poll_chat: data=False
[2026-07-13T03:59:34.680648] _poll_chat: data=False
[2026-07-13T03:59:35.560303] _poll_commands: data={'1d4b5dfd6fa546eabf7b0fceccec629b': {'command': '.scan', 'id': 'd5edcd97c5074036b664d11dcfd8fc70', 'timestamp': '2026-07-13T03:50:20', 'type': 'rift_command'}, '270fa59f99ec4a42a5e88780f93a2708': {'command': '.scan', 'id': 'a80d55a0534345c6b961fd23281ec924', 'timestamp': '2026-07-13T03:51:10', 'type': 'rift_command'}, 'f3ca26254f6143a7bc480159171476ca': {'command': '.vision', 'id': 'e4ed75597ff54024a9be2f40a2f5ae79', 'timestamp': '2026-07-13T03:50:50', 'type': 'rift_command'}}, paused=False
[2026-07-13T03:59:36.136153] _poll_chat: data=False
[2026-07-13T03:59:37.328791] _poll_chat: data=False
[2026-07-13T03:59:37.752711] _poll_commands: data={'1d4b5dfd6fa546eabf7b0fceccec629b': {'command': '.scan', 'id': 'd5edcd97c5074036b664d11dcfd8fc70', 'timestamp': '2026-07-13T03:50:20', 'type': 'rift_command'}, '270fa59f99ec4a42a5e88780f93a2708': {'command': '.scan', 'id': 'a80d55a0534345c6b961fd23281ec924', 'timestamp': '2026-07-13T03:51:10', 'type': 'rift_command'}, 'f3ca26254f6143a7bc480159171476ca': {'command': '.vision', 'id': 'e4ed75597ff54024a9be2f40a2f5ae79', 'timestamp': '2026-07-13T03:50:50', 'type': 'rift_command'}}, paused=False
[2026-07-13T03:59:38.555345] _poll_chat: data=False
[2026-07-13T03:59:39.743059] _poll_chat: data=False
[2026-07-13T03:59:39.941594] _poll_commands: data={'1d4b5dfd6fa546eabf7b0fceccec629b': {'command': '.scan', 'id': 'd5edcd97c5074036b664d11dcfd8fc70', 'timestamp': '2026-07-13T03:50:20', 'type': 'rift_command'}, '270fa59f99ec4a42a5e88780f93a2708': {'command': '.scan', 'id': 'a80d55a0534345c6b961fd23281ec924', 'timestamp': '2026-07-13T03:51:10', 'type': 'rift_command'}, 'f3ca26254f6143a7bc480159171476ca': {'command': '.vision', 'id': 'e4ed75597ff54024a9be2f40a2f5ae79', 'timestamp': '2026-07-13T03:50:50', 'type': 'rift_command'}}, paused=False
[2026-07-13T03:59:40.932192] _poll_chat: data=False
[2026-07-13T03:59:42.120878] _poll_chat: data=False
[2026-07-13T03:59:42.134077] _poll_commands: data={'1d4b5dfd6fa546eabf7b0fceccec629b': {'command': '.scan', 'id': 'd5edcd97c5074036b664d11dcfd8fc70', 'timestamp': '2026-07-13T03:50:20', 'type': 'rift_command'}, '270fa59f99ec4a42a5e88780f93a2708': {'command': '.scan', 'id': 'a80d55a0534345c6b961fd23281ec924', 'timestamp': '2026-07-13T03:51:10', 'type': 'rift_command'}, 'f3ca26254f6143a7bc480159171476ca': {'command': '.vision', 'id': 'e4ed75597ff54024a9be2f40a2f5ae79', 'timestamp': '2026-07-13T03:50:50', 'type': 'rift_command'}}, paused=False
[2026-07-13T03:59:43.309563] _poll_chat: data=False
[2026-07-13T03:59:44.319515] _poll_commands: data={'1d4b5dfd6fa546eabf7b0fceccec629b': {'command': '.scan', 'id': 'd5edcd97c5074036b664d11dcfd8fc70', 'timestamp': '2026-07-13T03:50:20', 'type': 'rift_command'}, '270fa59f99ec4a42a5e88780f93a2708': {'command': '.scan', 'id': 'a80d55a0534345c6b961fd23281ec924', 'timestamp': '2026-07-13T03:51:10', 'type': 'rift_command'}, 'f3ca26254f6143a7bc480159171476ca': {'command': '.vision', 'id': 'e4ed75597ff54024a9be2f40a2f5ae79', 'timestamp': '2026-07-13T03:50:50', 'type': 'rift_command'}}, paused=False
[2026-07-13T03:59:44.501669] _poll_chat: data=False
[2026-07-13T03:59:45.690256] _poll_chat: data=False
[2026-07-13T03:59:46.509601] _poll_commands: data={'1d4b5dfd6fa546eabf7b0fceccec629b': {'command': '.scan', 'id': 'd5edcd97c5074036b664d11dcfd8fc70', 'timestamp': '2026-07-13T03:50:20', 'type': 'rift_command'}, '270fa59f99ec4a42a5e88780f93a2708': {'command': '.scan', 'id': 'a80d55a0534345c6b961fd23281ec924', 'timestamp': '2026-07-13T03:51:10', 'type': 'rift_command'}, 'f3ca26254f6143a7bc480159171476ca': {'command': '.vision', 'id': 'e4ed75597ff54024a9be2f40a2f5ae79', 'timestamp': '2026-07-13T03:50:50', 'type': 'rift_command'}}, paused=False
[2026-07-13T03:59:46.882303] _poll_chat: data=False
[2026-07-13T03:59:48.070213] _poll_chat: data=False
[2026-07-13T03:59:48.698097] _poll_commands: data={'1d4b5dfd6fa546eabf7b0fceccec629b': {'command': '.scan', 'id': 'd5edcd97c5074036b664d11dcfd8fc70', 'timestamp': '2026-07-13T03:50:20', 'type': 'rift_command'}, '270fa59f99ec4a42a5e88780f93a2708': {'command': '.scan', 'id': 'a80d55a0534345c6b961fd23281ec924', 'timestamp': '2026-07-13T03:51:10', 'type': 'rift_command'}, 'f3ca26254f6143a7bc480159171476ca': {'command': '.vision', 'id': 'e4ed75597ff54024a9be2f40a2f5ae79', 'timestamp': '2026-07-13T03:50:50', 'type': 'rift_command'}}, paused=False
[2026-07-13T03:59:49.262194] _poll_chat: data=False
[2026-07-13T03:59:50.448794] _poll_chat: data=False
[2026-07-13T03:59:50.892713] _poll_commands: data={'1d4b5dfd6fa546eabf7b0fceccec629b': {'command': '.scan', 'id': 'd5edcd97c5074036b664d11dcfd8fc70', 'timestamp': '2026-07-13T03:50:20', 'type': 'rift_command'}, '270fa59f99ec4a42a5e88780f93a2708': {'command': '.scan', 'id': 'a80d55a0534345c6b961fd23281ec924', 'timestamp': '2026-07-13T03:51:10', 'type': 'rift_command'}, 'f3ca26254f6143a7bc480159171476ca': {'command': '.vision', 'id': 'e4ed75597ff54024a9be2f40a2f5ae79', 'timestamp': '2026-07-13T03:50:50', 'type': 'rift_command'}}, paused=False
[2026-07-13T03:59:51.680498] _poll_chat: data=False
[2026-07-13T03:59:52.866467] _poll_chat: data=False
[2026-07-13T03:59:53.081270] _poll_commands: data={'1d4b5dfd6fa546eabf7b0fceccec629b': {'command': '.scan', 'id': 'd5edcd97c5074036b664d11dcfd8fc70', 'timestamp': '2026-07-13T03:50:20', 'type': 'rift_command'}, '270fa59f99ec4a42a5e88780f93a2708': {'command': '.scan', 'id': 'a80d55a0534345c6b961fd23281ec924', 'timestamp': '2026-07-13T03:51:10', 'type': 'rift_command'}, 'f3ca26254f6143a7bc480159171476ca': {'command': '.vision', 'id': 'e4ed75597ff54024a9be2f40a2f5ae79', 'timestamp': '2026-07-13T03:50:50', 'type': 'rift_command'}}, paused=False
[2026-07-13T03:59:54.052590] _poll_chat: data=False
[2026-07-13T03:59:55.246669] _poll_chat: data=False
[2026-07-13T03:59:55.273745] _poll_commands: data={'1d4b5dfd6fa546eabf7b0fceccec629b': {'command': '.scan', 'id': 'd5edcd97c5074036b664d11dcfd8fc70', 'timestamp': '2026-07-13T03:50:20', 'type': 'rift_command'}, '270fa59f99ec4a42a5e88780f93a2708': {'command': '.scan', 'id': 'a80d55a0534345c6b961fd23281ec924', 'timestamp': '2026-07-13T03:51:10', 'type': 'rift_command'}, 'f3ca26254f6143a7bc480159171476ca': {'command': '.vision', 'id': 'e4ed75597ff54024a9be2f40a2f5ae79', 'timestamp': '2026-07-13T03:50:50', 'type': 'rift_command'}}, paused=False
[2026-07-13T03:59:56.436878] _poll_chat: data=False
[2026-07-13T03:59:57.464138] _poll_commands: data={'1d4b5dfd6fa546eabf7b0fceccec629b': {'command': '.scan', 'id': 'd5edcd97c5074036b664d11dcfd8fc70', 'timestamp': '2026-07-13T03:50:20', 'type': 'rift_command'}, '270fa59f99ec4a42a5e88780f93a2708': {'command': '.scan', 'id': 'a80d55a0534345c6b961fd23281ec924', 'timestamp': '2026-07-13T03:51:10', 'type': 'rift_command'}, 'f3ca26254f6143a7bc480159171476ca': {'command': '.vision', 'id': 'e4ed75597ff54024a9be2f40a2f5ae79', 'timestamp': '2026-07-13T03:50:50', 'type': 'rift_command'}}, paused=False
[2026-07-13T03:59:57.625840] _poll_chat: data=False
[2026-07-13T03:59:58.817737] _poll_chat: data=False
[2026-07-13T03:59:59.656951] _poll_commands: data={'1d4b5dfd6fa546eabf7b0fceccec629b': {'command': '.scan', 'id': 'd5edcd97c5074036b664d11dcfd8fc70', 'timestamp': '2026-07-13T03:50:20', 'type': 'rift_command'}, '270fa59f99ec4a42a5e88780f93a2708': {'command': '.scan', 'id': 'a80d55a0534345c6b961fd23281ec924', 'timestamp': '2026-07-13T03:51:10', 'type': 'rift_command'}, 'f3ca26254f6143a7bc480159171476ca': {'command': '.vision', 'id': 'e4ed75597ff54024a9be2f40a2f5ae79', 'timestamp': '2026-07-13T03:50:50', 'type': 'rift_command'}}, paused=False
[2026-07-13T04:00:00.004740] _poll_chat: data=False
[2026-07-13T04:00:01.195630] _poll_chat: data=False
[2026-07-13T04:00:01.853079] _poll_commands: data={'1d4b5dfd6fa546eabf7b0fceccec629b': {'command': '.scan', 'id': 'd5edcd97c5074036b664d11dcfd8fc70', 'timestamp': '2026-07-13T03:50:20', 'type': 'rift_command'}, '270fa59f99ec4a42a5e88780f93a2708': {'command': '.scan', 'id': 'a80d55a0534345c6b961fd23281ec924', 'timestamp': '2026-07-13T03:51:10', 'type': 'rift_command'}, 'f3ca26254f6143a7bc480159171476ca': {'command': '.vision', 'id': 'e4ed75597ff54024a9be2f40a2f5ae79', 'timestamp': '2026-07-13T03:50:50', 'type': 'rift_command'}}, paused=False
[2026-07-13T04:00:02.382615] _poll_chat: data=False
[2026-07-13T04:00:03.571016] _poll_chat: data=False
[2026-07-13T04:00:04.045411] _poll_commands: data={'1d4b5dfd6fa546eabf7b0fceccec629b': {'command': '.scan', 'id': 'd5edcd97c5074036b664d11dcfd8fc70', 'timestamp': '2026-07-13T03:50:20', 'type': 'rift_command'}, '270fa59f99ec4a42a5e88780f93a2708': {'command': '.scan', 'id': 'a80d55a0534345c6b961fd23281ec924', 'timestamp': '2026-07-13T03:51:10', 'type': 'rift_command'}, 'f3ca26254f6143a7bc480159171476ca': {'command': '.vision', 'id': 'e4ed75597ff54024a9be2f40a2f5ae79', 'timestamp': '2026-07-13T03:50:50', 'type': 'rift_command'}}, paused=False
[2026-07-13T04:00:04.760490] _poll_chat: data=False
[2026-07-13T04:00:05.949773] _poll_chat: data=False
[2026-07-13T04:00:06.240298] _poll_commands: data={'1d4b5dfd6fa546eabf7b0fceccec629b': {'command': '.scan', 'id': 'd5edcd97c5074036b664d11dcfd8fc70', 'timestamp': '2026-07-13T03:50:20', 'type': 'rift_command'}, '270fa59f99ec4a42a5e88780f93a2708': {'command': '.scan', 'id': 'a80d55a0534345c6b961fd23281ec924', 'timestamp': '2026-07-13T03:51:10', 'type': 'rift_command'}, 'f3ca26254f6143a7bc480159171476ca': {'command': '.vision', 'id': 'e4ed75597ff54024a9be2f40a2f5ae79', 'timestamp': '2026-07-13T03:50:50', 'type': 'rift_command'}}, paused=False
[2026-07-13T04:00:07.134949] _poll_chat: data=False
[2026-07-13T04:00:08.321532] _poll_chat: data=False
[2026-07-13T04:00:08.433407] _poll_commands: data={'1d4b5dfd6fa546eabf7b0fceccec629b': {'command': '.scan', 'id': 'd5edcd97c5074036b664d11dcfd8fc70', 'timestamp': '2026-07-13T03:50:20', 'type': 'rift_command'}, '270fa59f99ec4a42a5e88780f93a2708': {'command': '.scan', 'id': 'a80d55a0534345c6b961fd23281ec924', 'timestamp': '2026-07-13T03:51:10', 'type': 'rift_command'}, 'f3ca26254f6143a7bc480159171476ca': {'command': '.vision', 'id': 'e4ed75597ff54024a9be2f40a2f5ae79', 'timestamp': '2026-07-13T03:50:50', 'type': 'rift_command'}}, paused=False
[2026-07-13T04:00:09.517541] _poll_chat: data=False
[2026-07-13T04:00:10.625308] _poll_commands: data={'1d4b5dfd6fa546eabf7b0fceccec629b': {'command': '.scan', 'id': 'd5edcd97c5074036b664d11dcfd8fc70', 'timestamp': '2026-07-13T03:50:20', 'type': 'rift_command'}, '270fa59f99ec4a42a5e88780f93a2708': {'command': '.scan', 'id': 'a80d55a0534345c6b961fd23281ec924', 'timestamp': '2026-07-13T03:51:10', 'type': 'rift_command'}, 'f3ca26254f6143a7bc480159171476ca': {'command': '.vision', 'id': 'e4ed75597ff54024a9be2f40a2f5ae79', 'timestamp': '2026-07-13T03:50:50', 'type': 'rift_command'}}, paused=False
[2026-07-13T04:00:10.705092] _poll_chat: data=False
[2026-07-13T04:00:11.892261] _poll_chat: data=False
[2026-07-13T04:00:12.817148] _poll_commands: data={'1d4b5dfd6fa546eabf7b0fceccec629b': {'command': '.scan', 'id': 'd5edcd97c5074036b664d11dcfd8fc70', 'timestamp': '2026-07-13T03:50:20', 'type': 'rift_command'}, '270fa59f99ec4a42a5e88780f93a2708': {'command': '.scan', 'id': 'a80d55a0534345c6b961fd23281ec924', 'timestamp': '2026-07-13T03:51:10', 'type': 'rift_command'}, 'f3ca26254f6143a7bc480159171476ca': {'command': '.vision', 'id': 'e4ed75597ff54024a9be2f40a2f5ae79', 'timestamp': '2026-07-13T03:50:50', 'type': 'rift_command'}}, paused=False
[2026-07-13T04:00:13.078851] _poll_chat: data=False
[2026-07-13T04:00:14.274165] _poll_chat: data=False
[2026-07-13T04:00:15.013529] _poll_commands: data={'1d4b5dfd6fa546eabf7b0fceccec629b': {'command': '.scan', 'id': 'd5edcd97c5074036b664d11dcfd8fc70', 'timestamp': '2026-07-13T03:50:20', 'type': 'rift_command'}, '270fa59f99ec4a42a5e88780f93a2708': {'command': '.scan', 'id': 'a80d55a0534345c6b961fd23281ec924', 'timestamp': '2026-07-13T03:51:10', 'type': 'rift_command'}, 'f3ca26254f6143a7bc480159171476ca': {'command': '.vision', 'id': 'e4ed75597ff54024a9be2f40a2f5ae79', 'timestamp': '2026-07-13T03:50:50', 'type': 'rift_command'}}, paused=False
[2026-07-13T04:00:15.458461] _poll_chat: data=False
[2026-07-13T04:00:16.845424] _poll_chat: data=False
[2026-07-13T04:00:17.209931] _poll_commands: data={'1d4b5dfd6fa546eabf7b0fceccec629b': {'command': '.scan', 'id': 'd5edcd97c5074036b664d11dcfd8fc70', 'timestamp': '2026-07-13T03:50:20', 'type': 'rift_command'}, '270fa59f99ec4a42a5e88780f93a2708': {'command': '.scan', 'id': 'a80d55a0534345c6b961fd23281ec924', 'timestamp': '2026-07-13T03:51:10', 'type': 'rift_command'}, 'f3ca26254f6143a7bc480159171476ca': {'command': '.vision', 'id': 'e4ed75597ff54024a9be2f40a2f5ae79', 'timestamp': '2026-07-13T03:50:50', 'type': 'rift_command'}}, paused=False
[2026-07-13T04:00:18.032062] _poll_chat: data=False
[2026-07-13T04:00:19.217079] _poll_chat: data=False
[2026-07-13T04:00:19.403316] _poll_commands: data={'1d4b5dfd6fa546eabf7b0fceccec629b': {'command': '.scan', 'id': 'd5edcd97c5074036b664d11dcfd8fc70', 'timestamp': '2026-07-13T03:50:20', 'type': 'rift_command'}, '270fa59f99ec4a42a5e88780f93a2708': {'command': '.scan', 'id': 'a80d55a0534345c6b961fd23281ec924', 'timestamp': '2026-07-13T03:51:10', 'type': 'rift_command'}, 'f3ca26254f6143a7bc480159171476ca': {'command': '.vision', 'id': 'e4ed75597ff54024a9be2f40a2f5ae79', 'timestamp': '2026-07-13T03:50:50', 'type': 'rift_command'}}, paused=False
[2026-07-13T04:00:20.404215] _poll_chat: data=False
[2026-07-13T04:00:21.594747] _poll_chat: data=False
[2026-07-13T04:00:21.601562] _poll_commands: data={'1d4b5dfd6fa546eabf7b0fceccec629b': {'command': '.scan', 'id': 'd5edcd97c5074036b664d11dcfd8fc70', 'timestamp': '2026-07-13T03:50:20', 'type': 'rift_command'}, '270fa59f99ec4a42a5e88780f93a2708': {'command': '.scan', 'id': 'a80d55a0534345c6b961fd23281ec924', 'timestamp': '2026-07-13T03:51:10', 'type': 'rift_command'}, 'f3ca26254f6143a7bc480159171476ca': {'command': '.vision', 'id': 'e4ed75597ff54024a9be2f40a2f5ae79', 'timestamp': '2026-07-13T03:50:50', 'type': 'rift_command'}}, paused=False
[2026-07-13T04:00:22.784360] _poll_chat: data=False
[2026-07-13T04:00:23.798370] _poll_commands: data={'1d4b5dfd6fa546eabf7b0fceccec629b': {'command': '.scan', 'id': 'd5edcd97c5074036b664d11dcfd8fc70', 'timestamp': '2026-07-13T03:50:20', 'type': 'rift_command'}, '270fa59f99ec4a42a5e88780f93a2708': {'command': '.scan', 'id': 'a80d55a0534345c6b961fd23281ec924', 'timestamp': '2026-07-13T03:51:10', 'type': 'rift_command'}, 'f3ca26254f6143a7bc480159171476ca': {'command': '.vision', 'id': 'e4ed75597ff54024a9be2f40a2f5ae79', 'timestamp': '2026-07-13T03:50:50', 'type': 'rift_command'}}, paused=False
[2026-07-13T04:00:23.972831] _poll_chat: data=False
[2026-07-13T04:00:25.161282] _poll_chat: data=False
[2026-07-13T04:00:25.994231] _poll_commands: data={'1d4b5dfd6fa546eabf7b0fceccec629b': {'command': '.scan', 'id': 'd5edcd97c5074036b664d11dcfd8fc70', 'timestamp': '2026-07-13T03:50:20', 'type': 'rift_command'}, '270fa59f99ec4a42a5e88780f93a2708': {'command': '.scan', 'id': 'a80d55a0534345c6b961fd23281ec924', 'timestamp': '2026-07-13T03:51:10', 'type': 'rift_command'}, 'f3ca26254f6143a7bc480159171476ca': {'command': '.vision', 'id': 'e4ed75597ff54024a9be2f40a2f5ae79', 'timestamp': '2026-07-13T03:50:50', 'type': 'rift_command'}}, paused=False
[2026-07-13T04:00:26.349563] _poll_chat: data=False
[2026-07-13T04:00:27.535573] _poll_chat: data=False
[2026-07-13T04:00:28.185518] _poll_commands: data={'1d4b5dfd6fa546eabf7b0fceccec629b': {'command': '.scan', 'id': 'd5edcd97c5074036b664d11dcfd8fc70', 'timestamp': '2026-07-13T03:50:20', 'type': 'rift_command'}, '270fa59f99ec4a42a5e88780f93a2708': {'command': '.scan', 'id': 'a80d55a0534345c6b961fd23281ec924', 'timestamp': '2026-07-13T03:51:10', 'type': 'rift_command'}, 'f3ca26254f6143a7bc480159171476ca': {'command': '.vision', 'id': 'e4ed75597ff54024a9be2f40a2f5ae79', 'timestamp': '2026-07-13T03:50:50', 'type': 'rift_command'}}, paused=False
[2026-07-13T04:00:28.726962] _poll_chat: data=False
[2026-07-13T04:00:29.914565] _poll_chat: data=False
[2026-07-13T04:00:30.376843] _poll_commands: data={'1d4b5dfd6fa546eabf7b0fceccec629b': {'command': '.scan', 'id': 'd5edcd97c5074036b664d11dcfd8fc70', 'timestamp': '2026-07-13T03:50:20', 'type': 'rift_command'}, '270fa59f99ec4a42a5e88780f93a2708': {'command': '.scan', 'id': 'a80d55a0534345c6b961fd23281ec924', 'timestamp': '2026-07-13T03:51:10', 'type': 'rift_command'}, 'f3ca26254f6143a7bc480159171476ca': {'command': '.vision', 'id': 'e4ed75597ff54024a9be2f40a2f5ae79', 'timestamp': '2026-07-13T03:50:50', 'type': 'rift_command'}}, paused=False
[2026-07-13T04:00:31.098243] _poll_chat: data=False
[2026-07-13T04:00:32.287492] _poll_chat: data=False
[2026-07-13T04:00:32.568631] _poll_commands: data={'1d4b5dfd6fa546eabf7b0fceccec629b': {'command': '.scan', 'id': 'd5edcd97c5074036b664d11dcfd8fc70', 'timestamp': '2026-07-13T03:50:20', 'type': 'rift_command'}, '270fa59f99ec4a42a5e88780f93a2708': {'command': '.scan', 'id': 'a80d55a0534345c6b961fd23281ec924', 'timestamp': '2026-07-13T03:51:10', 'type': 'rift_command'}, 'f3ca26254f6143a7bc480159171476ca': {'command': '.vision', 'id': 'e4ed75597ff54024a9be2f40a2f5ae79', 'timestamp': '2026-07-13T03:50:50', 'type': 'rift_command'}}, paused=False
[2026-07-13T04:00:33.475878] _poll_chat: data=False
[2026-07-13T04:00:34.666058] _poll_chat: data=False
[2026-07-13T04:00:34.768435] _poll_commands: data={'1d4b5dfd6fa546eabf7b0fceccec629b': {'command': '.scan', 'id': 'd5edcd97c5074036b664d11dcfd8fc70', 'timestamp': '2026-07-13T03:50:20', 'type': 'rift_command'}, '270fa59f99ec4a42a5e88780f93a2708': {'command': '.scan', 'id': 'a80d55a0534345c6b961fd23281ec924', 'timestamp': '2026-07-13T03:51:10', 'type': 'rift_command'}, 'f3ca26254f6143a7bc480159171476ca': {'command': '.vision', 'id': 'e4ed75597ff54024a9be2f40a2f5ae79', 'timestamp': '2026-07-13T03:50:50', 'type': 'rift_command'}}, paused=False
[2026-07-13T04:00:35.850068] _poll_chat: data=False
[2026-07-13T04:00:36.962727] _poll_commands: data={'1d4b5dfd6fa546eabf7b0fceccec629b': {'command': '.scan', 'id': 'd5edcd97c5074036b664d11dcfd8fc70', 'timestamp': '2026-07-13T03:50:20', 'type': 'rift_command'}, '270fa59f99ec4a42a5e88780f93a2708': {'command': '.scan', 'id': 'a80d55a0534345c6b961fd23281ec924', 'timestamp': '2026-07-13T03:51:10', 'type': 'rift_command'}, 'f3ca26254f6143a7bc480159171476ca': {'command': '.vision', 'id': 'e4ed75597ff54024a9be2f40a2f5ae79', 'timestamp': '2026-07-13T03:50:50', 'type': 'rift_command'}}, paused=False
[2026-07-13T04:00:37.036784] _poll_chat: data=False
[2026-07-13T04:00:38.224822] _poll_chat: data=False
[2026-07-13T04:00:39.155101] _poll_commands: data={'1d4b5dfd6fa546eabf7b0fceccec629b': {'command': '.scan', 'id': 'd5edcd97c5074036b664d11dcfd8fc70', 'timestamp': '2026-07-13T03:50:20', 'type': 'rift_command'}, '270fa59f99ec4a42a5e88780f93a2708': {'command': '.scan', 'id': 'a80d55a0534345c6b961fd23281ec924', 'timestamp': '2026-07-13T03:51:10', 'type': 'rift_command'}, 'f3ca26254f6143a7bc480159171476ca': {'command': '.vision', 'id': 'e4ed75597ff54024a9be2f40a2f5ae79', 'timestamp': '2026-07-13T03:50:50', 'type': 'rift_command'}}, paused=False
[2026-07-13T04:00:39.412330] _poll_chat: data=False
[2026-07-13T04:00:40.602571] _poll_chat: data=False
[2026-07-13T04:00:41.351607] _poll_commands: data={'1d4b5dfd6fa546eabf7b0fceccec629b': {'command': '.scan', 'id': 'd5edcd97c5074036b664d11dcfd8fc70', 'timestamp': '2026-07-13T03:50:20', 'type': 'rift_command'}, '270fa59f99ec4a42a5e88780f93a2708': {'command': '.scan', 'id': 'a80d55a0534345c6b961fd23281ec924', 'timestamp': '2026-07-13T03:51:10', 'type': 'rift_command'}, 'f3ca26254f6143a7bc480159171476ca': {'command': '.vision', 'id': 'e4ed75597ff54024a9be2f40a2f5ae79', 'timestamp': '2026-07-13T03:50:50', 'type': 'rift_command'}}, paused=False
[2026-07-13T04:00:41.794923] _poll_chat: data=False
[2026-07-13T04:00:42.984660] _poll_chat: data=False
[2026-07-13T04:00:43.547261] _poll_commands: data={'1d4b5dfd6fa546eabf7b0fceccec629b': {'command': '.scan', 'id': 'd5edcd97c5074036b664d11dcfd8fc70', 'timestamp': '2026-07-13T03:50:20', 'type': 'rift_command'}, '270fa59f99ec4a42a5e88780f93a2708': {'command': '.scan', 'id': 'a80d55a0534345c6b961fd23281ec924', 'timestamp': '2026-07-13T03:51:10', 'type': 'rift_command'}, 'f3ca26254f6143a7bc480159171476ca': {'command': '.vision', 'id': 'e4ed75597ff54024a9be2f40a2f5ae79', 'timestamp': '2026-07-13T03:50:50', 'type': 'rift_command'}}, paused=False
[2026-07-13T04:00:44.175624] _poll_chat: data=False
[2026-07-13T04:00:45.364495] _poll_chat: data=False
[2026-07-13T04:00:45.741242] _poll_commands: data={'1d4b5dfd6fa546eabf7b0fceccec629b': {'command': '.scan', 'id': 'd5edcd97c5074036b664d11dcfd8fc70', 'timestamp': '2026-07-13T03:50:20', 'type': 'rift_command'}, '270fa59f99ec4a42a5e88780f93a2708': {'command': '.scan', 'id': 'a80d55a0534345c6b961fd23281ec924', 'timestamp': '2026-07-13T03:51:10', 'type': 'rift_command'}, 'f3ca26254f6143a7bc480159171476ca': {'command': '.vision', 'id': 'e4ed75597ff54024a9be2f40a2f5ae79', 'timestamp': '2026-07-13T03:50:50', 'type': 'rift_command'}}, paused=False
[2026-07-13T04:00:46.550208] _poll_chat: data=False
[2026-07-13T04:00:47.739358] _poll_chat: data=False
[2026-07-13T04:00:47.932203] _poll_commands: data={'1d4b5dfd6fa546eabf7b0fceccec629b': {'command': '.scan', 'id': 'd5edcd97c5074036b664d11dcfd8fc70', 'timestamp': '2026-07-13T03:50:20', 'type': 'rift_command'}, '270fa59f99ec4a42a5e88780f93a2708': {'command': '.scan', 'id': 'a80d55a0534345c6b961fd23281ec924', 'timestamp': '2026-07-13T03:51:10', 'type': 'rift_command'}, 'f3ca26254f6143a7bc480159171476ca': {'command': '.vision', 'id': 'e4ed75597ff54024a9be2f40a2f5ae79', 'timestamp': '2026-07-13T03:50:50', 'type': 'rift_command'}}, paused=False
[2026-07-13T04:00:48.925644] _poll_chat: data=False
[2026-07-13T04:00:50.119466] _poll_chat: data=False
[2026-07-13T04:00:50.124716] _poll_commands: data={'1d4b5dfd6fa546eabf7b0fceccec629b': {'command': '.scan', 'id': 'd5edcd97c5074036b664d11dcfd8fc70', 'timestamp': '2026-07-13T03:50:20', 'type': 'rift_command'}, '270fa59f99ec4a42a5e88780f93a2708': {'command': '.scan', 'id': 'a80d55a0534345c6b961fd23281ec924', 'timestamp': '2026-07-13T03:51:10', 'type': 'rift_command'}, 'f3ca26254f6143a7bc480159171476ca': {'command': '.vision', 'id': 'e4ed75597ff54024a9be2f40a2f5ae79', 'timestamp': '2026-07-13T03:50:50', 'type': 'rift_command'}}, paused=False
[2026-07-13T04:00:51.309361] _poll_chat: data=False
[2026-07-13T04:00:52.324253] _poll_commands: data={'1d4b5dfd6fa546eabf7b0fceccec629b': {'command': '.scan', 'id': 'd5edcd97c5074036b664d11dcfd8fc70', 'timestamp': '2026-07-13T03:50:20', 'type': 'rift_command'}, '270fa59f99ec4a42a5e88780f93a2708': {'command': '.scan', 'id': 'a80d55a0534345c6b961fd23281ec924', 'timestamp': '2026-07-13T03:51:10', 'type': 'rift_command'}, 'f3ca26254f6143a7bc480159171476ca': {'command': '.vision', 'id': 'e4ed75597ff54024a9be2f40a2f5ae79', 'timestamp': '2026-07-13T03:50:50', 'type': 'rift_command'}}, paused=False
[2026-07-13T04:00:52.835945] _poll_chat: data=False
[2026-07-13T04:00:54.024982] _poll_chat: data=False
[2026-07-13T04:00:54.517151] _poll_commands: data={'1d4b5dfd6fa546eabf7b0fceccec629b': {'command': '.scan', 'id': 'd5edcd97c5074036b664d11dcfd8fc70', 'timestamp': '2026-07-13T03:50:20', 'type': 'rift_command'}, '270fa59f99ec4a42a5e88780f93a2708': {'command': '.scan', 'id': 'a80d55a0534345c6b961fd23281ec924', 'timestamp': '2026-07-13T03:51:10', 'type': 'rift_command'}, 'f3ca26254f6143a7bc480159171476ca': {'command': '.vision', 'id': 'e4ed75597ff54024a9be2f40a2f5ae79', 'timestamp': '2026-07-13T03:50:50', 'type': 'rift_command'}}, paused=False
[2026-07-13T04:00:55.213203] _poll_chat: data=False
[2026-07-13T04:00:56.399849] _poll_chat: data=False
[2026-07-13T04:00:56.712051] _poll_commands: data={'1d4b5dfd6fa546eabf7b0fceccec629b': {'command': '.scan', 'id': 'd5edcd97c5074036b664d11dcfd8fc70', 'timestamp': '2026-07-13T03:50:20', 'type': 'rift_command'}, '270fa59f99ec4a42a5e88780f93a2708': {'command': '.scan', 'id': 'a80d55a0534345c6b961fd23281ec924', 'timestamp': '2026-07-13T03:51:10', 'type': 'rift_command'}, 'f3ca26254f6143a7bc480159171476ca': {'command': '.vision', 'id': 'e4ed75597ff54024a9be2f40a2f5ae79', 'timestamp': '2026-07-13T03:50:50', 'type': 'rift_command'}}, paused=False
[2026-07-13T04:00:57.589777] _poll_chat: data=False
[2026-07-13T04:00:58.781157] _poll_chat: data=False
[2026-07-13T04:00:58.906415] _poll_commands: data={'1d4b5dfd6fa546eabf7b0fceccec629b': {'command': '.scan', 'id': 'd5edcd97c5074036b664d11dcfd8fc70', 'timestamp': '2026-07-13T03:50:20', 'type': 'rift_command'}, '270fa59f99ec4a42a5e88780f93a2708': {'command': '.scan', 'id': 'a80d55a0534345c6b961fd23281ec924', 'timestamp': '2026-07-13T03:51:10', 'type': 'rift_command'}, 'f3ca26254f6143a7bc480159171476ca': {'command': '.vision', 'id': 'e4ed75597ff54024a9be2f40a2f5ae79', 'timestamp': '2026-07-13T03:50:50', 'type': 'rift_command'}}, paused=False
[2026-07-13T04:00:59.968398] _poll_chat: data=False
[2026-07-13T04:01:01.103384] _poll_commands: data={'1d4b5dfd6fa546eabf7b0fceccec629b': {'command': '.scan', 'id': 'd5edcd97c5074036b664d11dcfd8fc70', 'timestamp': '2026-07-13T03:50:20', 'type': 'rift_command'}, '270fa59f99ec4a42a5e88780f93a2708': {'command': '.scan', 'id': 'a80d55a0534345c6b961fd23281ec924', 'timestamp': '2026-07-13T03:51:10', 'type': 'rift_command'}, 'f3ca26254f6143a7bc480159171476ca': {'command': '.vision', 'id': 'e4ed75597ff54024a9be2f40a2f5ae79', 'timestamp': '2026-07-13T03:50:50', 'type': 'rift_command'}}, paused=False
[2026-07-13T04:01:01.152052] _poll_chat: data=False
[2026-07-13T04:01:02.339494] _poll_chat: data=False
[2026-07-13T04:01:03.295351] _poll_commands: data={'1d4b5dfd6fa546eabf7b0fceccec629b': {'command': '.scan', 'id': 'd5edcd97c5074036b664d11dcfd8fc70', 'timestamp': '2026-07-13T03:50:20', 'type': 'rift_command'}, '270fa59f99ec4a42a5e88780f93a2708': {'command': '.scan', 'id': 'a80d55a0534345c6b961fd23281ec924', 'timestamp': '2026-07-13T03:51:10', 'type': 'rift_command'}, 'f3ca26254f6143a7bc480159171476ca': {'command': '.vision', 'id': 'e4ed75597ff54024a9be2f40a2f5ae79', 'timestamp': '2026-07-13T03:50:50', 'type': 'rift_command'}}, paused=False
[2026-07-13T04:01:03.529441] _poll_chat: data=False
[2026-07-13T04:01:04.715077] _poll_chat: data=False
[2026-07-13T04:01:05.489754] _poll_commands: data={'1d4b5dfd6fa546eabf7b0fceccec629b': {'command': '.scan', 'id': 'd5edcd97c5074036b664d11dcfd8fc70', 'timestamp': '2026-07-13T03:50:20', 'type': 'rift_command'}, '270fa59f99ec4a42a5e88780f93a2708': {'command': '.scan', 'id': 'a80d55a0534345c6b961fd23281ec924', 'timestamp': '2026-07-13T03:51:10', 'type': 'rift_command'}, 'f3ca26254f6143a7bc480159171476ca': {'command': '.vision', 'id': 'e4ed75597ff54024a9be2f40a2f5ae79', 'timestamp': '2026-07-13T03:50:50', 'type': 'rift_command'}}, paused=False
[2026-07-13T04:01:05.901815] _poll_chat: data=False
[2026-07-13T04:01:07.086325] _poll_chat: data=False
[2026-07-13T04:01:07.681907] _poll_commands: data={'1d4b5dfd6fa546eabf7b0fceccec629b': {'command': '.scan', 'id': 'd5edcd97c5074036b664d11dcfd8fc70', 'timestamp': '2026-07-13T03:50:20', 'type': 'rift_command'}, '270fa59f99ec4a42a5e88780f93a2708': {'command': '.scan', 'id': 'a80d55a0534345c6b961fd23281ec924', 'timestamp': '2026-07-13T03:51:10', 'type': 'rift_command'}, 'f3ca26254f6143a7bc480159171476ca': {'command': '.vision', 'id': 'e4ed75597ff54024a9be2f40a2f5ae79', 'timestamp': '2026-07-13T03:50:50', 'type': 'rift_command'}}, paused=False
[2026-07-13T04:01:08.276726] _poll_chat: data=False
[2026-07-13T04:01:09.462942] _poll_chat: data=False
[2026-07-13T04:01:09.875623] _poll_commands: data={'1d4b5dfd6fa546eabf7b0fceccec629b': {'command': '.scan', 'id': 'd5edcd97c5074036b664d11dcfd8fc70', 'timestamp': '2026-07-13T03:50:20', 'type': 'rift_command'}, '270fa59f99ec4a42a5e88780f93a2708': {'command': '.scan', 'id': 'a80d55a0534345c6b961fd23281ec924', 'timestamp': '2026-07-13T03:51:10', 'type': 'rift_command'}, 'f3ca26254f6143a7bc480159171476ca': {'command': '.vision', 'id': 'e4ed75597ff54024a9be2f40a2f5ae79', 'timestamp': '2026-07-13T03:50:50', 'type': 'rift_command'}}, paused=False
[2026-07-13T04:01:10.656047] _poll_chat: data=False
[2026-07-13T04:01:11.849958] _poll_chat: data=False
[2026-07-13T04:01:12.071366] _poll_commands: data={'1d4b5dfd6fa546eabf7b0fceccec629b': {'command': '.scan', 'id': 'd5edcd97c5074036b664d11dcfd8fc70', 'timestamp': '2026-07-13T03:50:20', 'type': 'rift_command'}, '270fa59f99ec4a42a5e88780f93a2708': {'command': '.scan', 'id': 'a80d55a0534345c6b961fd23281ec924', 'timestamp': '2026-07-13T03:51:10', 'type': 'rift_command'}, 'f3ca26254f6143a7bc480159171476ca': {'command': '.vision', 'id': 'e4ed75597ff54024a9be2f40a2f5ae79', 'timestamp': '2026-07-13T03:50:50', 'type': 'rift_command'}}, paused=False
[2026-07-13T04:01:13.038338] _poll_chat: data=False
[2026-07-13T04:01:14.223192] _poll_chat: data=False
[2026-07-13T04:01:14.259893] _poll_commands: data={'1d4b5dfd6fa546eabf7b0fceccec629b': {'command': '.scan', 'id': 'd5edcd97c5074036b664d11dcfd8fc70', 'timestamp': '2026-07-13T03:50:20', 'type': 'rift_command'}, '270fa59f99ec4a42a5e88780f93a2708': {'command': '.scan', 'id': 'a80d55a0534345c6b961fd23281ec924', 'timestamp': '2026-07-13T03:51:10', 'type': 'rift_command'}, 'f3ca26254f6143a7bc480159171476ca': {'command': '.vision', 'id': 'e4ed75597ff54024a9be2f40a2f5ae79', 'timestamp': '2026-07-13T03:50:50', 'type': 'rift_command'}}, paused=False
[2026-07-13T04:01:15.410984] _poll_chat: data=False
[2026-07-13T04:01:16.449997] _poll_commands: data={'1d4b5dfd6fa546eabf7b0fceccec629b': {'command': '.scan', 'id': 'd5edcd97c5074036b664d11dcfd8fc70', 'timestamp': '2026-07-13T03:50:20', 'type': 'rift_command'}, '270fa59f99ec4a42a5e88780f93a2708': {'command': '.scan', 'id': 'a80d55a0534345c6b961fd23281ec924', 'timestamp': '2026-07-13T03:51:10', 'type': 'rift_command'}, 'f3ca26254f6143a7bc480159171476ca': {'command': '.vision', 'id': 'e4ed75597ff54024a9be2f40a2f5ae79', 'timestamp': '2026-07-13T03:50:50', 'type': 'rift_command'}}, paused=False
[2026-07-13T04:01:16.603368] _poll_chat: data=False
[2026-07-13T04:01:17.796838] _poll_chat: data=False
[2026-07-13T04:01:18.638479] _poll_commands: data={'1d4b5dfd6fa546eabf7b0fceccec629b': {'command': '.scan', 'id': 'd5edcd97c5074036b664d11dcfd8fc70', 'timestamp': '2026-07-13T03:50:20', 'type': 'rift_command'}, '270fa59f99ec4a42a5e88780f93a2708': {'command': '.scan', 'id': 'a80d55a0534345c6b961fd23281ec924', 'timestamp': '2026-07-13T03:51:10', 'type': 'rift_command'}, 'f3ca26254f6143a7bc480159171476ca': {'command': '.vision', 'id': 'e4ed75597ff54024a9be2f40a2f5ae79', 'timestamp': '2026-07-13T03:50:50', 'type': 'rift_command'}}, paused=False
[2026-07-13T04:01:18.983851] _poll_chat: data=False
[2026-07-13T04:01:20.171585] _poll_chat: data=False
[2026-07-13T04:01:20.834789] _poll_commands: data={'1d4b5dfd6fa546eabf7b0fceccec629b': {'command': '.scan', 'id': 'd5edcd97c5074036b664d11dcfd8fc70', 'timestamp': '2026-07-13T03:50:20', 'type': 'rift_command'}, '270fa59f99ec4a42a5e88780f93a2708': {'command': '.scan', 'id': 'a80d55a0534345c6b961fd23281ec924', 'timestamp': '2026-07-13T03:51:10', 'type': 'rift_command'}, 'f3ca26254f6143a7bc480159171476ca': {'command': '.vision', 'id': 'e4ed75597ff54024a9be2f40a2f5ae79', 'timestamp': '2026-07-13T03:50:50', 'type': 'rift_command'}}, paused=False
[2026-07-13T04:01:21.361879] _poll_chat: data=False
[2026-07-13T04:01:22.559106] _poll_chat: data=False
[2026-07-13T04:01:23.026052] _poll_commands: data={'1d4b5dfd6fa546eabf7b0fceccec629b': {'command': '.scan', 'id': 'd5edcd97c5074036b664d11dcfd8fc70', 'timestamp': '2026-07-13T03:50:20', 'type': 'rift_command'}, '270fa59f99ec4a42a5e88780f93a2708': {'command': '.scan', 'id': 'a80d55a0534345c6b961fd23281ec924', 'timestamp': '2026-07-13T03:51:10', 'type': 'rift_command'}, 'f3ca26254f6143a7bc480159171476ca': {'command': '.vision', 'id': 'e4ed75597ff54024a9be2f40a2f5ae79', 'timestamp': '2026-07-13T03:50:50', 'type': 'rift_command'}}, paused=False
[2026-07-13T04:01:23.746416] _poll_chat: data=False
[2026-07-13T04:01:24.935559] _poll_chat: data=False
[2026-07-13T04:01:25.217398] _poll_commands: data={'1d4b5dfd6fa546eabf7b0fceccec629b': {'command': '.scan', 'id': 'd5edcd97c5074036b664d11dcfd8fc70', 'timestamp': '2026-07-13T03:50:20', 'type': 'rift_command'}, '270fa59f99ec4a42a5e88780f93a2708': {'command': '.scan', 'id': 'a80d55a0534345c6b961fd23281ec924', 'timestamp': '2026-07-13T03:51:10', 'type': 'rift_command'}, 'f3ca26254f6143a7bc480159171476ca': {'command': '.vision', 'id': 'e4ed75597ff54024a9be2f40a2f5ae79', 'timestamp': '2026-07-13T03:50:50', 'type': 'rift_command'}}, paused=False
[2026-07-13T04:01:26.126345] _poll_chat: data=False
[2026-07-13T04:01:27.317608] _poll_chat: data=False
[2026-07-13T04:01:27.407421] _poll_commands: data={'1d4b5dfd6fa546eabf7b0fceccec629b': {'command': '.scan', 'id': 'd5edcd97c5074036b664d11dcfd8fc70', 'timestamp': '2026-07-13T03:50:20', 'type': 'rift_command'}, '270fa59f99ec4a42a5e88780f93a2708': {'command': '.scan', 'id': 'a80d55a0534345c6b961fd23281ec924', 'timestamp': '2026-07-13T03:51:10', 'type': 'rift_command'}, 'f3ca26254f6143a7bc480159171476ca': {'command': '.vision', 'id': 'e4ed75597ff54024a9be2f40a2f5ae79', 'timestamp': '2026-07-13T03:50:50', 'type': 'rift_command'}}, paused=False
[2026-07-13T04:01:28.507688] _poll_chat: data=False
[2026-07-13T04:01:29.594264] _poll_commands: data={'1d4b5dfd6fa546eabf7b0fceccec629b': {'command': '.scan', 'id': 'd5edcd97c5074036b664d11dcfd8fc70', 'timestamp': '2026-07-13T03:50:20', 'type': 'rift_command'}, '270fa59f99ec4a42a5e88780f93a2708': {'command': '.scan', 'id': 'a80d55a0534345c6b961fd23281ec924', 'timestamp': '2026-07-13T03:51:10', 'type': 'rift_command'}, 'f3ca26254f6143a7bc480159171476ca': {'command': '.vision', 'id': 'e4ed75597ff54024a9be2f40a2f5ae79', 'timestamp': '2026-07-13T03:50:50', 'type': 'rift_command'}}, paused=False
[2026-07-13T04:01:29.699077] _poll_chat: data=False
[2026-07-13T04:01:30.889294] _poll_chat: data=False
[2026-07-13T04:01:31.789397] _poll_commands: data={'1d4b5dfd6fa546eabf7b0fceccec629b': {'command': '.scan', 'id': 'd5edcd97c5074036b664d11dcfd8fc70', 'timestamp': '2026-07-13T03:50:20', 'type': 'rift_command'}, '270fa59f99ec4a42a5e88780f93a2708': {'command': '.scan', 'id': 'a80d55a0534345c6b961fd23281ec924', 'timestamp': '2026-07-13T03:51:10', 'type': 'rift_command'}, 'f3ca26254f6143a7bc480159171476ca': {'command': '.vision', 'id': 'e4ed75597ff54024a9be2f40a2f5ae79', 'timestamp': '2026-07-13T03:50:50', 'type': 'rift_command'}}, paused=False
[2026-07-13T04:01:32.079294] _poll_chat: data=False
[2026-07-13T04:01:33.267885] _poll_chat: data=False
[2026-07-13T04:01:33.981523] _poll_commands: data={'1d4b5dfd6fa546eabf7b0fceccec629b': {'command': '.scan', 'id': 'd5edcd97c5074036b664d11dcfd8fc70', 'timestamp': '2026-07-13T03:50:20', 'type': 'rift_command'}, '270fa59f99ec4a42a5e88780f93a2708': {'command': '.scan', 'id': 'a80d55a0534345c6b961fd23281ec924', 'timestamp': '2026-07-13T03:51:10', 'type': 'rift_command'}, 'f3ca26254f6143a7bc480159171476ca': {'command': '.vision', 'id': 'e4ed75597ff54024a9be2f40a2f5ae79', 'timestamp': '2026-07-13T03:50:50', 'type': 'rift_command'}}, paused=False
[2026-07-13T04:01:34.457111] _poll_chat: data=False
[2026-07-13T04:01:35.640812] _poll_chat: data=False
[2026-07-13T04:01:36.174747] _poll_commands: data={'1d4b5dfd6fa546eabf7b0fceccec629b': {'command': '.scan', 'id': 'd5edcd97c5074036b664d11dcfd8fc70', 'timestamp': '2026-07-13T03:50:20', 'type': 'rift_command'}, '270fa59f99ec4a42a5e88780f93a2708': {'command': '.scan', 'id': 'a80d55a0534345c6b961fd23281ec924', 'timestamp': '2026-07-13T03:51:10', 'type': 'rift_command'}, 'f3ca26254f6143a7bc480159171476ca': {'command': '.vision', 'id': 'e4ed75597ff54024a9be2f40a2f5ae79', 'timestamp': '2026-07-13T03:50:50', 'type': 'rift_command'}}, paused=False
[2026-07-13T04:01:36.960356] _poll_chat: data=False
[2026-07-13T04:01:38.147081] _poll_chat: data=False
[2026-07-13T04:01:38.366772] _poll_commands: data={'1d4b5dfd6fa546eabf7b0fceccec629b': {'command': '.scan', 'id': 'd5edcd97c5074036b664d11dcfd8fc70', 'timestamp': '2026-07-13T03:50:20', 'type': 'rift_command'}, '270fa59f99ec4a42a5e88780f93a2708': {'command': '.scan', 'id': 'a80d55a0534345c6b961fd23281ec924', 'timestamp': '2026-07-13T03:51:10', 'type': 'rift_command'}, 'f3ca26254f6143a7bc480159171476ca': {'command': '.vision', 'id': 'e4ed75597ff54024a9be2f40a2f5ae79', 'timestamp': '2026-07-13T03:50:50', 'type': 'rift_command'}}, paused=False
[2026-07-13T04:01:39.336643] _poll_chat: data=False
[2026-07-13T04:01:40.525593] _poll_chat: data=False
[2026-07-13T04:01:40.563484] _poll_commands: data={'1d4b5dfd6fa546eabf7b0fceccec629b': {'command': '.scan', 'id': 'd5edcd97c5074036b664d11dcfd8fc70', 'timestamp': '2026-07-13T03:50:20', 'type': 'rift_command'}, '270fa59f99ec4a42a5e88780f93a2708': {'command': '.scan', 'id': 'a80d55a0534345c6b961fd23281ec924', 'timestamp': '2026-07-13T03:51:10', 'type': 'rift_command'}, 'f3ca26254f6143a7bc480159171476ca': {'command': '.vision', 'id': 'e4ed75597ff54024a9be2f40a2f5ae79', 'timestamp': '2026-07-13T03:50:50', 'type': 'rift_command'}}, paused=False
[2026-07-13T04:01:41.710804] _poll_chat: data=False
[2026-07-13T04:01:42.757923] _poll_commands: data={'1d4b5dfd6fa546eabf7b0fceccec629b': {'command': '.scan', 'id': 'd5edcd97c5074036b664d11dcfd8fc70', 'timestamp': '2026-07-13T03:50:20', 'type': 'rift_command'}, '270fa59f99ec4a42a5e88780f93a2708': {'command': '.scan', 'id': 'a80d55a0534345c6b961fd23281ec924', 'timestamp': '2026-07-13T03:51:10', 'type': 'rift_command'}, 'f3ca26254f6143a7bc480159171476ca': {'command': '.vision', 'id': 'e4ed75597ff54024a9be2f40a2f5ae79', 'timestamp': '2026-07-13T03:50:50', 'type': 'rift_command'}}, paused=False
[2026-07-13T04:01:42.895666] _poll_chat: data=False
[2026-07-13T04:01:44.087960] _poll_chat: data=False
[2026-07-13T04:01:44.949186] _poll_commands: data={'1d4b5dfd6fa546eabf7b0fceccec629b': {'command': '.scan', 'id': 'd5edcd97c5074036b664d11dcfd8fc70', 'timestamp': '2026-07-13T03:50:20', 'type': 'rift_command'}, '270fa59f99ec4a42a5e88780f93a2708': {'command': '.scan', 'id': 'a80d55a0534345c6b961fd23281ec924', 'timestamp': '2026-07-13T03:51:10', 'type': 'rift_command'}, 'f3ca26254f6143a7bc480159171476ca': {'command': '.vision', 'id': 'e4ed75597ff54024a9be2f40a2f5ae79', 'timestamp': '2026-07-13T03:50:50', 'type': 'rift_command'}}, paused=False
[2026-07-13T04:01:45.277882] _poll_chat: data=False
[2026-07-13T04:01:46.474324] _poll_chat: data=False
[2026-07-13T04:01:47.140355] _poll_commands: data={'1d4b5dfd6fa546eabf7b0fceccec629b': {'command': '.scan', 'id': 'd5edcd97c5074036b664d11dcfd8fc70', 'timestamp': '2026-07-13T03:50:20', 'type': 'rift_command'}, '270fa59f99ec4a42a5e88780f93a2708': {'command': '.scan', 'id': 'a80d55a0534345c6b961fd23281ec924', 'timestamp': '2026-07-13T03:51:10', 'type': 'rift_command'}, 'f3ca26254f6143a7bc480159171476ca': {'command': '.vision', 'id': 'e4ed75597ff54024a9be2f40a2f5ae79', 'timestamp': '2026-07-13T03:50:50', 'type': 'rift_command'}}, paused=False
[2026-07-13T04:01:47.667236] _poll_chat: data=False
[2026-07-13T04:01:48.854045] _poll_chat: data=False
[2026-07-13T04:01:49.339092] _poll_commands: data={'1d4b5dfd6fa546eabf7b0fceccec629b': {'command': '.scan', 'id': 'd5edcd97c5074036b664d11dcfd8fc70', 'timestamp': '2026-07-13T03:50:20', 'type': 'rift_command'}, '270fa59f99ec4a42a5e88780f93a2708': {'command': '.scan', 'id': 'a80d55a0534345c6b961fd23281ec924', 'timestamp': '2026-07-13T03:51:10', 'type': 'rift_command'}, 'f3ca26254f6143a7bc480159171476ca': {'command': '.vision', 'id': 'e4ed75597ff54024a9be2f40a2f5ae79', 'timestamp': '2026-07-13T03:50:50', 'type': 'rift_command'}}, paused=False
[2026-07-13T04:01:50.042386] _poll_chat: data=False
[2026-07-13T04:01:51.234177] _poll_chat: data=False
[2026-07-13T04:01:51.528622] _poll_commands: data={'1d4b5dfd6fa546eabf7b0fceccec629b': {'command': '.scan', 'id': 'd5edcd97c5074036b664d11dcfd8fc70', 'timestamp': '2026-07-13T03:50:20', 'type': 'rift_command'}, '270fa59f99ec4a42a5e88780f93a2708': {'command': '.scan', 'id': 'a80d55a0534345c6b961fd23281ec924', 'timestamp': '2026-07-13T03:51:10', 'type': 'rift_command'}, 'f3ca26254f6143a7bc480159171476ca': {'command': '.vision', 'id': 'e4ed75597ff54024a9be2f40a2f5ae79', 'timestamp': '2026-07-13T03:50:50', 'type': 'rift_command'}}, paused=False
[2026-07-13T04:01:52.424083] _poll_chat: data=False
[2026-07-13T04:01:53.612136] _poll_chat: data=False
[2026-07-13T04:01:53.725924] _poll_commands: data={'1d4b5dfd6fa546eabf7b0fceccec629b': {'command': '.scan', 'id': 'd5edcd97c5074036b664d11dcfd8fc70', 'timestamp': '2026-07-13T03:50:20', 'type': 'rift_command'}, '270fa59f99ec4a42a5e88780f93a2708': {'command': '.scan', 'id': 'a80d55a0534345c6b961fd23281ec924', 'timestamp': '2026-07-13T03:51:10', 'type': 'rift_command'}, 'f3ca26254f6143a7bc480159171476ca': {'command': '.vision', 'id': 'e4ed75597ff54024a9be2f40a2f5ae79', 'timestamp': '2026-07-13T03:50:50', 'type': 'rift_command'}}, paused=False
[2026-07-13T04:01:54.804298] _poll_chat: data=False
[2026-07-13T04:01:55.919021] _poll_commands: data={'1d4b5dfd6fa546eabf7b0fceccec629b': {'command': '.scan', 'id': 'd5edcd97c5074036b664d11dcfd8fc70', 'timestamp': '2026-07-13T03:50:20', 'type': 'rift_command'}, '270fa59f99ec4a42a5e88780f93a2708': {'command': '.scan', 'id': 'a80d55a0534345c6b961fd23281ec924', 'timestamp': '2026-07-13T03:51:10', 'type': 'rift_command'}, 'f3ca26254f6143a7bc480159171476ca': {'command': '.vision', 'id': 'e4ed75597ff54024a9be2f40a2f5ae79', 'timestamp': '2026-07-13T03:50:50', 'type': 'rift_command'}}, paused=False
[2026-07-13T04:01:55.992625] _poll_chat: data=False
[2026-07-13T04:01:57.181099] _poll_chat: data=False
[2026-07-13T04:01:58.113887] _poll_commands: data={'1d4b5dfd6fa546eabf7b0fceccec629b': {'command': '.scan', 'id': 'd5edcd97c5074036b664d11dcfd8fc70', 'timestamp': '2026-07-13T03:50:20', 'type': 'rift_command'}, '270fa59f99ec4a42a5e88780f93a2708': {'command': '.scan', 'id': 'a80d55a0534345c6b961fd23281ec924', 'timestamp': '2026-07-13T03:51:10', 'type': 'rift_command'}, 'f3ca26254f6143a7bc480159171476ca': {'command': '.vision', 'id': 'e4ed75597ff54024a9be2f40a2f5ae79', 'timestamp': '2026-07-13T03:50:50', 'type': 'rift_command'}}, paused=False
[2026-07-13T04:01:58.369867] _poll_chat: data=False
[2026-07-13T04:01:59.589794] _poll_chat: data=False
[2026-07-13T04:02:00.308292] _poll_commands: data={'1d4b5dfd6fa546eabf7b0fceccec629b': {'command': '.scan', 'id': 'd5edcd97c5074036b664d11dcfd8fc70', 'timestamp': '2026-07-13T03:50:20', 'type': 'rift_command'}, '270fa59f99ec4a42a5e88780f93a2708': {'command': '.scan', 'id': 'a80d55a0534345c6b961fd23281ec924', 'timestamp': '2026-07-13T03:51:10', 'type': 'rift_command'}, 'f3ca26254f6143a7bc480159171476ca': {'command': '.vision', 'id': 'e4ed75597ff54024a9be2f40a2f5ae79', 'timestamp': '2026-07-13T03:50:50', 'type': 'rift_command'}}, paused=False
[2026-07-13T04:02:00.779470] _poll_chat: data=False
[2026-07-13T04:02:01.973802] _poll_chat: data=False
[2026-07-13T04:02:02.496323] _poll_commands: data={'1d4b5dfd6fa546eabf7b0fceccec629b': {'command': '.scan', 'id': 'd5edcd97c5074036b664d11dcfd8fc70', 'timestamp': '2026-07-13T03:50:20', 'type': 'rift_command'}, '270fa59f99ec4a42a5e88780f93a2708': {'command': '.scan', 'id': 'a80d55a0534345c6b961fd23281ec924', 'timestamp': '2026-07-13T03:51:10', 'type': 'rift_command'}, 'f3ca26254f6143a7bc480159171476ca': {'command': '.vision', 'id': 'e4ed75597ff54024a9be2f40a2f5ae79', 'timestamp': '2026-07-13T03:50:50', 'type': 'rift_command'}}, paused=False
[2026-07-13T04:02:03.159343] _poll_chat: data=False
[2026-07-13T04:02:04.345135] _poll_chat: data=False
[2026-07-13T04:02:04.689420] _poll_commands: data={'1d4b5dfd6fa546eabf7b0fceccec629b': {'command': '.scan', 'id': 'd5edcd97c5074036b664d11dcfd8fc70', 'timestamp': '2026-07-13T03:50:20', 'type': 'rift_command'}, '270fa59f99ec4a42a5e88780f93a2708': {'command': '.scan', 'id': 'a80d55a0534345c6b961fd23281ec924', 'timestamp': '2026-07-13T03:51:10', 'type': 'rift_command'}, 'f3ca26254f6143a7bc480159171476ca': {'command': '.vision', 'id': 'e4ed75597ff54024a9be2f40a2f5ae79', 'timestamp': '2026-07-13T03:50:50', 'type': 'rift_command'}}, paused=False
[2026-07-13T04:02:05.535490] _poll_chat: data=False
[2026-07-13T04:02:06.725311] _poll_chat: data=False
[2026-07-13T04:02:06.879637] _poll_commands: data={'1d4b5dfd6fa546eabf7b0fceccec629b': {'command': '.scan', 'id': 'd5edcd97c5074036b664d11dcfd8fc70', 'timestamp': '2026-07-13T03:50:20', 'type': 'rift_command'}, '270fa59f99ec4a42a5e88780f93a2708': {'command': '.scan', 'id': 'a80d55a0534345c6b961fd23281ec924', 'timestamp': '2026-07-13T03:51:10', 'type': 'rift_command'}, 'f3ca26254f6143a7bc480159171476ca': {'command': '.vision', 'id': 'e4ed75597ff54024a9be2f40a2f5ae79', 'timestamp': '2026-07-13T03:50:50', 'type': 'rift_command'}}, paused=False
[2026-07-13T04:02:07.919167] _poll_chat: data=False
[2026-07-13T04:02:09.072693] _poll_commands: data={'1d4b5dfd6fa546eabf7b0fceccec629b': {'command': '.scan', 'id': 'd5edcd97c5074036b664d11dcfd8fc70', 'timestamp': '2026-07-13T03:50:20', 'type': 'rift_command'}, '270fa59f99ec4a42a5e88780f93a2708': {'command': '.scan', 'id': 'a80d55a0534345c6b961fd23281ec924', 'timestamp': '2026-07-13T03:51:10', 'type': 'rift_command'}, 'f3ca26254f6143a7bc480159171476ca': {'command': '.vision', 'id': 'e4ed75597ff54024a9be2f40a2f5ae79', 'timestamp': '2026-07-13T03:50:50', 'type': 'rift_command'}}, paused=False
[2026-07-13T04:02:09.105823] _poll_chat: data=False
[2026-07-13T04:02:10.299727] _poll_chat: data=False
[2026-07-13T04:02:11.269106] _poll_commands: data={'1d4b5dfd6fa546eabf7b0fceccec629b': {'command': '.scan', 'id': 'd5edcd97c5074036b664d11dcfd8fc70', 'timestamp': '2026-07-13T03:50:20', 'type': 'rift_command'}, '270fa59f99ec4a42a5e88780f93a2708': {'command': '.scan', 'id': 'a80d55a0534345c6b961fd23281ec924', 'timestamp': '2026-07-13T03:51:10', 'type': 'rift_command'}, 'f3ca26254f6143a7bc480159171476ca': {'command': '.vision', 'id': 'e4ed75597ff54024a9be2f40a2f5ae79', 'timestamp': '2026-07-13T03:50:50', 'type': 'rift_command'}}, paused=False
[2026-07-13T04:02:11.488040] _poll_chat: data=False
[2026-07-13T04:02:12.673140] _poll_chat: data=False
[2026-07-13T04:02:13.462789] _poll_commands: data={'1d4b5dfd6fa546eabf7b0fceccec629b': {'command': '.scan', 'id': 'd5edcd97c5074036b664d11dcfd8fc70', 'timestamp': '2026-07-13T03:50:20', 'type': 'rift_command'}, '270fa59f99ec4a42a5e88780f93a2708': {'command': '.scan', 'id': 'a80d55a0534345c6b961fd23281ec924', 'timestamp': '2026-07-13T03:51:10', 'type': 'rift_command'}, 'f3ca26254f6143a7bc480159171476ca': {'command': '.vision', 'id': 'e4ed75597ff54024a9be2f40a2f5ae79', 'timestamp': '2026-07-13T03:50:50', 'type': 'rift_command'}}, paused=False
[2026-07-13T04:02:13.866712] _poll_chat: data=False
[2026-07-13T04:02:15.050745] _poll_chat: data=False
[2026-07-13T04:02:15.663111] _poll_commands: data={'1d4b5dfd6fa546eabf7b0fceccec629b': {'command': '.scan', 'id': 'd5edcd97c5074036b664d11dcfd8fc70', 'timestamp': '2026-07-13T03:50:20', 'type': 'rift_command'}, '270fa59f99ec4a42a5e88780f93a2708': {'command': '.scan', 'id': 'a80d55a0534345c6b961fd23281ec924', 'timestamp': '2026-07-13T03:51:10', 'type': 'rift_command'}, 'f3ca26254f6143a7bc480159171476ca': {'command': '.vision', 'id': 'e4ed75597ff54024a9be2f40a2f5ae79', 'timestamp': '2026-07-13T03:50:50', 'type': 'rift_command'}}, paused=False
[2026-07-13T04:02:16.237996] _poll_chat: data=False
[2026-07-13T04:02:17.425403] _poll_chat: data=False
[2026-07-13T04:02:17.857775] _poll_commands: data={'1d4b5dfd6fa546eabf7b0fceccec629b': {'command': '.scan', 'id': 'd5edcd97c5074036b664d11dcfd8fc70', 'timestamp': '2026-07-13T03:50:20', 'type': 'rift_command'}, '270fa59f99ec4a42a5e88780f93a2708': {'command': '.scan', 'id': 'a80d55a0534345c6b961fd23281ec924', 'timestamp': '2026-07-13T03:51:10', 'type': 'rift_command'}, 'f3ca26254f6143a7bc480159171476ca': {'command': '.vision', 'id': 'e4ed75597ff54024a9be2f40a2f5ae79', 'timestamp': '2026-07-13T03:50:50', 'type': 'rift_command'}}, paused=False
[2026-07-13T04:02:18.618825] _poll_chat: data=False
[2026-07-13T04:02:19.810604] _poll_chat: data=False
[2026-07-13T04:02:20.049044] _poll_commands: data={'1d4b5dfd6fa546eabf7b0fceccec629b': {'command': '.scan', 'id': 'd5edcd97c5074036b664d11dcfd8fc70', 'timestamp': '2026-07-13T03:50:20', 'type': 'rift_command'}, '270fa59f99ec4a42a5e88780f93a2708': {'command': '.scan', 'id': 'a80d55a0534345c6b961fd23281ec924', 'timestamp': '2026-07-13T03:51:10', 'type': 'rift_command'}, 'f3ca26254f6143a7bc480159171476ca': {'command': '.vision', 'id': 'e4ed75597ff54024a9be2f40a2f5ae79', 'timestamp': '2026-07-13T03:50:50', 'type': 'rift_command'}}, paused=False
[2026-07-13T04:02:20.995105] _poll_chat: data=False
[2026-07-13T04:02:22.185155] _poll_chat: data=False
[2026-07-13T04:02:22.239770] _poll_commands: data={'1d4b5dfd6fa546eabf7b0fceccec629b': {'command': '.scan', 'id': 'd5edcd97c5074036b664d11dcfd8fc70', 'timestamp': '2026-07-13T03:50:20', 'type': 'rift_command'}, '270fa59f99ec4a42a5e88780f93a2708': {'command': '.scan', 'id': 'a80d55a0534345c6b961fd23281ec924', 'timestamp': '2026-07-13T03:51:10', 'type': 'rift_command'}, 'f3ca26254f6143a7bc480159171476ca': {'command': '.vision', 'id': 'e4ed75597ff54024a9be2f40a2f5ae79', 'timestamp': '2026-07-13T03:50:50', 'type': 'rift_command'}}, paused=False
[2026-07-13T04:02:23.368955] _poll_chat: data=False
[2026-07-13T04:02:24.432247] _poll_commands: data={'1d4b5dfd6fa546eabf7b0fceccec629b': {'command': '.scan', 'id': 'd5edcd97c5074036b664d11dcfd8fc70', 'timestamp': '2026-07-13T03:50:20', 'type': 'rift_command'}, '270fa59f99ec4a42a5e88780f93a2708': {'command': '.scan', 'id': 'a80d55a0534345c6b961fd23281ec924', 'timestamp': '2026-07-13T03:51:10', 'type': 'rift_command'}, 'f3ca26254f6143a7bc480159171476ca': {'command': '.vision', 'id': 'e4ed75597ff54024a9be2f40a2f5ae79', 'timestamp': '2026-07-13T03:50:50', 'type': 'rift_command'}}, paused=False
[2026-07-13T04:02:24.556984] _poll_chat: data=False
[2026-07-13T04:02:25.739639] _poll_chat: data=False
[2026-07-13T04:02:26.633376] _poll_commands: data={'1d4b5dfd6fa546eabf7b0fceccec629b': {'command': '.scan', 'id': 'd5edcd97c5074036b664d11dcfd8fc70', 'timestamp': '2026-07-13T03:50:20', 'type': 'rift_command'}, '270fa59f99ec4a42a5e88780f93a2708': {'command': '.scan', 'id': 'a80d55a0534345c6b961fd23281ec924', 'timestamp': '2026-07-13T03:51:10', 'type': 'rift_command'}, 'f3ca26254f6143a7bc480159171476ca': {'command': '.vision', 'id': 'e4ed75597ff54024a9be2f40a2f5ae79', 'timestamp': '2026-07-13T03:50:50', 'type': 'rift_command'}}, paused=False
[2026-07-13T04:02:26.931913] _poll_chat: data=False
[2026-07-13T04:02:28.123971] _poll_chat: data=False
[2026-07-13T04:02:28.823300] _poll_commands: data={'1d4b5dfd6fa546eabf7b0fceccec629b': {'command': '.scan', 'id': 'd5edcd97c5074036b664d11dcfd8fc70', 'timestamp': '2026-07-13T03:50:20', 'type': 'rift_command'}, '270fa59f99ec4a42a5e88780f93a2708': {'command': '.scan', 'id': 'a80d55a0534345c6b961fd23281ec924', 'timestamp': '2026-07-13T03:51:10', 'type': 'rift_command'}, 'f3ca26254f6143a7bc480159171476ca': {'command': '.vision', 'id': 'e4ed75597ff54024a9be2f40a2f5ae79', 'timestamp': '2026-07-13T03:50:50', 'type': 'rift_command'}}, paused=False
[2026-07-13T04:02:29.310738] _poll_chat: data=False
[2026-07-13T04:02:30.503022] _poll_chat: data=False
[2026-07-13T04:02:31.012316] _poll_commands: data={'1d4b5dfd6fa546eabf7b0fceccec629b': {'command': '.scan', 'id': 'd5edcd97c5074036b664d11dcfd8fc70', 'timestamp': '2026-07-13T03:50:20', 'type': 'rift_command'}, '270fa59f99ec4a42a5e88780f93a2708': {'command': '.scan', 'id': 'a80d55a0534345c6b961fd23281ec924', 'timestamp': '2026-07-13T03:51:10', 'type': 'rift_command'}, 'f3ca26254f6143a7bc480159171476ca': {'command': '.vision', 'id': 'e4ed75597ff54024a9be2f40a2f5ae79', 'timestamp': '2026-07-13T03:50:50', 'type': 'rift_command'}}, paused=False
[2026-07-13T04:02:31.689974] _poll_chat: data=False
[2026-07-13T04:02:32.888273] _poll_chat: data=False
[2026-07-13T04:02:33.203144] _poll_commands: data={'1d4b5dfd6fa546eabf7b0fceccec629b': {'command': '.scan', 'id': 'd5edcd97c5074036b664d11dcfd8fc70', 'timestamp': '2026-07-13T03:50:20', 'type': 'rift_command'}, '270fa59f99ec4a42a5e88780f93a2708': {'command': '.scan', 'id': 'a80d55a0534345c6b961fd23281ec924', 'timestamp': '2026-07-13T03:51:10', 'type': 'rift_command'}, 'f3ca26254f6143a7bc480159171476ca': {'command': '.vision', 'id': 'e4ed75597ff54024a9be2f40a2f5ae79', 'timestamp': '2026-07-13T03:50:50', 'type': 'rift_command'}}, paused=False
[2026-07-13T04:02:34.071923] _poll_chat: data=False
[2026-07-13T04:02:35.260870] _poll_chat: data=False
[2026-07-13T04:02:35.392424] _poll_commands: data={'1d4b5dfd6fa546eabf7b0fceccec629b': {'command': '.scan', 'id': 'd5edcd97c5074036b664d11dcfd8fc70', 'timestamp': '2026-07-13T03:50:20', 'type': 'rift_command'}, '270fa59f99ec4a42a5e88780f93a2708': {'command': '.scan', 'id': 'a80d55a0534345c6b961fd23281ec924', 'timestamp': '2026-07-13T03:51:10', 'type': 'rift_command'}, 'f3ca26254f6143a7bc480159171476ca': {'command': '.vision', 'id': 'e4ed75597ff54024a9be2f40a2f5ae79', 'timestamp': '2026-07-13T03:50:50', 'type': 'rift_command'}}, paused=False
[2026-07-13T04:02:36.444357] _poll_chat: data=False
[2026-07-13T04:02:37.586213] _poll_commands: data={'1d4b5dfd6fa546eabf7b0fceccec629b': {'command': '.scan', 'id': 'd5edcd97c5074036b664d11dcfd8fc70', 'timestamp': '2026-07-13T03:50:20', 'type': 'rift_command'}, '270fa59f99ec4a42a5e88780f93a2708': {'command': '.scan', 'id': 'a80d55a0534345c6b961fd23281ec924', 'timestamp': '2026-07-13T03:51:10', 'type': 'rift_command'}, 'f3ca26254f6143a7bc480159171476ca': {'command': '.vision', 'id': 'e4ed75597ff54024a9be2f40a2f5ae79', 'timestamp': '2026-07-13T03:50:50', 'type': 'rift_command'}}, paused=False
[2026-07-13T04:02:37.635083] _poll_chat: data=False
[2026-07-13T04:02:38.823591] _poll_chat: data=False
[2026-07-13T04:02:39.778404] _poll_commands: data={'1d4b5dfd6fa546eabf7b0fceccec629b': {'command': '.scan', 'id': 'd5edcd97c5074036b664d11dcfd8fc70', 'timestamp': '2026-07-13T03:50:20', 'type': 'rift_command'}, '270fa59f99ec4a42a5e88780f93a2708': {'command': '.scan', 'id': 'a80d55a0534345c6b961fd23281ec924', 'timestamp': '2026-07-13T03:51:10', 'type': 'rift_command'}, 'f3ca26254f6143a7bc480159171476ca': {'command': '.vision', 'id': 'e4ed75597ff54024a9be2f40a2f5ae79', 'timestamp': '2026-07-13T03:50:50', 'type': 'rift_command'}}, paused=False
[2026-07-13T04:02:40.014793] _poll_chat: data=False
[2026-07-13T04:02:41.209740] _poll_chat: data=False
[2026-07-13T04:02:41.969703] _poll_commands: data={'1d4b5dfd6fa546eabf7b0fceccec629b': {'command': '.scan', 'id': 'd5edcd97c5074036b664d11dcfd8fc70', 'timestamp': '2026-07-13T03:50:20', 'type': 'rift_command'}, '270fa59f99ec4a42a5e88780f93a2708': {'command': '.scan', 'id': 'a80d55a0534345c6b961fd23281ec924', 'timestamp': '2026-07-13T03:51:10', 'type': 'rift_command'}, 'f3ca26254f6143a7bc480159171476ca': {'command': '.vision', 'id': 'e4ed75597ff54024a9be2f40a2f5ae79', 'timestamp': '2026-07-13T03:50:50', 'type': 'rift_command'}}, paused=False
[2026-07-13T04:02:42.390956] _poll_chat: data=False
[2026-07-13T04:02:43.580488] _poll_chat: data=False
[2026-07-13T04:02:44.163589] _poll_commands: data={'1d4b5dfd6fa546eabf7b0fceccec629b': {'command': '.scan', 'id': 'd5edcd97c5074036b664d11dcfd8fc70', 'timestamp': '2026-07-13T03:50:20', 'type': 'rift_command'}, '270fa59f99ec4a42a5e88780f93a2708': {'command': '.scan', 'id': 'a80d55a0534345c6b961fd23281ec924', 'timestamp': '2026-07-13T03:51:10', 'type': 'rift_command'}, 'f3ca26254f6143a7bc480159171476ca': {'command': '.vision', 'id': 'e4ed75597ff54024a9be2f40a2f5ae79', 'timestamp': '2026-07-13T03:50:50', 'type': 'rift_command'}}, paused=False
[2026-07-13T04:02:44.765953] _poll_chat: data=False
[2026-07-13T04:02:45.952963] _poll_chat: data=False
[2026-07-13T04:02:46.354915] _poll_commands: data={'1d4b5dfd6fa546eabf7b0fceccec629b': {'command': '.scan', 'id': 'd5edcd97c5074036b664d11dcfd8fc70', 'timestamp': '2026-07-13T03:50:20', 'type': 'rift_command'}, '270fa59f99ec4a42a5e88780f93a2708': {'command': '.scan', 'id': 'a80d55a0534345c6b961fd23281ec924', 'timestamp': '2026-07-13T03:51:10', 'type': 'rift_command'}, 'f3ca26254f6143a7bc480159171476ca': {'command': '.vision', 'id': 'e4ed75597ff54024a9be2f40a2f5ae79', 'timestamp': '2026-07-13T03:50:50', 'type': 'rift_command'}}, paused=False
[2026-07-13T04:02:47.137134] _poll_chat: data=False
[2026-07-13T04:02:48.321318] _poll_chat: data=False
[2026-07-13T04:02:48.545589] _poll_commands: data={'1d4b5dfd6fa546eabf7b0fceccec629b': {'command': '.scan', 'id': 'd5edcd97c5074036b664d11dcfd8fc70', 'timestamp': '2026-07-13T03:50:20', 'type': 'rift_command'}, '270fa59f99ec4a42a5e88780f93a2708': {'command': '.scan', 'id': 'a80d55a0534345c6b961fd23281ec924', 'timestamp': '2026-07-13T03:51:10', 'type': 'rift_command'}, 'f3ca26254f6143a7bc480159171476ca': {'command': '.vision', 'id': 'e4ed75597ff54024a9be2f40a2f5ae79', 'timestamp': '2026-07-13T03:50:50', 'type': 'rift_command'}}, paused=False
[2026-07-13T04:02:49.509759] _poll_chat: data=False
[2026-07-13T04:02:50.697606] _poll_chat: data=False
[2026-07-13T04:02:50.737188] _poll_commands: data={'1d4b5dfd6fa546eabf7b0fceccec629b': {'command': '.scan', 'id': 'd5edcd97c5074036b664d11dcfd8fc70', 'timestamp': '2026-07-13T03:50:20', 'type': 'rift_command'}, '270fa59f99ec4a42a5e88780f93a2708': {'command': '.scan', 'id': 'a80d55a0534345c6b961fd23281ec924', 'timestamp': '2026-07-13T03:51:10', 'type': 'rift_command'}, 'f3ca26254f6143a7bc480159171476ca': {'command': '.vision', 'id': 'e4ed75597ff54024a9be2f40a2f5ae79', 'timestamp': '2026-07-13T03:50:50', 'type': 'rift_command'}}, paused=False
[2026-07-13T04:02:51.883560] _poll_chat: data=False
[2026-07-13T04:02:52.926659] _poll_commands: data={'1d4b5dfd6fa546eabf7b0fceccec629b': {'command': '.scan', 'id': 'd5edcd97c5074036b664d11dcfd8fc70', 'timestamp': '2026-07-13T03:50:20', 'type': 'rift_command'}, '270fa59f99ec4a42a5e88780f93a2708': {'command': '.scan', 'id': 'a80d55a0534345c6b961fd23281ec924', 'timestamp': '2026-07-13T03:51:10', 'type': 'rift_command'}, 'f3ca26254f6143a7bc480159171476ca': {'command': '.vision', 'id': 'e4ed75597ff54024a9be2f40a2f5ae79', 'timestamp': '2026-07-13T03:50:50', 'type': 'rift_command'}}, paused=False
[2026-07-13T04:02:53.069301] _poll_chat: data=False
[2026-07-13T04:02:54.254006] _poll_chat: data=False
[2026-07-13T04:02:55.118472] _poll_commands: data={'1d4b5dfd6fa546eabf7b0fceccec629b': {'command': '.scan', 'id': 'd5edcd97c5074036b664d11dcfd8fc70', 'timestamp': '2026-07-13T03:50:20', 'type': 'rift_command'}, '270fa59f99ec4a42a5e88780f93a2708': {'command': '.scan', 'id': 'a80d55a0534345c6b961fd23281ec924', 'timestamp': '2026-07-13T03:51:10', 'type': 'rift_command'}, 'f3ca26254f6143a7bc480159171476ca': {'command': '.vision', 'id': 'e4ed75597ff54024a9be2f40a2f5ae79', 'timestamp': '2026-07-13T03:50:50', 'type': 'rift_command'}}, paused=False
[2026-07-13T04:02:55.435612] _poll_chat: data=False
[2026-07-13T04:02:56.623806] _poll_chat: data=False
[2026-07-13T04:02:57.313566] _poll_commands: data={'1d4b5dfd6fa546eabf7b0fceccec629b': {'command': '.scan', 'id': 'd5edcd97c5074036b664d11dcfd8fc70', 'timestamp': '2026-07-13T03:50:20', 'type': 'rift_command'}, '270fa59f99ec4a42a5e88780f93a2708': {'command': '.scan', 'id': 'a80d55a0534345c6b961fd23281ec924', 'timestamp': '2026-07-13T03:51:10', 'type': 'rift_command'}, 'f3ca26254f6143a7bc480159171476ca': {'command': '.vision', 'id': 'e4ed75597ff54024a9be2f40a2f5ae79', 'timestamp': '2026-07-13T03:50:50', 'type': 'rift_command'}}, paused=False
[2026-07-13T04:02:57.812977] _poll_chat: data=False
[2026-07-13T04:02:59.003915] _poll_chat: data=False
[2026-07-13T04:02:59.508044] _poll_commands: data={'1d4b5dfd6fa546eabf7b0fceccec629b': {'command': '.scan', 'id': 'd5edcd97c5074036b664d11dcfd8fc70', 'timestamp': '2026-07-13T03:50:20', 'type': 'rift_command'}, '270fa59f99ec4a42a5e88780f93a2708': {'command': '.scan', 'id': 'a80d55a0534345c6b961fd23281ec924', 'timestamp': '2026-07-13T03:51:10', 'type': 'rift_command'}, 'f3ca26254f6143a7bc480159171476ca': {'command': '.vision', 'id': 'e4ed75597ff54024a9be2f40a2f5ae79', 'timestamp': '2026-07-13T03:50:50', 'type': 'rift_command'}}, paused=False
[2026-07-13T04:03:00.191784] _poll_chat: data=False
[2026-07-13T04:03:01.379448] _poll_chat: data=False
[2026-07-13T04:03:01.705272] _poll_commands: data={'1d4b5dfd6fa546eabf7b0fceccec629b': {'command': '.scan', 'id': 'd5edcd97c5074036b664d11dcfd8fc70', 'timestamp': '2026-07-13T03:50:20', 'type': 'rift_command'}, '270fa59f99ec4a42a5e88780f93a2708': {'command': '.scan', 'id': 'a80d55a0534345c6b961fd23281ec924', 'timestamp': '2026-07-13T03:51:10', 'type': 'rift_command'}, 'f3ca26254f6143a7bc480159171476ca': {'command': '.vision', 'id': 'e4ed75597ff54024a9be2f40a2f5ae79', 'timestamp': '2026-07-13T03:50:50', 'type': 'rift_command'}}, paused=False
[2026-07-13T04:03:02.564554] _poll_chat: data=False
[2026-07-13T04:03:03.753792] _poll_chat: data=False
[2026-07-13T04:03:03.895671] _poll_commands: data={'1d4b5dfd6fa546eabf7b0fceccec629b': {'command': '.scan', 'id': 'd5edcd97c5074036b664d11dcfd8fc70', 'timestamp': '2026-07-13T03:50:20', 'type': 'rift_command'}, '270fa59f99ec4a42a5e88780f93a2708': {'command': '.scan', 'id': 'a80d55a0534345c6b961fd23281ec924', 'timestamp': '2026-07-13T03:51:10', 'type': 'rift_command'}, 'f3ca26254f6143a7bc480159171476ca': {'command': '.vision', 'id': 'e4ed75597ff54024a9be2f40a2f5ae79', 'timestamp': '2026-07-13T03:50:50', 'type': 'rift_command'}}, paused=False
[2026-07-13T04:03:04.936819] _poll_chat: data=False
[2026-07-13T04:03:06.082375] _poll_commands: data={'1d4b5dfd6fa546eabf7b0fceccec629b': {'command': '.scan', 'id': 'd5edcd97c5074036b664d11dcfd8fc70', 'timestamp': '2026-07-13T03:50:20', 'type': 'rift_command'}, '270fa59f99ec4a42a5e88780f93a2708': {'command': '.scan', 'id': 'a80d55a0534345c6b961fd23281ec924', 'timestamp': '2026-07-13T03:51:10', 'type': 'rift_command'}, 'f3ca26254f6143a7bc480159171476ca': {'command': '.vision', 'id': 'e4ed75597ff54024a9be2f40a2f5ae79', 'timestamp': '2026-07-13T03:50:50', 'type': 'rift_command'}}, paused=False
[2026-07-13T04:03:06.121666] _poll_chat: data=False
[2026-07-13T04:03:07.310800] _poll_chat: data=False
[2026-07-13T04:03:08.273048] _poll_commands: data={'1d4b5dfd6fa546eabf7b0fceccec629b': {'command': '.scan', 'id': 'd5edcd97c5074036b664d11dcfd8fc70', 'timestamp': '2026-07-13T03:50:20', 'type': 'rift_command'}, '270fa59f99ec4a42a5e88780f93a2708': {'command': '.scan', 'id': 'a80d55a0534345c6b961fd23281ec924', 'timestamp': '2026-07-13T03:51:10', 'type': 'rift_command'}, 'f3ca26254f6143a7bc480159171476ca': {'command': '.vision', 'id': 'e4ed75597ff54024a9be2f40a2f5ae79', 'timestamp': '2026-07-13T03:50:50', 'type': 'rift_command'}}, paused=False
[2026-07-13T04:03:08.500463] _poll_chat: data=False
[2026-07-13T04:03:09.686180] _poll_chat: data=False
[2026-07-13T04:03:10.468664] _poll_commands: data={'1d4b5dfd6fa546eabf7b0fceccec629b': {'command': '.scan', 'id': 'd5edcd97c5074036b664d11dcfd8fc70', 'timestamp': '2026-07-13T03:50:20', 'type': 'rift_command'}, '270fa59f99ec4a42a5e88780f93a2708': {'command': '.scan', 'id': 'a80d55a0534345c6b961fd23281ec924', 'timestamp': '2026-07-13T03:51:10', 'type': 'rift_command'}, 'f3ca26254f6143a7bc480159171476ca': {'command': '.vision', 'id': 'e4ed75597ff54024a9be2f40a2f5ae79', 'timestamp': '2026-07-13T03:50:50', 'type': 'rift_command'}}, paused=False
[2026-07-13T04:03:10.877635] _poll_chat: data=False
[2026-07-13T04:03:12.067316] _poll_chat: data=False
[2026-07-13T04:03:12.663067] _poll_commands: data={'1d4b5dfd6fa546eabf7b0fceccec629b': {'command': '.scan', 'id': 'd5edcd97c5074036b664d11dcfd8fc70', 'timestamp': '2026-07-13T03:50:20', 'type': 'rift_command'}, '270fa59f99ec4a42a5e88780f93a2708': {'command': '.scan', 'id': 'a80d55a0534345c6b961fd23281ec924', 'timestamp': '2026-07-13T03:51:10', 'type': 'rift_command'}, 'f3ca26254f6143a7bc480159171476ca': {'command': '.vision', 'id': 'e4ed75597ff54024a9be2f40a2f5ae79', 'timestamp': '2026-07-13T03:50:50', 'type': 'rift_command'}}, paused=False
[2026-07-13T04:03:13.261405] _poll_chat: data=False
[2026-07-13T04:03:14.453132] _poll_chat: data=False
[2026-07-13T04:03:14.852312] _poll_commands: data={'1d4b5dfd6fa546eabf7b0fceccec629b': {'command': '.scan', 'id': 'd5edcd97c5074036b664d11dcfd8fc70', 'timestamp': '2026-07-13T03:50:20', 'type': 'rift_command'}, '270fa59f99ec4a42a5e88780f93a2708': {'command': '.scan', 'id': 'a80d55a0534345c6b961fd23281ec924', 'timestamp': '2026-07-13T03:51:10', 'type': 'rift_command'}, 'f3ca26254f6143a7bc480159171476ca': {'command': '.vision', 'id': 'e4ed75597ff54024a9be2f40a2f5ae79', 'timestamp': '2026-07-13T03:50:50', 'type': 'rift_command'}}, paused=False
[2026-07-13T04:03:15.643649] _poll_chat: data=False
[2026-07-13T04:03:16.832615] _poll_chat: data=False
[2026-07-13T04:03:17.047578] _poll_commands: data={'1d4b5dfd6fa546eabf7b0fceccec629b': {'command': '.scan', 'id': 'd5edcd97c5074036b664d11dcfd8fc70', 'timestamp': '2026-07-13T03:50:20', 'type': 'rift_command'}, '270fa59f99ec4a42a5e88780f93a2708': {'command': '.scan', 'id': 'a80d55a0534345c6b961fd23281ec924', 'timestamp': '2026-07-13T03:51:10', 'type': 'rift_command'}, 'f3ca26254f6143a7bc480159171476ca': {'command': '.vision', 'id': 'e4ed75597ff54024a9be2f40a2f5ae79', 'timestamp': '2026-07-13T03:50:50', 'type': 'rift_command'}}, paused=False
[2026-07-13T04:03:18.024869] _poll_chat: data=False
[2026-07-13T04:03:19.215813] _poll_chat: data=False
[2026-07-13T04:03:19.243685] _poll_commands: data={'1d4b5dfd6fa546eabf7b0fceccec629b': {'command': '.scan', 'id': 'd5edcd97c5074036b664d11dcfd8fc70', 'timestamp': '2026-07-13T03:50:20', 'type': 'rift_command'}, '270fa59f99ec4a42a5e88780f93a2708': {'command': '.scan', 'id': 'a80d55a0534345c6b961fd23281ec924', 'timestamp': '2026-07-13T03:51:10', 'type': 'rift_command'}, 'f3ca26254f6143a7bc480159171476ca': {'command': '.vision', 'id': 'e4ed75597ff54024a9be2f40a2f5ae79', 'timestamp': '2026-07-13T03:50:50', 'type': 'rift_command'}}, paused=False
[2026-07-13T04:03:20.403764] _poll_chat: data=False
[2026-07-13T04:03:21.436260] _poll_commands: data={'1d4b5dfd6fa546eabf7b0fceccec629b': {'command': '.scan', 'id': 'd5edcd97c5074036b664d11dcfd8fc70', 'timestamp': '2026-07-13T03:50:20', 'type': 'rift_command'}, '270fa59f99ec4a42a5e88780f93a2708': {'command': '.scan', 'id': 'a80d55a0534345c6b961fd23281ec924', 'timestamp': '2026-07-13T03:51:10', 'type': 'rift_command'}, 'f3ca26254f6143a7bc480159171476ca': {'command': '.vision', 'id': 'e4ed75597ff54024a9be2f40a2f5ae79', 'timestamp': '2026-07-13T03:50:50', 'type': 'rift_command'}}, paused=False
[2026-07-13T04:03:21.594446] _poll_chat: data=False
[2026-07-13T04:03:22.783648] _poll_chat: data=False
[2026-07-13T04:03:23.626654] _poll_commands: data={'1d4b5dfd6fa546eabf7b0fceccec629b': {'command': '.scan', 'id': 'd5edcd97c5074036b664d11dcfd8fc70', 'timestamp': '2026-07-13T03:50:20', 'type': 'rift_command'}, '270fa59f99ec4a42a5e88780f93a2708': {'command': '.scan', 'id': 'a80d55a0534345c6b961fd23281ec924', 'timestamp': '2026-07-13T03:51:10', 'type': 'rift_command'}, 'f3ca26254f6143a7bc480159171476ca': {'command': '.vision', 'id': 'e4ed75597ff54024a9be2f40a2f5ae79', 'timestamp': '2026-07-13T03:50:50', 'type': 'rift_command'}}, paused=False
[2026-07-13T04:03:23.974187] _poll_chat: data=False
[2026-07-13T04:03:25.166123] _poll_chat: data=False
[2026-07-13T04:03:25.817962] _poll_commands: data={'1d4b5dfd6fa546eabf7b0fceccec629b': {'command': '.scan', 'id': 'd5edcd97c5074036b664d11dcfd8fc70', 'timestamp': '2026-07-13T03:50:20', 'type': 'rift_command'}, '270fa59f99ec4a42a5e88780f93a2708': {'command': '.scan', 'id': 'a80d55a0534345c6b961fd23281ec924', 'timestamp': '2026-07-13T03:51:10', 'type': 'rift_command'}, 'f3ca26254f6143a7bc480159171476ca': {'command': '.vision', 'id': 'e4ed75597ff54024a9be2f40a2f5ae79', 'timestamp': '2026-07-13T03:50:50', 'type': 'rift_command'}}, paused=False
[2026-07-13T04:03:26.352987] _poll_chat: data=False
[2026-07-13T04:03:27.539693] _poll_chat: data=False
[2026-07-13T04:03:28.008892] _poll_commands: data={'1d4b5dfd6fa546eabf7b0fceccec629b': {'command': '.scan', 'id': 'd5edcd97c5074036b664d11dcfd8fc70', 'timestamp': '2026-07-13T03:50:20', 'type': 'rift_command'}, '270fa59f99ec4a42a5e88780f93a2708': {'command': '.scan', 'id': 'a80d55a0534345c6b961fd23281ec924', 'timestamp': '2026-07-13T03:51:10', 'type': 'rift_command'}, 'f3ca26254f6143a7bc480159171476ca': {'command': '.vision', 'id': 'e4ed75597ff54024a9be2f40a2f5ae79', 'timestamp': '2026-07-13T03:50:50', 'type': 'rift_command'}}, paused=False
[2026-07-13T04:03:28.729261] _poll_chat: data=False
[2026-07-13T04:03:29.919743] _poll_chat: data=False
[2026-07-13T04:03:30.208932] _poll_commands: data={'1d4b5dfd6fa546eabf7b0fceccec629b': {'command': '.scan', 'id': 'd5edcd97c5074036b664d11dcfd8fc70', 'timestamp': '2026-07-13T03:50:20', 'type': 'rift_command'}, '270fa59f99ec4a42a5e88780f93a2708': {'command': '.scan', 'id': 'a80d55a0534345c6b961fd23281ec924', 'timestamp': '2026-07-13T03:51:10', 'type': 'rift_command'}, 'f3ca26254f6143a7bc480159171476ca': {'command': '.vision', 'id': 'e4ed75597ff54024a9be2f40a2f5ae79', 'timestamp': '2026-07-13T03:50:50', 'type': 'rift_command'}}, paused=False
[2026-07-13T04:03:31.107476] _poll_chat: data=False
[2026-07-13T04:03:32.296886] _poll_chat: data=False
[2026-07-13T04:03:32.398272] _poll_commands: data={'1d4b5dfd6fa546eabf7b0fceccec629b': {'command': '.scan', 'id': 'd5edcd97c5074036b664d11dcfd8fc70', 'timestamp': '2026-07-13T03:50:20', 'type': 'rift_command'}, '270fa59f99ec4a42a5e88780f93a2708': {'command': '.scan', 'id': 'a80d55a0534345c6b961fd23281ec924', 'timestamp': '2026-07-13T03:51:10', 'type': 'rift_command'}, 'f3ca26254f6143a7bc480159171476ca': {'command': '.vision', 'id': 'e4ed75597ff54024a9be2f40a2f5ae79', 'timestamp': '2026-07-13T03:50:50', 'type': 'rift_command'}}, paused=False
[2026-07-13T04:03:33.485321] _poll_chat: data=False
[2026-07-13T04:03:34.594048] _poll_commands: data={'1d4b5dfd6fa546eabf7b0fceccec629b': {'command': '.scan', 'id': 'd5edcd97c5074036b664d11dcfd8fc70', 'timestamp': '2026-07-13T03:50:20', 'type': 'rift_command'}, '270fa59f99ec4a42a5e88780f93a2708': {'command': '.scan', 'id': 'a80d55a0534345c6b961fd23281ec924', 'timestamp': '2026-07-13T03:51:10', 'type': 'rift_command'}, 'f3ca26254f6143a7bc480159171476ca': {'command': '.vision', 'id': 'e4ed75597ff54024a9be2f40a2f5ae79', 'timestamp': '2026-07-13T03:50:50', 'type': 'rift_command'}}, paused=False
[2026-07-13T04:03:34.673487] _poll_chat: data=False
[2026-07-13T04:03:35.865113] _poll_chat: data=False
[2026-07-13T04:03:36.790023] _poll_commands: data={'1d4b5dfd6fa546eabf7b0fceccec629b': {'command': '.scan', 'id': 'd5edcd97c5074036b664d11dcfd8fc70', 'timestamp': '2026-07-13T03:50:20', 'type': 'rift_command'}, '270fa59f99ec4a42a5e88780f93a2708': {'command': '.scan', 'id': 'a80d55a0534345c6b961fd23281ec924', 'timestamp': '2026-07-13T03:51:10', 'type': 'rift_command'}, 'f3ca26254f6143a7bc480159171476ca': {'command': '.vision', 'id': 'e4ed75597ff54024a9be2f40a2f5ae79', 'timestamp': '2026-07-13T03:50:50', 'type': 'rift_command'}}, paused=False
[2026-07-13T04:03:37.055423] _poll_chat: data=False
[2026-07-13T04:03:38.246753] _poll_chat: data=False
[2026-07-13T04:03:38.988102] _poll_commands: data={'1d4b5dfd6fa546eabf7b0fceccec629b': {'command': '.scan', 'id': 'd5edcd97c5074036b664d11dcfd8fc70', 'timestamp': '2026-07-13T03:50:20', 'type': 'rift_command'}, '270fa59f99ec4a42a5e88780f93a2708': {'command': '.scan', 'id': 'a80d55a0534345c6b961fd23281ec924', 'timestamp': '2026-07-13T03:51:10', 'type': 'rift_command'}, 'f3ca26254f6143a7bc480159171476ca': {'command': '.vision', 'id': 'e4ed75597ff54024a9be2f40a2f5ae79', 'timestamp': '2026-07-13T03:50:50', 'type': 'rift_command'}}, paused=False
[2026-07-13T04:03:39.440425] _poll_chat: data=False
[2026-07-13T04:03:40.626059] _poll_chat: data=False
[2026-07-13T04:03:41.182837] _poll_commands: data={'1d4b5dfd6fa546eabf7b0fceccec629b': {'command': '.scan', 'id': 'd5edcd97c5074036b664d11dcfd8fc70', 'timestamp': '2026-07-13T03:50:20', 'type': 'rift_command'}, '270fa59f99ec4a42a5e88780f93a2708': {'command': '.scan', 'id': 'a80d55a0534345c6b961fd23281ec924', 'timestamp': '2026-07-13T03:51:10', 'type': 'rift_command'}, 'f3ca26254f6143a7bc480159171476ca': {'command': '.vision', 'id': 'e4ed75597ff54024a9be2f40a2f5ae79', 'timestamp': '2026-07-13T03:50:50', 'type': 'rift_command'}}, paused=False
[2026-07-13T04:03:41.818279] _poll_chat: data=False
[2026-07-13T04:03:43.004702] _poll_chat: data=False
[2026-07-13T04:03:43.375725] _poll_commands: data={'1d4b5dfd6fa546eabf7b0fceccec629b': {'command': '.scan', 'id': 'd5edcd97c5074036b664d11dcfd8fc70', 'timestamp': '2026-07-13T03:50:20', 'type': 'rift_command'}, '270fa59f99ec4a42a5e88780f93a2708': {'command': '.scan', 'id': 'a80d55a0534345c6b961fd23281ec924', 'timestamp': '2026-07-13T03:51:10', 'type': 'rift_command'}, 'f3ca26254f6143a7bc480159171476ca': {'command': '.vision', 'id': 'e4ed75597ff54024a9be2f40a2f5ae79', 'timestamp': '2026-07-13T03:50:50', 'type': 'rift_command'}}, paused=False
[2026-07-13T04:03:44.196771] _poll_chat: data=False
[2026-07-13T04:03:45.385050] _poll_chat: data=False
[2026-07-13T04:03:45.568992] _poll_commands: data={'1d4b5dfd6fa546eabf7b0fceccec629b': {'command': '.scan', 'id': 'd5edcd97c5074036b664d11dcfd8fc70', 'timestamp': '2026-07-13T03:50:20', 'type': 'rift_command'}, '270fa59f99ec4a42a5e88780f93a2708': {'command': '.scan', 'id': 'a80d55a0534345c6b961fd23281ec924', 'timestamp': '2026-07-13T03:51:10', 'type': 'rift_command'}, 'f3ca26254f6143a7bc480159171476ca': {'command': '.vision', 'id': 'e4ed75597ff54024a9be2f40a2f5ae79', 'timestamp': '2026-07-13T03:50:50', 'type': 'rift_command'}}, paused=False
[2026-07-13T04:03:46.571361] _poll_chat: data=False
[2026-07-13T04:03:47.757674] _poll_chat: data=False
[2026-07-13T04:03:47.757757] _poll_commands: data={'1d4b5dfd6fa546eabf7b0fceccec629b': {'command': '.scan', 'id': 'd5edcd97c5074036b664d11dcfd8fc70', 'timestamp': '2026-07-13T03:50:20', 'type': 'rift_command'}, '270fa59f99ec4a42a5e88780f93a2708': {'command': '.scan', 'id': 'a80d55a0534345c6b961fd23281ec924', 'timestamp': '2026-07-13T03:51:10', 'type': 'rift_command'}, 'f3ca26254f6143a7bc480159171476ca': {'command': '.vision', 'id': 'e4ed75597ff54024a9be2f40a2f5ae79', 'timestamp': '2026-07-13T03:50:50', 'type': 'rift_command'}}, paused=False
[2026-07-13T04:03:48.953813] _poll_chat: data=False
[2026-07-13T04:03:49.958674] _poll_commands: data={'1d4b5dfd6fa546eabf7b0fceccec629b': {'command': '.scan', 'id': 'd5edcd97c5074036b664d11dcfd8fc70', 'timestamp': '2026-07-13T03:50:20', 'type': 'rift_command'}, '270fa59f99ec4a42a5e88780f93a2708': {'command': '.scan', 'id': 'a80d55a0534345c6b961fd23281ec924', 'timestamp': '2026-07-13T03:51:10', 'type': 'rift_command'}, 'f3ca26254f6143a7bc480159171476ca': {'command': '.vision', 'id': 'e4ed75597ff54024a9be2f40a2f5ae79', 'timestamp': '2026-07-13T03:50:50', 'type': 'rift_command'}}, paused=False
[2026-07-13T04:03:50.135903] _poll_chat: data=False
[2026-07-13T04:03:51.326826] _poll_chat: data=False
[2026-07-13T04:03:52.150347] _poll_commands: data={'1d4b5dfd6fa546eabf7b0fceccec629b': {'command': '.scan', 'id': 'd5edcd97c5074036b664d11dcfd8fc70', 'timestamp': '2026-07-13T03:50:20', 'type': 'rift_command'}, '270fa59f99ec4a42a5e88780f93a2708': {'command': '.scan', 'id': 'a80d55a0534345c6b961fd23281ec924', 'timestamp': '2026-07-13T03:51:10', 'type': 'rift_command'}, 'f3ca26254f6143a7bc480159171476ca': {'command': '.vision', 'id': 'e4ed75597ff54024a9be2f40a2f5ae79', 'timestamp': '2026-07-13T03:50:50', 'type': 'rift_command'}}, paused=False
[2026-07-13T04:03:52.513921] _poll_chat: data=False
[2026-07-13T04:03:53.709548] _poll_chat: data=False
[2026-07-13T04:03:54.343329] _poll_commands: data={'1d4b5dfd6fa546eabf7b0fceccec629b': {'command': '.scan', 'id': 'd5edcd97c5074036b664d11dcfd8fc70', 'timestamp': '2026-07-13T03:50:20', 'type': 'rift_command'}, '270fa59f99ec4a42a5e88780f93a2708': {'command': '.scan', 'id': 'a80d55a0534345c6b961fd23281ec924', 'timestamp': '2026-07-13T03:51:10', 'type': 'rift_command'}, 'f3ca26254f6143a7bc480159171476ca': {'command': '.vision', 'id': 'e4ed75597ff54024a9be2f40a2f5ae79', 'timestamp': '2026-07-13T03:50:50', 'type': 'rift_command'}}, paused=False
[2026-07-13T04:03:54.897389] _poll_chat: data=False
[2026-07-13T04:03:56.098886] _poll_chat: data=False
[2026-07-13T04:03:56.536433] _poll_commands: data={'1d4b5dfd6fa546eabf7b0fceccec629b': {'command': '.scan', 'id': 'd5edcd97c5074036b664d11dcfd8fc70', 'timestamp': '2026-07-13T03:50:20', 'type': 'rift_command'}, '270fa59f99ec4a42a5e88780f93a2708': {'command': '.scan', 'id': 'a80d55a0534345c6b961fd23281ec924', 'timestamp': '2026-07-13T03:51:10', 'type': 'rift_command'}, 'f3ca26254f6143a7bc480159171476ca': {'command': '.vision', 'id': 'e4ed75597ff54024a9be2f40a2f5ae79', 'timestamp': '2026-07-13T03:50:50', 'type': 'rift_command'}}, paused=False
[2026-07-13T04:03:57.287050] _poll_chat: data=False
[2026-07-13T04:03:58.475135] _poll_chat: data=False
[2026-07-13T04:03:58.723249] _poll_commands: data={'1d4b5dfd6fa546eabf7b0fceccec629b': {'command': '.scan', 'id': 'd5edcd97c5074036b664d11dcfd8fc70', 'timestamp': '2026-07-13T03:50:20', 'type': 'rift_command'}, '270fa59f99ec4a42a5e88780f93a2708': {'command': '.scan', 'id': 'a80d55a0534345c6b961fd23281ec924', 'timestamp': '2026-07-13T03:51:10', 'type': 'rift_command'}, 'f3ca26254f6143a7bc480159171476ca': {'command': '.vision', 'id': 'e4ed75597ff54024a9be2f40a2f5ae79', 'timestamp': '2026-07-13T03:50:50', 'type': 'rift_command'}}, paused=False
[2026-07-13T04:03:59.662255] _poll_chat: data=False
[2026-07-13T04:04:00.852057] _poll_chat: data=False
[2026-07-13T04:04:00.918019] _poll_commands: data={'1d4b5dfd6fa546eabf7b0fceccec629b': {'command': '.scan', 'id': 'd5edcd97c5074036b664d11dcfd8fc70', 'timestamp': '2026-07-13T03:50:20', 'type': 'rift_command'}, '270fa59f99ec4a42a5e88780f93a2708': {'command': '.scan', 'id': 'a80d55a0534345c6b961fd23281ec924', 'timestamp': '2026-07-13T03:51:10', 'type': 'rift_command'}, 'f3ca26254f6143a7bc480159171476ca': {'command': '.vision', 'id': 'e4ed75597ff54024a9be2f40a2f5ae79', 'timestamp': '2026-07-13T03:50:50', 'type': 'rift_command'}}, paused=False
[2026-07-13T04:04:02.048748] _poll_chat: data=False
[2026-07-13T04:04:03.116953] _poll_commands: data={'1d4b5dfd6fa546eabf7b0fceccec629b': {'command': '.scan', 'id': 'd5edcd97c5074036b664d11dcfd8fc70', 'timestamp': '2026-07-13T03:50:20', 'type': 'rift_command'}, '270fa59f99ec4a42a5e88780f93a2708': {'command': '.scan', 'id': 'a80d55a0534345c6b961fd23281ec924', 'timestamp': '2026-07-13T03:51:10', 'type': 'rift_command'}, 'f3ca26254f6143a7bc480159171476ca': {'command': '.vision', 'id': 'e4ed75597ff54024a9be2f40a2f5ae79', 'timestamp': '2026-07-13T03:50:50', 'type': 'rift_command'}}, paused=False
[2026-07-13T04:04:03.244043] _poll_chat: data=False
[2026-07-13T04:04:04.440223] _poll_chat: data=False
[2026-07-13T04:04:05.308969] _poll_commands: data={'1d4b5dfd6fa546eabf7b0fceccec629b': {'command': '.scan', 'id': 'd5edcd97c5074036b664d11dcfd8fc70', 'timestamp': '2026-07-13T03:50:20', 'type': 'rift_command'}, '270fa59f99ec4a42a5e88780f93a2708': {'command': '.scan', 'id': 'a80d55a0534345c6b961fd23281ec924', 'timestamp': '2026-07-13T03:51:10', 'type': 'rift_command'}, 'f3ca26254f6143a7bc480159171476ca': {'command': '.vision', 'id': 'e4ed75597ff54024a9be2f40a2f5ae79', 'timestamp': '2026-07-13T03:50:50', 'type': 'rift_command'}}, paused=False
[2026-07-13T04:04:05.628683] _poll_chat: data=False
[2026-07-13T04:04:06.816231] _poll_chat: data=False
[2026-07-13T04:04:07.503322] _poll_commands: data={'1d4b5dfd6fa546eabf7b0fceccec629b': {'command': '.scan', 'id': 'd5edcd97c5074036b664d11dcfd8fc70', 'timestamp': '2026-07-13T03:50:20', 'type': 'rift_command'}, '270fa59f99ec4a42a5e88780f93a2708': {'command': '.scan', 'id': 'a80d55a0534345c6b961fd23281ec924', 'timestamp': '2026-07-13T03:51:10', 'type': 'rift_command'}, 'f3ca26254f6143a7bc480159171476ca': {'command': '.vision', 'id': 'e4ed75597ff54024a9be2f40a2f5ae79', 'timestamp': '2026-07-13T03:50:50', 'type': 'rift_command'}}, paused=False
[2026-07-13T04:04:08.004876] _poll_chat: data=False
[2026-07-13T04:04:09.193761] _poll_chat: data=False
[2026-07-13T04:04:09.699977] _poll_commands: data={'1d4b5dfd6fa546eabf7b0fceccec629b': {'command': '.scan', 'id': 'd5edcd97c5074036b664d11dcfd8fc70', 'timestamp': '2026-07-13T03:50:20', 'type': 'rift_command'}, '270fa59f99ec4a42a5e88780f93a2708': {'command': '.scan', 'id': 'a80d55a0534345c6b961fd23281ec924', 'timestamp': '2026-07-13T03:51:10', 'type': 'rift_command'}, 'f3ca26254f6143a7bc480159171476ca': {'command': '.vision', 'id': 'e4ed75597ff54024a9be2f40a2f5ae79', 'timestamp': '2026-07-13T03:50:50', 'type': 'rift_command'}}, paused=False
[2026-07-13T04:04:10.383093] _poll_chat: data=False
[2026-07-13T04:04:11.586038] _poll_chat: data=False
[2026-07-13T04:04:11.895112] _poll_commands: data={'1d4b5dfd6fa546eabf7b0fceccec629b': {'command': '.scan', 'id': 'd5edcd97c5074036b664d11dcfd8fc70', 'timestamp': '2026-07-13T03:50:20', 'type': 'rift_command'}, '270fa59f99ec4a42a5e88780f93a2708': {'command': '.scan', 'id': 'a80d55a0534345c6b961fd23281ec924', 'timestamp': '2026-07-13T03:51:10', 'type': 'rift_command'}, 'f3ca26254f6143a7bc480159171476ca': {'command': '.vision', 'id': 'e4ed75597ff54024a9be2f40a2f5ae79', 'timestamp': '2026-07-13T03:50:50', 'type': 'rift_command'}}, paused=False
[2026-07-13T04:04:12.768595] _poll_chat: data=False
[2026-07-13T04:04:13.961526] _poll_chat: data=False
[2026-07-13T04:04:14.087517] _poll_commands: data={'1d4b5dfd6fa546eabf7b0fceccec629b': {'command': '.scan', 'id': 'd5edcd97c5074036b664d11dcfd8fc70', 'timestamp': '2026-07-13T03:50:20', 'type': 'rift_command'}, '270fa59f99ec4a42a5e88780f93a2708': {'command': '.scan', 'id': 'a80d55a0534345c6b961fd23281ec924', 'timestamp': '2026-07-13T03:51:10', 'type': 'rift_command'}, 'f3ca26254f6143a7bc480159171476ca': {'command': '.vision', 'id': 'e4ed75597ff54024a9be2f40a2f5ae79', 'timestamp': '2026-07-13T03:50:50', 'type': 'rift_command'}}, paused=False
[2026-07-13T04:04:15.149979] _poll_chat: data=False
[2026-07-13T04:04:16.280275] _poll_commands: data={'1d4b5dfd6fa546eabf7b0fceccec629b': {'command': '.scan', 'id': 'd5edcd97c5074036b664d11dcfd8fc70', 'timestamp': '2026-07-13T03:50:20', 'type': 'rift_command'}, '270fa59f99ec4a42a5e88780f93a2708': {'command': '.scan', 'id': 'a80d55a0534345c6b961fd23281ec924', 'timestamp': '2026-07-13T03:51:10', 'type': 'rift_command'}, 'f3ca26254f6143a7bc480159171476ca': {'command': '.vision', 'id': 'e4ed75597ff54024a9be2f40a2f5ae79', 'timestamp': '2026-07-13T03:50:50', 'type': 'rift_command'}}, paused=False
[2026-07-13T04:04:16.335587] _poll_chat: data=False
[2026-07-13T04:04:17.521590] _poll_chat: data=False
[2026-07-13T04:04:18.471945] _poll_commands: data={'1d4b5dfd6fa546eabf7b0fceccec629b': {'command': '.scan', 'id': 'd5edcd97c5074036b664d11dcfd8fc70', 'timestamp': '2026-07-13T03:50:20', 'type': 'rift_command'}, '270fa59f99ec4a42a5e88780f93a2708': {'command': '.scan', 'id': 'a80d55a0534345c6b961fd23281ec924', 'timestamp': '2026-07-13T03:51:10', 'type': 'rift_command'}, 'f3ca26254f6143a7bc480159171476ca': {'command': '.vision', 'id': 'e4ed75597ff54024a9be2f40a2f5ae79', 'timestamp': '2026-07-13T03:50:50', 'type': 'rift_command'}}, paused=False
[2026-07-13T04:04:18.708672] _poll_chat: data=False
[2026-07-13T04:04:19.904177] _poll_chat: data=False
[2026-07-13T04:04:20.659668] _poll_commands: data={'1d4b5dfd6fa546eabf7b0fceccec629b': {'command': '.scan', 'id': 'd5edcd97c5074036b664d11dcfd8fc70', 'timestamp': '2026-07-13T03:50:20', 'type': 'rift_command'}, '270fa59f99ec4a42a5e88780f93a2708': {'command': '.scan', 'id': 'a80d55a0534345c6b961fd23281ec924', 'timestamp': '2026-07-13T03:51:10', 'type': 'rift_command'}, 'f3ca26254f6143a7bc480159171476ca': {'command': '.vision', 'id': 'e4ed75597ff54024a9be2f40a2f5ae79', 'timestamp': '2026-07-13T03:50:50', 'type': 'rift_command'}}, paused=False
[2026-07-13T04:04:21.091844] _poll_chat: data=False
[2026-07-13T04:04:22.279231] _poll_chat: data=False
[2026-07-13T04:04:22.856143] _poll_commands: data={'1d4b5dfd6fa546eabf7b0fceccec629b': {'command': '.scan', 'id': 'd5edcd97c5074036b664d11dcfd8fc70', 'timestamp': '2026-07-13T03:50:20', 'type': 'rift_command'}, '270fa59f99ec4a42a5e88780f93a2708': {'command': '.scan', 'id': 'a80d55a0534345c6b961fd23281ec924', 'timestamp': '2026-07-13T03:51:10', 'type': 'rift_command'}, 'f3ca26254f6143a7bc480159171476ca': {'command': '.vision', 'id': 'e4ed75597ff54024a9be2f40a2f5ae79', 'timestamp': '2026-07-13T03:50:50', 'type': 'rift_command'}}, paused=False
[2026-07-13T04:04:23.467852] _poll_chat: data=False
[2026-07-13T04:04:24.653828] _poll_chat: data=False
[2026-07-13T04:04:25.050585] _poll_commands: data={'1d4b5dfd6fa546eabf7b0fceccec629b': {'command': '.scan', 'id': 'd5edcd97c5074036b664d11dcfd8fc70', 'timestamp': '2026-07-13T03:50:20', 'type': 'rift_command'}, '270fa59f99ec4a42a5e88780f93a2708': {'command': '.scan', 'id': 'a80d55a0534345c6b961fd23281ec924', 'timestamp': '2026-07-13T03:51:10', 'type': 'rift_command'}, 'f3ca26254f6143a7bc480159171476ca': {'command': '.vision', 'id': 'e4ed75597ff54024a9be2f40a2f5ae79', 'timestamp': '2026-07-13T03:50:50', 'type': 'rift_command'}}, paused=False
[2026-07-13T04:04:25.842242] _poll_chat: data=False
[2026-07-13T04:04:27.034615] _poll_chat: data=False
[2026-07-13T04:04:27.242716] _poll_commands: data={'1d4b5dfd6fa546eabf7b0fceccec629b': {'command': '.scan', 'id': 'd5edcd97c5074036b664d11dcfd8fc70', 'timestamp': '2026-07-13T03:50:20', 'type': 'rift_command'}, '270fa59f99ec4a42a5e88780f93a2708': {'command': '.scan', 'id': 'a80d55a0534345c6b961fd23281ec924', 'timestamp': '2026-07-13T03:51:10', 'type': 'rift_command'}, 'f3ca26254f6143a7bc480159171476ca': {'command': '.vision', 'id': 'e4ed75597ff54024a9be2f40a2f5ae79', 'timestamp': '2026-07-13T03:50:50', 'type': 'rift_command'}}, paused=False
[2026-07-13T04:04:28.220940] _poll_chat: data=False
[2026-07-13T04:04:29.411833] _poll_chat: data=False
[2026-07-13T04:04:29.435907] _poll_commands: data={'1d4b5dfd6fa546eabf7b0fceccec629b': {'command': '.scan', 'id': 'd5edcd97c5074036b664d11dcfd8fc70', 'timestamp': '2026-07-13T03:50:20', 'type': 'rift_command'}, '270fa59f99ec4a42a5e88780f93a2708': {'command': '.scan', 'id': 'a80d55a0534345c6b961fd23281ec924', 'timestamp': '2026-07-13T03:51:10', 'type': 'rift_command'}, 'f3ca26254f6143a7bc480159171476ca': {'command': '.vision', 'id': 'e4ed75597ff54024a9be2f40a2f5ae79', 'timestamp': '2026-07-13T03:50:50', 'type': 'rift_command'}}, paused=False
[2026-07-13T04:04:30.603780] _poll_chat: data=False
[2026-07-13T04:04:31.628254] _poll_commands: data={'1d4b5dfd6fa546eabf7b0fceccec629b': {'command': '.scan', 'id': 'd5edcd97c5074036b664d11dcfd8fc70', 'timestamp': '2026-07-13T03:50:20', 'type': 'rift_command'}, '270fa59f99ec4a42a5e88780f93a2708': {'command': '.scan', 'id': 'a80d55a0534345c6b961fd23281ec924', 'timestamp': '2026-07-13T03:51:10', 'type': 'rift_command'}, 'f3ca26254f6143a7bc480159171476ca': {'command': '.vision', 'id': 'e4ed75597ff54024a9be2f40a2f5ae79', 'timestamp': '2026-07-13T03:50:50', 'type': 'rift_command'}}, paused=False
[2026-07-13T04:04:31.797396] _poll_chat: data=False
[2026-07-13T04:04:32.988968] _poll_chat: data=False
[2026-07-13T04:04:33.822997] _poll_commands: data={'1d4b5dfd6fa546eabf7b0fceccec629b': {'command': '.scan', 'id': 'd5edcd97c5074036b664d11dcfd8fc70', 'timestamp': '2026-07-13T03:50:20', 'type': 'rift_command'}, '270fa59f99ec4a42a5e88780f93a2708': {'command': '.scan', 'id': 'a80d55a0534345c6b961fd23281ec924', 'timestamp': '2026-07-13T03:51:10', 'type': 'rift_command'}, 'f3ca26254f6143a7bc480159171476ca': {'command': '.vision', 'id': 'e4ed75597ff54024a9be2f40a2f5ae79', 'timestamp': '2026-07-13T03:50:50', 'type': 'rift_command'}}, paused=False
[2026-07-13T04:04:34.178766] _poll_chat: data=False
[2026-07-13T04:04:35.364295] _poll_chat: data=False
[2026-07-13T04:04:36.015166] _poll_commands: data={'1d4b5dfd6fa546eabf7b0fceccec629b': {'command': '.scan', 'id': 'd5edcd97c5074036b664d11dcfd8fc70', 'timestamp': '2026-07-13T03:50:20', 'type': 'rift_command'}, '270fa59f99ec4a42a5e88780f93a2708': {'command': '.scan', 'id': 'a80d55a0534345c6b961fd23281ec924', 'timestamp': '2026-07-13T03:51:10', 'type': 'rift_command'}, 'f3ca26254f6143a7bc480159171476ca': {'command': '.vision', 'id': 'e4ed75597ff54024a9be2f40a2f5ae79', 'timestamp': '2026-07-13T03:50:50', 'type': 'rift_command'}}, paused=False
[2026-07-13T04:04:36.551611] _poll_chat: data=False
[2026-07-13T04:04:37.740267] _poll_chat: data=False
[2026-07-13T04:04:38.202344] _poll_commands: data={'1d4b5dfd6fa546eabf7b0fceccec629b': {'command': '.scan', 'id': 'd5edcd97c5074036b664d11dcfd8fc70', 'timestamp': '2026-07-13T03:50:20', 'type': 'rift_command'}, '270fa59f99ec4a42a5e88780f93a2708': {'command': '.scan', 'id': 'a80d55a0534345c6b961fd23281ec924', 'timestamp': '2026-07-13T03:51:10', 'type': 'rift_command'}, 'f3ca26254f6143a7bc480159171476ca': {'command': '.vision', 'id': 'e4ed75597ff54024a9be2f40a2f5ae79', 'timestamp': '2026-07-13T03:50:50', 'type': 'rift_command'}}, paused=False
[2026-07-13T04:04:38.934250] _poll_chat: data=False
[2026-07-13T04:04:40.121149] _poll_chat: data=False
[2026-07-13T04:04:40.394736] _poll_commands: data={'1d4b5dfd6fa546eabf7b0fceccec629b': {'command': '.scan', 'id': 'd5edcd97c5074036b664d11dcfd8fc70', 'timestamp': '2026-07-13T03:50:20', 'type': 'rift_command'}, '270fa59f99ec4a42a5e88780f93a2708': {'command': '.scan', 'id': 'a80d55a0534345c6b961fd23281ec924', 'timestamp': '2026-07-13T03:51:10', 'type': 'rift_command'}, 'f3ca26254f6143a7bc480159171476ca': {'command': '.vision', 'id': 'e4ed75597ff54024a9be2f40a2f5ae79', 'timestamp': '2026-07-13T03:50:50', 'type': 'rift_command'}}, paused=False
[2026-07-13T04:04:41.307049] _poll_chat: data=False
[2026-07-13T04:04:42.500590] _poll_chat: data=False
[2026-07-13T04:04:42.587063] _poll_commands: data={'1d4b5dfd6fa546eabf7b0fceccec629b': {'command': '.scan', 'id': 'd5edcd97c5074036b664d11dcfd8fc70', 'timestamp': '2026-07-13T03:50:20', 'type': 'rift_command'}, '270fa59f99ec4a42a5e88780f93a2708': {'command': '.scan', 'id': 'a80d55a0534345c6b961fd23281ec924', 'timestamp': '2026-07-13T03:51:10', 'type': 'rift_command'}, 'f3ca26254f6143a7bc480159171476ca': {'command': '.vision', 'id': 'e4ed75597ff54024a9be2f40a2f5ae79', 'timestamp': '2026-07-13T03:50:50', 'type': 'rift_command'}}, paused=False
[2026-07-13T04:04:43.685344] _poll_chat: data=False
[2026-07-13T04:04:44.779215] _poll_commands: data={'1d4b5dfd6fa546eabf7b0fceccec629b': {'command': '.scan', 'id': 'd5edcd97c5074036b664d11dcfd8fc70', 'timestamp': '2026-07-13T03:50:20', 'type': 'rift_command'}, '270fa59f99ec4a42a5e88780f93a2708': {'command': '.scan', 'id': 'a80d55a0534345c6b961fd23281ec924', 'timestamp': '2026-07-13T03:51:10', 'type': 'rift_command'}, 'f3ca26254f6143a7bc480159171476ca': {'command': '.vision', 'id': 'e4ed75597ff54024a9be2f40a2f5ae79', 'timestamp': '2026-07-13T03:50:50', 'type': 'rift_command'}}, paused=False
[2026-07-13T04:04:44.874936] _poll_chat: data=False
[2026-07-13T04:04:46.069039] _poll_chat: data=False
[2026-07-13T04:04:46.978029] _poll_commands: data={'1d4b5dfd6fa546eabf7b0fceccec629b': {'command': '.scan', 'id': 'd5edcd97c5074036b664d11dcfd8fc70', 'timestamp': '2026-07-13T03:50:20', 'type': 'rift_command'}, '270fa59f99ec4a42a5e88780f93a2708': {'command': '.scan', 'id': 'a80d55a0534345c6b961fd23281ec924', 'timestamp': '2026-07-13T03:51:10', 'type': 'rift_command'}, 'f3ca26254f6143a7bc480159171476ca': {'command': '.vision', 'id': 'e4ed75597ff54024a9be2f40a2f5ae79', 'timestamp': '2026-07-13T03:50:50', 'type': 'rift_command'}}, paused=False
[2026-07-13T04:04:47.255904] _poll_chat: data=False
[2026-07-13T04:04:48.446155] _poll_chat: data=False
[2026-07-13T04:04:49.173146] _poll_commands: data={'1d4b5dfd6fa546eabf7b0fceccec629b': {'command': '.scan', 'id': 'd5edcd97c5074036b664d11dcfd8fc70', 'timestamp': '2026-07-13T03:50:20', 'type': 'rift_command'}, '270fa59f99ec4a42a5e88780f93a2708': {'command': '.scan', 'id': 'a80d55a0534345c6b961fd23281ec924', 'timestamp': '2026-07-13T03:51:10', 'type': 'rift_command'}, 'f3ca26254f6143a7bc480159171476ca': {'command': '.vision', 'id': 'e4ed75597ff54024a9be2f40a2f5ae79', 'timestamp': '2026-07-13T03:50:50', 'type': 'rift_command'}}, paused=False
[2026-07-13T04:04:49.637887] _poll_chat: data=False
[2026-07-13T04:04:50.857621] _poll_chat: data=False
[2026-07-13T04:04:51.364179] _poll_commands: data={'1d4b5dfd6fa546eabf7b0fceccec629b': {'command': '.scan', 'id': 'd5edcd97c5074036b664d11dcfd8fc70', 'timestamp': '2026-07-13T03:50:20', 'type': 'rift_command'}, '270fa59f99ec4a42a5e88780f93a2708': {'command': '.scan', 'id': 'a80d55a0534345c6b961fd23281ec924', 'timestamp': '2026-07-13T03:51:10', 'type': 'rift_command'}, 'f3ca26254f6143a7bc480159171476ca': {'command': '.vision', 'id': 'e4ed75597ff54024a9be2f40a2f5ae79', 'timestamp': '2026-07-13T03:50:50', 'type': 'rift_command'}}, paused=False
[2026-07-13T04:04:52.052658] _poll_chat: data=False
[2026-07-13T04:04:53.243567] _poll_chat: data=False
[2026-07-13T04:04:53.558822] _poll_commands: data={'1d4b5dfd6fa546eabf7b0fceccec629b': {'command': '.scan', 'id': 'd5edcd97c5074036b664d11dcfd8fc70', 'timestamp': '2026-07-13T03:50:20', 'type': 'rift_command'}, '270fa59f99ec4a42a5e88780f93a2708': {'command': '.scan', 'id': 'a80d55a0534345c6b961fd23281ec924', 'timestamp': '2026-07-13T03:51:10', 'type': 'rift_command'}, 'f3ca26254f6143a7bc480159171476ca': {'command': '.vision', 'id': 'e4ed75597ff54024a9be2f40a2f5ae79', 'timestamp': '2026-07-13T03:50:50', 'type': 'rift_command'}}, paused=False
[2026-07-13T04:04:54.429771] _poll_chat: data=False
[2026-07-13T04:04:55.623388] _poll_chat: data=False
[2026-07-13T04:04:55.755680] _poll_commands: data={'1d4b5dfd6fa546eabf7b0fceccec629b': {'command': '.scan', 'id': 'd5edcd97c5074036b664d11dcfd8fc70', 'timestamp': '2026-07-13T03:50:20', 'type': 'rift_command'}, '270fa59f99ec4a42a5e88780f93a2708': {'command': '.scan', 'id': 'a80d55a0534345c6b961fd23281ec924', 'timestamp': '2026-07-13T03:51:10', 'type': 'rift_command'}, 'f3ca26254f6143a7bc480159171476ca': {'command': '.vision', 'id': 'e4ed75597ff54024a9be2f40a2f5ae79', 'timestamp': '2026-07-13T03:50:50', 'type': 'rift_command'}}, paused=False
[2026-07-13T04:04:56.813079] _poll_chat: data=False
[2026-07-13T04:04:57.948653] _poll_commands: data={'1d4b5dfd6fa546eabf7b0fceccec629b': {'command': '.scan', 'id': 'd5edcd97c5074036b664d11dcfd8fc70', 'timestamp': '2026-07-13T03:50:20', 'type': 'rift_command'}, '270fa59f99ec4a42a5e88780f93a2708': {'command': '.scan', 'id': 'a80d55a0534345c6b961fd23281ec924', 'timestamp': '2026-07-13T03:51:10', 'type': 'rift_command'}, 'f3ca26254f6143a7bc480159171476ca': {'command': '.vision', 'id': 'e4ed75597ff54024a9be2f40a2f5ae79', 'timestamp': '2026-07-13T03:50:50', 'type': 'rift_command'}}, paused=False
[2026-07-13T04:04:58.000165] _poll_chat: data=False
[2026-07-13T04:04:59.183926] _poll_chat: data=False
[2026-07-13T04:05:00.142520] _poll_commands: data={'1d4b5dfd6fa546eabf7b0fceccec629b': {'command': '.scan', 'id': 'd5edcd97c5074036b664d11dcfd8fc70', 'timestamp': '2026-07-13T03:50:20', 'type': 'rift_command'}, '270fa59f99ec4a42a5e88780f93a2708': {'command': '.scan', 'id': 'a80d55a0534345c6b961fd23281ec924', 'timestamp': '2026-07-13T03:51:10', 'type': 'rift_command'}, 'f3ca26254f6143a7bc480159171476ca': {'command': '.vision', 'id': 'e4ed75597ff54024a9be2f40a2f5ae79', 'timestamp': '2026-07-13T03:50:50', 'type': 'rift_command'}}, paused=False
[2026-07-13T04:05:00.370989] _poll_chat: data=False
[2026-07-13T04:05:01.561851] _poll_chat: data=False
[2026-07-13T04:05:02.333529] _poll_commands: data={'1d4b5dfd6fa546eabf7b0fceccec629b': {'command': '.scan', 'id': 'd5edcd97c5074036b664d11dcfd8fc70', 'timestamp': '2026-07-13T03:50:20', 'type': 'rift_command'}, '270fa59f99ec4a42a5e88780f93a2708': {'command': '.scan', 'id': 'a80d55a0534345c6b961fd23281ec924', 'timestamp': '2026-07-13T03:51:10', 'type': 'rift_command'}, 'f3ca26254f6143a7bc480159171476ca': {'command': '.vision', 'id': 'e4ed75597ff54024a9be2f40a2f5ae79', 'timestamp': '2026-07-13T03:50:50', 'type': 'rift_command'}}, paused=False
[2026-07-13T04:05:03.008376] _poll_chat: data=False
[2026-07-13T04:05:04.201804] _poll_chat: data=False
[2026-07-13T04:05:04.525979] _poll_commands: data={'1d4b5dfd6fa546eabf7b0fceccec629b': {'command': '.scan', 'id': 'd5edcd97c5074036b664d11dcfd8fc70', 'timestamp': '2026-07-13T03:50:20', 'type': 'rift_command'}, '270fa59f99ec4a42a5e88780f93a2708': {'command': '.scan', 'id': 'a80d55a0534345c6b961fd23281ec924', 'timestamp': '2026-07-13T03:51:10', 'type': 'rift_command'}, 'f3ca26254f6143a7bc480159171476ca': {'command': '.vision', 'id': 'e4ed75597ff54024a9be2f40a2f5ae79', 'timestamp': '2026-07-13T03:50:50', 'type': 'rift_command'}}, paused=False
[2026-07-13T04:05:05.388276] _poll_chat: data=False
[2026-07-13T04:05:06.571747] _poll_chat: data=False
[2026-07-13T04:05:06.719029] _poll_commands: data={'1d4b5dfd6fa546eabf7b0fceccec629b': {'command': '.scan', 'id': 'd5edcd97c5074036b664d11dcfd8fc70', 'timestamp': '2026-07-13T03:50:20', 'type': 'rift_command'}, '270fa59f99ec4a42a5e88780f93a2708': {'command': '.scan', 'id': 'a80d55a0534345c6b961fd23281ec924', 'timestamp': '2026-07-13T03:51:10', 'type': 'rift_command'}, 'f3ca26254f6143a7bc480159171476ca': {'command': '.vision', 'id': 'e4ed75597ff54024a9be2f40a2f5ae79', 'timestamp': '2026-07-13T03:50:50', 'type': 'rift_command'}}, paused=False
[2026-07-13T04:05:07.759621] _poll_chat: data=False
[2026-07-13T04:05:08.913784] _poll_commands: data={'1d4b5dfd6fa546eabf7b0fceccec629b': {'command': '.scan', 'id': 'd5edcd97c5074036b664d11dcfd8fc70', 'timestamp': '2026-07-13T03:50:20', 'type': 'rift_command'}, '270fa59f99ec4a42a5e88780f93a2708': {'command': '.scan', 'id': 'a80d55a0534345c6b961fd23281ec924', 'timestamp': '2026-07-13T03:51:10', 'type': 'rift_command'}, 'f3ca26254f6143a7bc480159171476ca': {'command': '.vision', 'id': 'e4ed75597ff54024a9be2f40a2f5ae79', 'timestamp': '2026-07-13T03:50:50', 'type': 'rift_command'}}, paused=False
[2026-07-13T04:05:08.949947] _poll_chat: data=False
[2026-07-13T04:05:10.138883] _poll_chat: data=False
[2026-07-13T04:05:11.106438] _poll_commands: data={'1d4b5dfd6fa546eabf7b0fceccec629b': {'command': '.scan', 'id': 'd5edcd97c5074036b664d11dcfd8fc70', 'timestamp': '2026-07-13T03:50:20', 'type': 'rift_command'}, '270fa59f99ec4a42a5e88780f93a2708': {'command': '.scan', 'id': 'a80d55a0534345c6b961fd23281ec924', 'timestamp': '2026-07-13T03:51:10', 'type': 'rift_command'}, 'f3ca26254f6143a7bc480159171476ca': {'command': '.vision', 'id': 'e4ed75597ff54024a9be2f40a2f5ae79', 'timestamp': '2026-07-13T03:50:50', 'type': 'rift_command'}}, paused=False
[2026-07-13T04:05:11.322551] _poll_chat: data=False
[2026-07-13T04:05:12.510347] _poll_chat: data=False
[2026-07-13T04:05:13.299460] _poll_commands: data={'1d4b5dfd6fa546eabf7b0fceccec629b': {'command': '.scan', 'id': 'd5edcd97c5074036b664d11dcfd8fc70', 'timestamp': '2026-07-13T03:50:20', 'type': 'rift_command'}, '270fa59f99ec4a42a5e88780f93a2708': {'command': '.scan', 'id': 'a80d55a0534345c6b961fd23281ec924', 'timestamp': '2026-07-13T03:51:10', 'type': 'rift_command'}, 'f3ca26254f6143a7bc480159171476ca': {'command': '.vision', 'id': 'e4ed75597ff54024a9be2f40a2f5ae79', 'timestamp': '2026-07-13T03:50:50', 'type': 'rift_command'}}, paused=False
[2026-07-13T04:05:13.708187] _poll_chat: data=False
[2026-07-13T04:05:14.900008] _poll_chat: data=False
[2026-07-13T04:05:15.495147] _poll_commands: data={'1d4b5dfd6fa546eabf7b0fceccec629b': {'command': '.scan', 'id': 'd5edcd97c5074036b664d11dcfd8fc70', 'timestamp': '2026-07-13T03:50:20', 'type': 'rift_command'}, '270fa59f99ec4a42a5e88780f93a2708': {'command': '.scan', 'id': 'a80d55a0534345c6b961fd23281ec924', 'timestamp': '2026-07-13T03:51:10', 'type': 'rift_command'}, 'f3ca26254f6143a7bc480159171476ca': {'command': '.vision', 'id': 'e4ed75597ff54024a9be2f40a2f5ae79', 'timestamp': '2026-07-13T03:50:50', 'type': 'rift_command'}}, paused=False
[2026-07-13T04:05:16.089887] _poll_chat: data=False
[2026-07-13T04:05:17.274746] _poll_chat: data=False
[2026-07-13T04:05:17.691024] _poll_commands: data={'1d4b5dfd6fa546eabf7b0fceccec629b': {'command': '.scan', 'id': 'd5edcd97c5074036b664d11dcfd8fc70', 'timestamp': '2026-07-13T03:50:20', 'type': 'rift_command'}, '270fa59f99ec4a42a5e88780f93a2708': {'command': '.scan', 'id': 'a80d55a0534345c6b961fd23281ec924', 'timestamp': '2026-07-13T03:51:10', 'type': 'rift_command'}, 'f3ca26254f6143a7bc480159171476ca': {'command': '.vision', 'id': 'e4ed75597ff54024a9be2f40a2f5ae79', 'timestamp': '2026-07-13T03:50:50', 'type': 'rift_command'}}, paused=False
[2026-07-13T04:05:18.459966] _poll_chat: data=False
[2026-07-13T04:05:19.704137] _poll_chat: data=False
[2026-07-13T04:05:19.883717] _poll_commands: data={'1d4b5dfd6fa546eabf7b0fceccec629b': {'command': '.scan', 'id': 'd5edcd97c5074036b664d11dcfd8fc70', 'timestamp': '2026-07-13T03:50:20', 'type': 'rift_command'}, '270fa59f99ec4a42a5e88780f93a2708': {'command': '.scan', 'id': 'a80d55a0534345c6b961fd23281ec924', 'timestamp': '2026-07-13T03:51:10', 'type': 'rift_command'}, 'f3ca26254f6143a7bc480159171476ca': {'command': '.vision', 'id': 'e4ed75597ff54024a9be2f40a2f5ae79', 'timestamp': '2026-07-13T03:50:50', 'type': 'rift_command'}}, paused=False
[2026-07-13T04:05:20.897068] _poll_chat: data=False
[2026-07-13T04:05:22.077972] _poll_commands: data={'1d4b5dfd6fa546eabf7b0fceccec629b': {'command': '.scan', 'id': 'd5edcd97c5074036b664d11dcfd8fc70', 'timestamp': '2026-07-13T03:50:20', 'type': 'rift_command'}, '270fa59f99ec4a42a5e88780f93a2708': {'command': '.scan', 'id': 'a80d55a0534345c6b961fd23281ec924', 'timestamp': '2026-07-13T03:51:10', 'type': 'rift_command'}, 'f3ca26254f6143a7bc480159171476ca': {'command': '.vision', 'id': 'e4ed75597ff54024a9be2f40a2f5ae79', 'timestamp': '2026-07-13T03:50:50', 'type': 'rift_command'}}, paused=False
[2026-07-13T04:05:22.080553] _poll_chat: data=False
[2026-07-13T04:05:23.266203] _poll_chat: data=False
[2026-07-13T04:05:24.271409] _poll_commands: data={'1d4b5dfd6fa546eabf7b0fceccec629b': {'command': '.scan', 'id': 'd5edcd97c5074036b664d11dcfd8fc70', 'timestamp': '2026-07-13T03:50:20', 'type': 'rift_command'}, '270fa59f99ec4a42a5e88780f93a2708': {'command': '.scan', 'id': 'a80d55a0534345c6b961fd23281ec924', 'timestamp': '2026-07-13T03:51:10', 'type': 'rift_command'}, 'f3ca26254f6143a7bc480159171476ca': {'command': '.vision', 'id': 'e4ed75597ff54024a9be2f40a2f5ae79', 'timestamp': '2026-07-13T03:50:50', 'type': 'rift_command'}}, paused=False
[2026-07-13T04:05:24.454568] _poll_chat: data=False
[2026-07-13T04:05:25.641432] _poll_chat: data=False
[2026-07-13T04:05:26.469225] _poll_commands: data={'1d4b5dfd6fa546eabf7b0fceccec629b': {'command': '.scan', 'id': 'd5edcd97c5074036b664d11dcfd8fc70', 'timestamp': '2026-07-13T03:50:20', 'type': 'rift_command'}, '270fa59f99ec4a42a5e88780f93a2708': {'command': '.scan', 'id': 'a80d55a0534345c6b961fd23281ec924', 'timestamp': '2026-07-13T03:51:10', 'type': 'rift_command'}, 'f3ca26254f6143a7bc480159171476ca': {'command': '.vision', 'id': 'e4ed75597ff54024a9be2f40a2f5ae79', 'timestamp': '2026-07-13T03:50:50', 'type': 'rift_command'}}, paused=False
[2026-07-13T04:05:26.832542] _poll_chat: data=False
[2026-07-13T04:05:28.022353] _poll_chat: data=False
[2026-07-13T04:05:28.664208] _poll_commands: data={'1d4b5dfd6fa546eabf7b0fceccec629b': {'command': '.scan', 'id': 'd5edcd97c5074036b664d11dcfd8fc70', 'timestamp': '2026-07-13T03:50:20', 'type': 'rift_command'}, '270fa59f99ec4a42a5e88780f93a2708': {'command': '.scan', 'id': 'a80d55a0534345c6b961fd23281ec924', 'timestamp': '2026-07-13T03:51:10', 'type': 'rift_command'}, 'f3ca26254f6143a7bc480159171476ca': {'command': '.vision', 'id': 'e4ed75597ff54024a9be2f40a2f5ae79', 'timestamp': '2026-07-13T03:50:50', 'type': 'rift_command'}}, paused=False
[2026-07-13T04:05:29.211873] _poll_chat: data=False
[2026-07-13T04:05:30.399186] _poll_chat: data=False
[2026-07-13T04:05:30.853990] _poll_commands: data={'1d4b5dfd6fa546eabf7b0fceccec629b': {'command': '.scan', 'id': 'd5edcd97c5074036b664d11dcfd8fc70', 'timestamp': '2026-07-13T03:50:20', 'type': 'rift_command'}, '270fa59f99ec4a42a5e88780f93a2708': {'command': '.scan', 'id': 'a80d55a0534345c6b961fd23281ec924', 'timestamp': '2026-07-13T03:51:10', 'type': 'rift_command'}, 'f3ca26254f6143a7bc480159171476ca': {'command': '.vision', 'id': 'e4ed75597ff54024a9be2f40a2f5ae79', 'timestamp': '2026-07-13T03:50:50', 'type': 'rift_command'}}, paused=False
[2026-07-13T04:05:31.585379] _poll_chat: data=False
[2026-07-13T04:05:32.778083] _poll_chat: data=False
[2026-07-13T04:05:33.049109] _poll_commands: data={'1d4b5dfd6fa546eabf7b0fceccec629b': {'command': '.scan', 'id': 'd5edcd97c5074036b664d11dcfd8fc70', 'timestamp': '2026-07-13T03:50:20', 'type': 'rift_command'}, '270fa59f99ec4a42a5e88780f93a2708': {'command': '.scan', 'id': 'a80d55a0534345c6b961fd23281ec924', 'timestamp': '2026-07-13T03:51:10', 'type': 'rift_command'}, 'f3ca26254f6143a7bc480159171476ca': {'command': '.vision', 'id': 'e4ed75597ff54024a9be2f40a2f5ae79', 'timestamp': '2026-07-13T03:50:50', 'type': 'rift_command'}}, paused=False
[2026-07-13T04:05:33.969275] _poll_chat: data=False
[2026-07-13T04:05:35.155710] _poll_chat: data=False
[2026-07-13T04:05:35.243649] _poll_commands: data={'1d4b5dfd6fa546eabf7b0fceccec629b': {'command': '.scan', 'id': 'd5edcd97c5074036b664d11dcfd8fc70', 'timestamp': '2026-07-13T03:50:20', 'type': 'rift_command'}, '270fa59f99ec4a42a5e88780f93a2708': {'command': '.scan', 'id': 'a80d55a0534345c6b961fd23281ec924', 'timestamp': '2026-07-13T03:51:10', 'type': 'rift_command'}, 'f3ca26254f6143a7bc480159171476ca': {'command': '.vision', 'id': 'e4ed75597ff54024a9be2f40a2f5ae79', 'timestamp': '2026-07-13T03:50:50', 'type': 'rift_command'}}, paused=False
[2026-07-13T04:05:36.350878] _poll_chat: data=False
[2026-07-13T04:05:37.437192] _poll_commands: data={'1d4b5dfd6fa546eabf7b0fceccec629b': {'command': '.scan', 'id': 'd5edcd97c5074036b664d11dcfd8fc70', 'timestamp': '2026-07-13T03:50:20', 'type': 'rift_command'}, '270fa59f99ec4a42a5e88780f93a2708': {'command': '.scan', 'id': 'a80d55a0534345c6b961fd23281ec924', 'timestamp': '2026-07-13T03:51:10', 'type': 'rift_command'}, 'f3ca26254f6143a7bc480159171476ca': {'command': '.vision', 'id': 'e4ed75597ff54024a9be2f40a2f5ae79', 'timestamp': '2026-07-13T03:50:50', 'type': 'rift_command'}}, paused=False
[2026-07-13T04:05:37.542714] _poll_chat: data=False
[2026-07-13T04:05:38.732953] _poll_chat: data=False
[2026-07-13T04:05:39.633083] _poll_commands: data={'1d4b5dfd6fa546eabf7b0fceccec629b': {'command': '.scan', 'id': 'd5edcd97c5074036b664d11dcfd8fc70', 'timestamp': '2026-07-13T03:50:20', 'type': 'rift_command'}, '270fa59f99ec4a42a5e88780f93a2708': {'command': '.scan', 'id': 'a80d55a0534345c6b961fd23281ec924', 'timestamp': '2026-07-13T03:51:10', 'type': 'rift_command'}, 'f3ca26254f6143a7bc480159171476ca': {'command': '.vision', 'id': 'e4ed75597ff54024a9be2f40a2f5ae79', 'timestamp': '2026-07-13T03:50:50', 'type': 'rift_command'}}, paused=False
[2026-07-13T04:05:39.921059] _poll_chat: data=False
[2026-07-13T04:05:41.109334] _poll_chat: data=False
[2026-07-13T04:05:41.822266] _poll_commands: data={'1d4b5dfd6fa546eabf7b0fceccec629b': {'command': '.scan', 'id': 'd5edcd97c5074036b664d11dcfd8fc70', 'timestamp': '2026-07-13T03:50:20', 'type': 'rift_command'}, '270fa59f99ec4a42a5e88780f93a2708': {'command': '.scan', 'id': 'a80d55a0534345c6b961fd23281ec924', 'timestamp': '2026-07-13T03:51:10', 'type': 'rift_command'}, 'f3ca26254f6143a7bc480159171476ca': {'command': '.vision', 'id': 'e4ed75597ff54024a9be2f40a2f5ae79', 'timestamp': '2026-07-13T03:50:50', 'type': 'rift_command'}}, paused=False
[2026-07-13T04:05:42.377917] _poll_chat: data=False
[2026-07-13T04:05:43.564488] _poll_chat: data=False
[2026-07-13T04:05:44.015350] _poll_commands: data={'1d4b5dfd6fa546eabf7b0fceccec629b': {'command': '.scan', 'id': 'd5edcd97c5074036b664d11dcfd8fc70', 'timestamp': '2026-07-13T03:50:20', 'type': 'rift_command'}, '270fa59f99ec4a42a5e88780f93a2708': {'command': '.scan', 'id': 'a80d55a0534345c6b961fd23281ec924', 'timestamp': '2026-07-13T03:51:10', 'type': 'rift_command'}, 'f3ca26254f6143a7bc480159171476ca': {'command': '.vision', 'id': 'e4ed75597ff54024a9be2f40a2f5ae79', 'timestamp': '2026-07-13T03:50:50', 'type': 'rift_command'}}, paused=False
[2026-07-13T04:05:44.751152] _poll_chat: data=False
[2026-07-13T04:05:45.939714] _poll_chat: data=False
[2026-07-13T04:05:46.203402] _poll_commands: data={'1d4b5dfd6fa546eabf7b0fceccec629b': {'command': '.scan', 'id': 'd5edcd97c5074036b664d11dcfd8fc70', 'timestamp': '2026-07-13T03:50:20', 'type': 'rift_command'}, '270fa59f99ec4a42a5e88780f93a2708': {'command': '.scan', 'id': 'a80d55a0534345c6b961fd23281ec924', 'timestamp': '2026-07-13T03:51:10', 'type': 'rift_command'}, 'f3ca26254f6143a7bc480159171476ca': {'command': '.vision', 'id': 'e4ed75597ff54024a9be2f40a2f5ae79', 'timestamp': '2026-07-13T03:50:50', 'type': 'rift_command'}}, paused=False
[2026-07-13T04:05:47.129283] _poll_chat: data=False
[2026-07-13T04:05:48.320627] _poll_chat: data=False
[2026-07-13T04:05:48.398934] _poll_commands: data={'1d4b5dfd6fa546eabf7b0fceccec629b': {'command': '.scan', 'id': 'd5edcd97c5074036b664d11dcfd8fc70', 'timestamp': '2026-07-13T03:50:20', 'type': 'rift_command'}, '270fa59f99ec4a42a5e88780f93a2708': {'command': '.scan', 'id': 'a80d55a0534345c6b961fd23281ec924', 'timestamp': '2026-07-13T03:51:10', 'type': 'rift_command'}, 'f3ca26254f6143a7bc480159171476ca': {'command': '.vision', 'id': 'e4ed75597ff54024a9be2f40a2f5ae79', 'timestamp': '2026-07-13T03:50:50', 'type': 'rift_command'}}, paused=False
[2026-07-13T04:05:49.516004] _poll_chat: data=False
[2026-07-13T04:05:50.586136] _poll_commands: data={'1d4b5dfd6fa546eabf7b0fceccec629b': {'command': '.scan', 'id': 'd5edcd97c5074036b664d11dcfd8fc70', 'timestamp': '2026-07-13T03:50:20', 'type': 'rift_command'}, '270fa59f99ec4a42a5e88780f93a2708': {'command': '.scan', 'id': 'a80d55a0534345c6b961fd23281ec924', 'timestamp': '2026-07-13T03:51:10', 'type': 'rift_command'}, 'f3ca26254f6143a7bc480159171476ca': {'command': '.vision', 'id': 'e4ed75597ff54024a9be2f40a2f5ae79', 'timestamp': '2026-07-13T03:50:50', 'type': 'rift_command'}}, paused=False
[2026-07-13T04:05:50.710714] _poll_chat: data=False
[2026-07-13T04:05:51.900801] _poll_chat: data=False
[2026-07-13T04:05:52.776326] _poll_commands: data={'1d4b5dfd6fa546eabf7b0fceccec629b': {'command': '.scan', 'id': 'd5edcd97c5074036b664d11dcfd8fc70', 'timestamp': '2026-07-13T03:50:20', 'type': 'rift_command'}, '270fa59f99ec4a42a5e88780f93a2708': {'command': '.scan', 'id': 'a80d55a0534345c6b961fd23281ec924', 'timestamp': '2026-07-13T03:51:10', 'type': 'rift_command'}, 'f3ca26254f6143a7bc480159171476ca': {'command': '.vision', 'id': 'e4ed75597ff54024a9be2f40a2f5ae79', 'timestamp': '2026-07-13T03:50:50', 'type': 'rift_command'}}, paused=False
[2026-07-13T04:05:53.086834] _poll_chat: data=False
[2026-07-13T04:05:54.271619] _poll_chat: data=False
[2026-07-13T04:05:54.967319] _poll_commands: data={'1d4b5dfd6fa546eabf7b0fceccec629b': {'command': '.scan', 'id': 'd5edcd97c5074036b664d11dcfd8fc70', 'timestamp': '2026-07-13T03:50:20', 'type': 'rift_command'}, '270fa59f99ec4a42a5e88780f93a2708': {'command': '.scan', 'id': 'a80d55a0534345c6b961fd23281ec924', 'timestamp': '2026-07-13T03:51:10', 'type': 'rift_command'}, 'f3ca26254f6143a7bc480159171476ca': {'command': '.vision', 'id': 'e4ed75597ff54024a9be2f40a2f5ae79', 'timestamp': '2026-07-13T03:50:50', 'type': 'rift_command'}}, paused=False
[2026-07-13T04:05:55.459204] _poll_chat: data=False
[2026-07-13T04:05:56.651154] _poll_chat: data=False
[2026-07-13T04:05:57.157308] _poll_commands: data={'1d4b5dfd6fa546eabf7b0fceccec629b': {'command': '.scan', 'id': 'd5edcd97c5074036b664d11dcfd8fc70', 'timestamp': '2026-07-13T03:50:20', 'type': 'rift_command'}, '270fa59f99ec4a42a5e88780f93a2708': {'command': '.scan', 'id': 'a80d55a0534345c6b961fd23281ec924', 'timestamp': '2026-07-13T03:51:10', 'type': 'rift_command'}, 'f3ca26254f6143a7bc480159171476ca': {'command': '.vision', 'id': 'e4ed75597ff54024a9be2f40a2f5ae79', 'timestamp': '2026-07-13T03:50:50', 'type': 'rift_command'}}, paused=False
[2026-07-13T04:05:57.841630] _poll_chat: data=False
[2026-07-13T04:05:59.035630] _poll_chat: data=False
[2026-07-13T04:05:59.352971] _poll_commands: data={'1d4b5dfd6fa546eabf7b0fceccec629b': {'command': '.scan', 'id': 'd5edcd97c5074036b664d11dcfd8fc70', 'timestamp': '2026-07-13T03:50:20', 'type': 'rift_command'}, '270fa59f99ec4a42a5e88780f93a2708': {'command': '.scan', 'id': 'a80d55a0534345c6b961fd23281ec924', 'timestamp': '2026-07-13T03:51:10', 'type': 'rift_command'}, 'f3ca26254f6143a7bc480159171476ca': {'command': '.vision', 'id': 'e4ed75597ff54024a9be2f40a2f5ae79', 'timestamp': '2026-07-13T03:50:50', 'type': 'rift_command'}}, paused=False
[2026-07-13T04:06:00.223141] _poll_chat: data=False
[2026-07-13T04:06:01.406209] _poll_chat: data=False
[2026-07-13T04:06:01.546900] _poll_commands: data={'1d4b5dfd6fa546eabf7b0fceccec629b': {'command': '.scan', 'id': 'd5edcd97c5074036b664d11dcfd8fc70', 'timestamp': '2026-07-13T03:50:20', 'type': 'rift_command'}, '270fa59f99ec4a42a5e88780f93a2708': {'command': '.scan', 'id': 'a80d55a0534345c6b961fd23281ec924', 'timestamp': '2026-07-13T03:51:10', 'type': 'rift_command'}, 'f3ca26254f6143a7bc480159171476ca': {'command': '.vision', 'id': 'e4ed75597ff54024a9be2f40a2f5ae79', 'timestamp': '2026-07-13T03:50:50', 'type': 'rift_command'}}, paused=False
[2026-07-13T04:06:02.590933] _poll_chat: data=False
[2026-07-13T04:06:03.739332] _poll_commands: data={'1d4b5dfd6fa546eabf7b0fceccec629b': {'command': '.scan', 'id': 'd5edcd97c5074036b664d11dcfd8fc70', 'timestamp': '2026-07-13T03:50:20', 'type': 'rift_command'}, '270fa59f99ec4a42a5e88780f93a2708': {'command': '.scan', 'id': 'a80d55a0534345c6b961fd23281ec924', 'timestamp': '2026-07-13T03:51:10', 'type': 'rift_command'}, 'f3ca26254f6143a7bc480159171476ca': {'command': '.vision', 'id': 'e4ed75597ff54024a9be2f40a2f5ae79', 'timestamp': '2026-07-13T03:50:50', 'type': 'rift_command'}}, paused=False
[2026-07-13T04:06:03.777938] _poll_chat: data=False
[2026-07-13T04:06:04.964285] _poll_chat: data=False
[2026-07-13T04:06:05.931890] _poll_commands: data={'1d4b5dfd6fa546eabf7b0fceccec629b': {'command': '.scan', 'id': 'd5edcd97c5074036b664d11dcfd8fc70', 'timestamp': '2026-07-13T03:50:20', 'type': 'rift_command'}, '270fa59f99ec4a42a5e88780f93a2708': {'command': '.scan', 'id': 'a80d55a0534345c6b961fd23281ec924', 'timestamp': '2026-07-13T03:51:10', 'type': 'rift_command'}, 'f3ca26254f6143a7bc480159171476ca': {'command': '.vision', 'id': 'e4ed75597ff54024a9be2f40a2f5ae79', 'timestamp': '2026-07-13T03:50:50', 'type': 'rift_command'}}, paused=False
[2026-07-13T04:06:06.154578] _poll_chat: data=False
[2026-07-13T04:06:07.343247] _poll_chat: data=False
[2026-07-13T04:06:08.126936] _poll_commands: data={'1d4b5dfd6fa546eabf7b0fceccec629b': {'command': '.scan', 'id': 'd5edcd97c5074036b664d11dcfd8fc70', 'timestamp': '2026-07-13T03:50:20', 'type': 'rift_command'}, '270fa59f99ec4a42a5e88780f93a2708': {'command': '.scan', 'id': 'a80d55a0534345c6b961fd23281ec924', 'timestamp': '2026-07-13T03:51:10', 'type': 'rift_command'}, 'f3ca26254f6143a7bc480159171476ca': {'command': '.vision', 'id': 'e4ed75597ff54024a9be2f40a2f5ae79', 'timestamp': '2026-07-13T03:50:50', 'type': 'rift_command'}}, paused=False
[2026-07-13T04:06:08.533916] _poll_chat: data=False
[2026-07-13T04:06:09.726721] _poll_chat: data=False
[2026-07-13T04:06:10.315868] _poll_commands: data={'1d4b5dfd6fa546eabf7b0fceccec629b': {'command': '.scan', 'id': 'd5edcd97c5074036b664d11dcfd8fc70', 'timestamp': '2026-07-13T03:50:20', 'type': 'rift_command'}, '270fa59f99ec4a42a5e88780f93a2708': {'command': '.scan', 'id': 'a80d55a0534345c6b961fd23281ec924', 'timestamp': '2026-07-13T03:51:10', 'type': 'rift_command'}, 'f3ca26254f6143a7bc480159171476ca': {'command': '.vision', 'id': 'e4ed75597ff54024a9be2f40a2f5ae79', 'timestamp': '2026-07-13T03:50:50', 'type': 'rift_command'}}, paused=False
[2026-07-13T04:06:10.912027] _poll_chat: data=False
[2026-07-13T04:06:12.102160] _poll_chat: data=False
